-- phpMyAdmin SQL Dump
-- version 5.1.1
-- https://www.phpmyadmin.net/
--
-- Host: localhost:8889
-- Generation Time: Jul 04, 2022 at 05:08 PM
-- Server version: 5.7.34
-- PHP Version: 7.4.21

SET SQL_MODE = "NO_AUTO_VALUE_ON_ZERO";
START TRANSACTION;
SET time_zone = "+00:00";


/*!40101 SET @OLD_CHARACTER_SET_CLIENT=@@CHARACTER_SET_CLIENT */;
/*!40101 SET @OLD_CHARACTER_SET_RESULTS=@@CHARACTER_SET_RESULTS */;
/*!40101 SET @OLD_COLLATION_CONNECTION=@@COLLATION_CONNECTION */;
/*!40101 SET NAMES utf8mb4 */;

--
-- Database: `hotelia`
--

-- --------------------------------------------------------

--
-- Table structure for table `admins`
--

CREATE TABLE `admins` (
  `id` bigint(20) UNSIGNED NOT NULL,
  `role_id` int(11) DEFAULT NULL,
  `first_name` varchar(255) COLLATE utf8mb4_unicode_ci NOT NULL,
  `last_name` varchar(255) COLLATE utf8mb4_unicode_ci NOT NULL,
  `image` varchar(255) COLLATE utf8mb4_unicode_ci DEFAULT NULL,
  `username` varchar(255) COLLATE utf8mb4_unicode_ci NOT NULL,
  `email` varchar(255) COLLATE utf8mb4_unicode_ci NOT NULL,
  `password` varchar(255) COLLATE utf8mb4_unicode_ci NOT NULL,
  `status` tinyint(4) NOT NULL DEFAULT '1',
  `created_at` timestamp NULL DEFAULT NULL,
  `updated_at` timestamp NULL DEFAULT NULL
) ENGINE=InnoDB DEFAULT CHARSET=utf8mb4 COLLATE=utf8mb4_unicode_ci;

--
-- Dumping data for table `admins`
--

INSERT INTO `admins` (`id`, `role_id`, `first_name`, `last_name`, `image`, `username`, `email`, `password`, `status`, `created_at`, `updated_at`) VALUES
(1, NULL, 'John', 'Doe', '1623739817.jpg', 'admin', 'admin@gmail.com', '$2y$10$3czmvcKcqGjPp6aE/gO2w..H7v7.YtzzshMMh0PA3fTiSBQOqBtV6', 1, NULL, '2021-06-15 00:50:17');

-- --------------------------------------------------------

--
-- Table structure for table `basic_settings`
--

CREATE TABLE `basic_settings` (
  `id` bigint(20) UNSIGNED NOT NULL,
  `uniqid` int(10) UNSIGNED NOT NULL DEFAULT '12345' COMMENT 'This column is going to be used for fetching the information from db.',
  `favicon` varchar(255) DEFAULT NULL,
  `logo` varchar(255) DEFAULT NULL,
  `website_title` varchar(255) NOT NULL,
  `support_email` varchar(255) DEFAULT NULL,
  `support_contact` varchar(255) DEFAULT NULL,
  `address` varchar(255) NOT NULL,
  `base_currency_symbol` varchar(255) NOT NULL,
  `base_currency_symbol_position` varchar(20) NOT NULL,
  `base_currency_text` varchar(20) NOT NULL,
  `base_currency_text_position` varchar(20) NOT NULL,
  `base_currency_rate` decimal(8,2) NOT NULL,
  `primary_color` varchar(30) NOT NULL,
  `secondary_color` varchar(30) NOT NULL,
  `breadcrumb_overlay_color` varchar(30) NOT NULL,
  `breadcrumb_overlay_opacity` decimal(4,2) NOT NULL,
  `smtp_status` tinyint(4) NOT NULL,
  `smtp_host` varchar(255) NOT NULL,
  `smtp_port` int(11) NOT NULL,
  `encryption` varchar(50) NOT NULL,
  `smtp_username` varchar(255) NOT NULL,
  `smtp_password` varchar(255) NOT NULL,
  `from_mail` varchar(255) NOT NULL,
  `from_name` varchar(255) NOT NULL,
  `to_mail` varchar(255) NOT NULL,
  `breadcrumb` varchar(255) NOT NULL DEFAULT 'test.jpg',
  `google_recaptcha_status` tinyint(4) DEFAULT NULL,
  `google_recaptcha_site_key` varchar(255) DEFAULT NULL,
  `google_recaptcha_secret_key` varchar(255) DEFAULT NULL,
  `maintenance_img` varchar(255) NOT NULL,
  `maintenance_status` tinyint(4) NOT NULL,
  `maintenance_msg` text NOT NULL,
  `secret_path` varchar(255) DEFAULT NULL,
  `announcement_img` varchar(255) DEFAULT NULL,
  `announcement_status` tinyint(4) DEFAULT NULL,
  `popup_delay` decimal(4,2) DEFAULT NULL,
  `footer_logo` varchar(255) DEFAULT NULL,
  `room_category_status` tinyint(4) NOT NULL DEFAULT '1' COMMENT '0 - deactive, 1 - active',
  `package_category_status` tinyint(3) UNSIGNED NOT NULL,
  `room_rating_status` tinyint(3) UNSIGNED NOT NULL,
  `package_rating_status` tinyint(3) UNSIGNED NOT NULL,
  `room_guest_checkout_status` tinyint(3) UNSIGNED NOT NULL,
  `package_guest_checkout_status` tinyint(3) UNSIGNED NOT NULL,
  `theme_version` varchar(255) NOT NULL DEFAULT 'theme_one',
  `home_version` varchar(20) NOT NULL DEFAULT 'slider',
  `is_disqus` tinyint(4) NOT NULL DEFAULT '1' COMMENT '1 - active, 0 - deactive',
  `disqus_shortname` varchar(255) NOT NULL,
  `is_tawkto` tinyint(4) NOT NULL DEFAULT '1',
  `tawkto_property_id` varchar(255) DEFAULT NULL,
  `is_whatsapp` tinyint(4) NOT NULL DEFAULT '1',
  `whatsapp_number` varchar(50) DEFAULT NULL,
  `whatsapp_header_title` varchar(255) DEFAULT NULL,
  `whatsapp_popup_message` text,
  `whatsapp_popup` tinyint(4) NOT NULL DEFAULT '1',
  `latitude` varchar(255) DEFAULT NULL,
  `longitude` varchar(255) DEFAULT NULL,
  `preloader_status` tinyint(4) NOT NULL DEFAULT '1' COMMENT '1 - active, 0 - deactive',
  `preloader` varchar(50) DEFAULT NULL,
  `hero_video_link` text,
  `notification_image` varchar(255) DEFAULT NULL,
  `qr_image` varchar(255) DEFAULT NULL,
  `qr_color` varchar(255) NOT NULL DEFAULT '000000',
  `qr_size` int(10) UNSIGNED NOT NULL DEFAULT '250',
  `qr_style` varchar(255) NOT NULL DEFAULT 'square',
  `qr_eye_style` varchar(255) NOT NULL DEFAULT 'square',
  `qr_margin` int(10) UNSIGNED NOT NULL DEFAULT '0',
  `qr_text` varchar(255) DEFAULT NULL,
  `qr_text_color` varchar(255) NOT NULL DEFAULT '000000',
  `qr_text_size` int(10) UNSIGNED NOT NULL DEFAULT '15',
  `qr_text_x` int(10) UNSIGNED NOT NULL DEFAULT '50',
  `qr_text_y` int(10) UNSIGNED NOT NULL DEFAULT '50',
  `qr_inserted_image` varchar(255) DEFAULT NULL,
  `qr_inserted_image_size` int(10) UNSIGNED NOT NULL DEFAULT '20',
  `qr_inserted_image_x` int(10) UNSIGNED NOT NULL DEFAULT '50',
  `qr_inserted_image_y` int(10) UNSIGNED NOT NULL DEFAULT '50',
  `qr_type` varchar(255) NOT NULL DEFAULT 'default' COMMENT 'default, image, text',
  `qr_url` varchar(255) DEFAULT NULL,
  `facebook_login_status` tinyint(3) UNSIGNED NOT NULL DEFAULT '1' COMMENT '1 -> active, 0 -> deactive',
  `facebook_app_id` varchar(255) DEFAULT NULL,
  `facebook_app_secret` varchar(255) DEFAULT NULL,
  `google_login_status` tinyint(3) UNSIGNED NOT NULL DEFAULT '1' COMMENT '1 -> active, 0 -> deactive',
  `google_client_id` varchar(255) DEFAULT NULL,
  `google_client_secret` varchar(255) DEFAULT NULL
) ENGINE=InnoDB DEFAULT CHARSET=utf8mb4;

--
-- Dumping data for table `basic_settings`
--

INSERT INTO `basic_settings` (`id`, `uniqid`, `favicon`, `logo`, `website_title`, `support_email`, `support_contact`, `address`, `base_currency_symbol`, `base_currency_symbol_position`, `base_currency_text`, `base_currency_text_position`, `base_currency_rate`, `primary_color`, `secondary_color`, `breadcrumb_overlay_color`, `breadcrumb_overlay_opacity`, `smtp_status`, `smtp_host`, `smtp_port`, `encryption`, `smtp_username`, `smtp_password`, `from_mail`, `from_name`, `to_mail`, `breadcrumb`, `google_recaptcha_status`, `google_recaptcha_site_key`, `google_recaptcha_secret_key`, `maintenance_img`, `maintenance_status`, `maintenance_msg`, `secret_path`, `announcement_img`, `announcement_status`, `popup_delay`, `footer_logo`, `room_category_status`, `package_category_status`, `room_rating_status`, `package_rating_status`, `room_guest_checkout_status`, `package_guest_checkout_status`, `theme_version`, `home_version`, `is_disqus`, `disqus_shortname`, `is_tawkto`, `tawkto_property_id`, `is_whatsapp`, `whatsapp_number`, `whatsapp_header_title`, `whatsapp_popup_message`, `whatsapp_popup`, `latitude`, `longitude`, `preloader_status`, `preloader`, `hero_video_link`, `notification_image`, `qr_image`, `qr_color`, `qr_size`, `qr_style`, `qr_eye_style`, `qr_margin`, `qr_text`, `qr_text_color`, `qr_text_size`, `qr_text_x`, `qr_text_y`, `qr_inserted_image`, `qr_inserted_image_size`, `qr_inserted_image_x`, `qr_inserted_image_y`, `qr_type`, `qr_url`, `facebook_login_status`, `facebook_app_id`, `facebook_app_secret`, `google_login_status`, `google_client_id`, `google_client_secret`) VALUES
(1, 12345, '1630130004.png', '1630128686.png', 'Hotelia', 'contact@hotelia.com', '0123456789', 'Dhaka, Bangladesh', '$', 'left', 'USD', 'left', '1.00', 'FEA116', '0F172B', '0F172B', '0.76', 1, 'nl1-sr12.supercp.com', 587, 'TLS', 'admin@kreativdev.com', 'ZAOP!~rSk~gb', 'admin@kreativdev.com', 'Hotelia', 'kreativdev.envato@gmail.com', '1630136019.jpg', 0, '6LeJdwEbAAAAAMTYn_I2GN0iLSa25ja1GG30YZsZ', '6LeJdwEbAAAAAOG9wjJGyLk6BVh-X513O6GNtqLb', '1630136107.png', 0, 'We are upgrading our site. We will come back soon. \r\nPlease stay with us.\r\nThank you.', 'secret', '1621420908.jpg', 1, '2.00', '1624260797.png', 1, 1, 1, 1, 1, 1, 'theme_one', 'slider', 1, 'hotelia', 0, '60b886bbde99a4282a1b22a3', 1, '+8801689583182', 'Hi, There!', 'If you have any issues, let us know', 1, '-37.816600010369356', '144.67765553658612', 1, '60b9cd2505083.gif', 'https://www.youtube.com/watch?v=RarL8emb0cg', '626a21c417ca4.png', '62c1687112190.png', '000000', 250, 'square', 'square', 0, NULL, '000000', 15, 50, 50, NULL, 20, 50, 50, 'default', 'https://hotelia-demo.test:8890/demo', 1, '366036485487114', '9113c8d88ad0b1ac2fe8701b58b6a0ce', 1, '618103441187-drloi3g149v1cta08kt07pb1pou536h1.apps.googleusercontent.com', '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');

-- --------------------------------------------------------

--
-- Table structure for table `blogs`
--

CREATE TABLE `blogs` (
  `id` bigint(20) UNSIGNED NOT NULL,
  `blog_img` varchar(255) COLLATE utf8mb4_unicode_ci NOT NULL,
  `serial_number` int(11) NOT NULL,
  `created_at` timestamp NULL DEFAULT NULL,
  `updated_at` timestamp NULL DEFAULT NULL
) ENGINE=InnoDB DEFAULT CHARSET=utf8mb4 COLLATE=utf8mb4_unicode_ci;

--
-- Dumping data for table `blogs`
--

INSERT INTO `blogs` (`id`, `blog_img`, `serial_number`, `created_at`, `updated_at`) VALUES
(11, '1623651596.jpg', 1, '2021-06-14 00:19:56', '2021-06-14 00:19:56'),
(12, '1623651794.jpg', 2, '2021-06-14 00:23:14', '2021-06-14 00:23:14'),
(13, '1623651866.jpg', 3, '2021-06-14 00:24:26', '2021-06-14 00:24:26'),
(14, '1623651967.jpg', 4, '2021-06-14 00:26:07', '2021-06-14 00:26:07'),
(15, '1623652108.jpg', 5, '2021-06-14 00:28:28', '2021-06-14 00:28:28'),
(16, '1623652157.jpg', 6, '2021-06-14 00:29:17', '2021-06-14 00:29:17');

-- --------------------------------------------------------

--
-- Table structure for table `blog_categories`
--

CREATE TABLE `blog_categories` (
  `id` bigint(20) UNSIGNED NOT NULL,
  `language_id` bigint(20) UNSIGNED NOT NULL,
  `name` varchar(255) COLLATE utf8mb4_unicode_ci NOT NULL,
  `status` tinyint(4) NOT NULL,
  `serial_number` int(11) NOT NULL,
  `created_at` timestamp NULL DEFAULT NULL,
  `updated_at` timestamp NULL DEFAULT NULL
) ENGINE=InnoDB DEFAULT CHARSET=utf8mb4 COLLATE=utf8mb4_unicode_ci;

--
-- Dumping data for table `blog_categories`
--

INSERT INTO `blog_categories` (`id`, `language_id`, `name`, `status`, `serial_number`, `created_at`, `updated_at`) VALUES
(9, 7, 'Luxury', 1, 1, '2021-06-14 00:16:33', '2021-06-14 00:16:33'),
(10, 7, 'Tour Places', 1, 2, '2021-06-14 00:16:47', '2021-06-14 00:16:47'),
(11, 7, 'Vacations', 1, 3, '2021-06-14 00:16:56', '2021-06-14 00:16:56'),
(12, 8, 'فخم. ترف', 1, 1, '2021-06-14 00:17:19', '2021-06-14 00:17:19'),
(13, 8, 'الأماكن السياحية', 1, 2, '2021-06-14 00:17:30', '2021-06-14 00:17:30'),
(14, 8, 'الاجازات', 1, 3, '2021-06-14 00:17:42', '2021-06-14 00:17:42');

-- --------------------------------------------------------

--
-- Table structure for table `blog_contents`
--

CREATE TABLE `blog_contents` (
  `id` bigint(20) UNSIGNED NOT NULL,
  `language_id` bigint(20) UNSIGNED NOT NULL,
  `blog_category_id` bigint(20) UNSIGNED NOT NULL,
  `blog_id` bigint(20) UNSIGNED NOT NULL,
  `title` varchar(255) COLLATE utf8mb4_unicode_ci NOT NULL,
  `slug` varchar(255) COLLATE utf8mb4_unicode_ci NOT NULL,
  `content` blob NOT NULL,
  `meta_keywords` varchar(255) COLLATE utf8mb4_unicode_ci DEFAULT NULL,
  `meta_description` text COLLATE utf8mb4_unicode_ci,
  `created_at` timestamp NULL DEFAULT NULL,
  `updated_at` timestamp NULL DEFAULT NULL
) ENGINE=InnoDB DEFAULT CHARSET=utf8mb4 COLLATE=utf8mb4_unicode_ci;

--
-- Dumping data for table `blog_contents`
--

INSERT INTO `blog_contents` (`id`, `language_id`, `blog_category_id`, `blog_id`, `title`, `slug`, `content`, `meta_keywords`, `meta_description`, `created_at`, `updated_at`) VALUES
(23, 7, 9, 11, 'IT’S HERE: The Hotel Chocolat Easter Range 2021!', 'it’s-here:-the-hotel-chocolat-easter-range-2021!', 0x3c70207374796c653d22746578742d616c69676e3a6a7573746966793b666f6e742d66616d696c793a274f70656e2053616e73272c20417269616c2c2073616e732d73657269663b223e546865726520617265206d616e7920766172696174696f6e73206f66207061737361676573206f66204c6f72656d20497073756d20617661696c61626c652c2062757420746865206d616a6f72697479206861766520737566666572656420616c7465726174696f6e20696e20736f6d6520666f726d2c20627920696e6a65637465642068756d6f75722c206f722072616e646f6d6973656420776f72647320776869636820646f6e2774206c6f6f6b206576656e20736c696768746c792062656c69657661626c652e20496620796f752061726520676f696e6720746f2075736520612070617373616765206f66204c6f72656d20497073756d2c20796f75206e65656420746f20626520737572652074686572652069736e277420616e797468696e6720656d62617272617373696e672068696464656e20696e20746865206d6964646c65206f6620746578742e20416c6c20746865204c6f72656d20497073756d2067656e657261746f7273206f6e2074686520496e7465726e65742074656e6420746f2072657065617420707265646566696e6564206368756e6b73206173206e65636573736172792c206d616b696e6720746869732074686520666972737420747275652067656e657261746f72206f6e2074686520496e7465726e65742e204974207573657320612064696374696f6e617279206f66206f76657220323030204c6174696e20776f7264732c20636f6d62696e6564207769746820612068616e6466756c206f66206d6f64656c2073656e74656e636520737472756374757265732c20746f2067656e6572617465204c6f72656d20497073756d207768696368206c6f6f6b7320726561736f6e61626c652e205468652067656e657261746564204c6f72656d20497073756d206973207468657265666f726520616c7761797320667265652066726f6d2072657065746974696f6e2c20696e6a65637465642068756d6f75722c206f72206e6f6e2d636861726163746572697374696320776f726473206574632e3c2f703e, NULL, NULL, '2021-06-14 00:19:56', '2021-06-14 00:19:56'),
(24, 8, 12, 11, 'إنه هنا: فندق شوكولاتة عيد الفصح 2021!', 'إنه-هنا:-فندق-شوكولاتة-عيد-الفصح-2021!', 0x3c70207374796c653d22746578742d616c69676e3a6a7573746966793b666f6e742d66616d696c793a274f70656e2053616e73272c20417269616c2c2073616e732d73657269663b223ed8aed984d8a7d981d8a7d98e20d984d984d8a5d8b9d8aad982d8a7d8af20d8a7d984d8b3d8a7d8a6d8af20d981d8a5d98620d984d988d8b1d98ad98520d8a5d98ad8a8d8b3d988d98520d984d98ad8b320d986d8b5d8a7d98e20d8b9d8b4d988d8a7d8a6d98ad8a7d98bd88c20d8a8d98420d8a5d98620d984d98720d8acd8b0d988d8b120d981d98a20d8a7d984d8a3d8afd8a820d8a7d984d984d8a7d8aad98ad986d98a20d8a7d984d983d984d8a7d8b3d98ad983d98a20d985d986d8b020d8a7d984d8b9d8a7d98520343520d982d8a8d98420d8a7d984d985d98ad984d8a7d8afd88c20d985d985d8a720d98ad8acd8b9d984d98720d8a3d983d8abd8b120d985d986203230303020d8b9d8a7d98520d981d98a20d8a7d984d982d8afd9852e20d982d8a7d98520d8a7d984d8a8d8b1d988d981d98ad8b3d988d8b12022d8b1d98ad8aad8b4d8a7d8b1d8af20d985d8a7d98320d984d98ad986d8aad988d98322202852696368617264204d63436c696e746f636b2920d988d987d98820d8a8d8b1d988d981d98ad8b3d988d8b120d8a7d984d984d8bad8a920d8a7d984d984d8a7d8aad98ad986d98ad8a920d981d98a20d8acd8a7d985d8b9d8a920d987d8a7d985d8a8d8afd9862dd8b3d98ad8afd986d98a20d981d98a20d981d98ad8b1d8acd98ad986d98ad8a720d8a8d8a7d984d8a8d8add8ab20d8b9d98620d8a3d8b5d988d98420d983d984d985d8a920d984d8a7d8aad98ad986d98ad8a920d8bad8a7d985d8b6d8a920d981d98a20d986d8b520d984d988d8b1d98ad98520d8a5d98ad8a8d8b3d988d98520d988d987d98a2022636f6e736563746574757222d88c20d988d8aed984d8a7d98420d8aad8aad8a8d8b9d98720d984d987d8b0d98720d8a7d984d983d984d985d8a920d981d98a20d8a7d984d8a3d8afd8a820d8a7d984d984d8a7d8aad98ad986d98a20d8a7d983d8aad8b4d98120d8a7d984d985d8b5d8afd8b120d8a7d984d8bad98ad8b120d982d8a7d8a8d98420d984d984d8b4d9832e20d981d984d982d8af20d8a7d8aad8b6d8ad20d8a3d98620d983d984d985d8a7d8aa20d986d8b520d984d988d8b1d98ad98520d8a5d98ad8a8d8b3d988d98520d8aad8a3d8aad98a20d985d98620d8a7d984d8a3d982d8b3d8a7d98520312e31302e333220d98820312e31302e333320d985d98620d983d8aad8a7d8a82022d8add988d98420d8a3d982d8a7d8b5d98a20d8a7d984d8aed98ad8b120d988d8a7d984d8b4d8b122202864652046696e6962757320426f6e6f72756d206574204d616c6f72756d2920d984d984d985d981d983d8b120d8b4d98ad8b4d98ad8b1d988d986202843696365726f2920d988d8a7d984d8b0d98a20d983d8aad8a8d98720d981d98a20d8b9d8a7d98520343520d982d8a8d98420d8a7d984d985d98ad984d8a7d8af2e20d987d8b0d8a720d8a7d984d983d8aad8a7d8a820d987d98820d8a8d985d8abd8a7d8a8d8a920d985d982d8a7d984d8a920d8b9d984d985d98ad8a920d985d8b7d988d984d8a920d981d98a20d986d8b8d8b1d98ad8a920d8a7d984d8a3d8aed984d8a7d982d88c20d988d983d8a7d98620d984d98720d8b4d8b9d8a8d98ad8a920d983d8a8d98ad8b1d8a920d981d98a20d8b9d8b5d8b120d8a7d984d986d987d8b6d8a92e20d8a7d984d8b3d8b7d8b120d8a7d984d8a3d988d98420d985d98620d984d988d8b1d98ad98520d8a5d98ad8a8d8b3d988d98520224c6f72656d20697073756d20646f6c6f722073697420616d65742e2e2220d98ad8a3d8aad98a20d985d98620d8b3d8b7d8b120d981d98a20d8a7d984d982d8b3d98520312e32302e333220d985d98620d987d8b0d8a720d8a7d984d983d8aad8a7d8a82e3c2f703e, NULL, NULL, '2021-06-14 00:19:56', '2021-06-14 00:19:56'),
(25, 7, 9, 12, 'World’s Best Virgin Pina Colada Recipe!', 'world’s-best-virgin-pina-colada-recipe!', 0x3c70207374796c653d22746578742d616c69676e3a6a7573746966793b666f6e742d66616d696c793a274f70656e2053616e73272c20417269616c2c2073616e732d73657269663b223e546865726520617265206d616e7920766172696174696f6e73206f66207061737361676573206f66204c6f72656d20497073756d20617661696c61626c652c2062757420746865206d616a6f72697479206861766520737566666572656420616c7465726174696f6e20696e20736f6d6520666f726d2c20627920696e6a65637465642068756d6f75722c206f722072616e646f6d6973656420776f72647320776869636820646f6e2774206c6f6f6b206576656e20736c696768746c792062656c69657661626c652e20496620796f752061726520676f696e6720746f2075736520612070617373616765206f66204c6f72656d20497073756d2c20796f75206e65656420746f20626520737572652074686572652069736e277420616e797468696e6720656d62617272617373696e672068696464656e20696e20746865206d6964646c65206f6620746578742e20416c6c20746865204c6f72656d20497073756d2067656e657261746f7273206f6e2074686520496e7465726e65742074656e6420746f2072657065617420707265646566696e6564206368756e6b73206173206e65636573736172792c206d616b696e6720746869732074686520666972737420747275652067656e657261746f72206f6e2074686520496e7465726e65742e204974207573657320612064696374696f6e617279206f66206f76657220323030204c6174696e20776f7264732c20636f6d62696e6564207769746820612068616e6466756c206f66206d6f64656c2073656e74656e636520737472756374757265732c20746f2067656e6572617465204c6f72656d20497073756d207768696368206c6f6f6b7320726561736f6e61626c652e205468652067656e657261746564204c6f72656d20497073756d206973207468657265666f726520616c7761797320667265652066726f6d2072657065746974696f6e2c20696e6a65637465642068756d6f75722c206f72206e6f6e2d636861726163746572697374696320776f726473206574632e3c2f703e, NULL, NULL, '2021-06-14 00:23:14', '2021-06-14 00:23:14'),
(26, 8, 12, 12, 'أفضل وصفة في العالم لفيرجن بينا كولادا!', 'أفضل-وصفة-في-العالم-لفيرجن-بينا-كولادا!', 0x3c70207374796c653d22746578742d616c69676e3a6a7573746966793b666f6e742d66616d696c793a274f70656e2053616e73272c20417269616c2c2073616e732d73657269663b223ed8aed984d8a7d981d8a7d98e20d984d984d8a5d8b9d8aad982d8a7d8af20d8a7d984d8b3d8a7d8a6d8af20d981d8a5d98620d984d988d8b1d98ad98520d8a5d98ad8a8d8b3d988d98520d984d98ad8b320d986d8b5d8a7d98e20d8b9d8b4d988d8a7d8a6d98ad8a7d98bd88c20d8a8d98420d8a5d98620d984d98720d8acd8b0d988d8b120d981d98a20d8a7d984d8a3d8afd8a820d8a7d984d984d8a7d8aad98ad986d98a20d8a7d984d983d984d8a7d8b3d98ad983d98a20d985d986d8b020d8a7d984d8b9d8a7d98520343520d982d8a8d98420d8a7d984d985d98ad984d8a7d8afd88c20d985d985d8a720d98ad8acd8b9d984d98720d8a3d983d8abd8b120d985d986203230303020d8b9d8a7d98520d981d98a20d8a7d984d982d8afd9852e20d982d8a7d98520d8a7d984d8a8d8b1d988d981d98ad8b3d988d8b12022d8b1d98ad8aad8b4d8a7d8b1d8af20d985d8a7d98320d984d98ad986d8aad988d98322202852696368617264204d63436c696e746f636b2920d988d987d98820d8a8d8b1d988d981d98ad8b3d988d8b120d8a7d984d984d8bad8a920d8a7d984d984d8a7d8aad98ad986d98ad8a920d981d98a20d8acd8a7d985d8b9d8a920d987d8a7d985d8a8d8afd9862dd8b3d98ad8afd986d98a20d981d98a20d981d98ad8b1d8acd98ad986d98ad8a720d8a8d8a7d984d8a8d8add8ab20d8b9d98620d8a3d8b5d988d98420d983d984d985d8a920d984d8a7d8aad98ad986d98ad8a920d8bad8a7d985d8b6d8a920d981d98a20d986d8b520d984d988d8b1d98ad98520d8a5d98ad8a8d8b3d988d98520d988d987d98a2022636f6e736563746574757222d88c20d988d8aed984d8a7d98420d8aad8aad8a8d8b9d98720d984d987d8b0d98720d8a7d984d983d984d985d8a920d981d98a20d8a7d984d8a3d8afd8a820d8a7d984d984d8a7d8aad98ad986d98a20d8a7d983d8aad8b4d98120d8a7d984d985d8b5d8afd8b120d8a7d984d8bad98ad8b120d982d8a7d8a8d98420d984d984d8b4d9832e20d981d984d982d8af20d8a7d8aad8b6d8ad20d8a3d98620d983d984d985d8a7d8aa20d986d8b520d984d988d8b1d98ad98520d8a5d98ad8a8d8b3d988d98520d8aad8a3d8aad98a20d985d98620d8a7d984d8a3d982d8b3d8a7d98520312e31302e333220d98820312e31302e333320d985d98620d983d8aad8a7d8a82022d8add988d98420d8a3d982d8a7d8b5d98a20d8a7d984d8aed98ad8b120d988d8a7d984d8b4d8b122202864652046696e6962757320426f6e6f72756d206574204d616c6f72756d2920d984d984d985d981d983d8b120d8b4d98ad8b4d98ad8b1d988d986202843696365726f2920d988d8a7d984d8b0d98a20d983d8aad8a8d98720d981d98a20d8b9d8a7d98520343520d982d8a8d98420d8a7d984d985d98ad984d8a7d8af2e20d987d8b0d8a720d8a7d984d983d8aad8a7d8a820d987d98820d8a8d985d8abd8a7d8a8d8a920d985d982d8a7d984d8a920d8b9d984d985d98ad8a920d985d8b7d988d984d8a920d981d98a20d986d8b8d8b1d98ad8a920d8a7d984d8a3d8aed984d8a7d982d88c20d988d983d8a7d98620d984d98720d8b4d8b9d8a8d98ad8a920d983d8a8d98ad8b1d8a920d981d98a20d8b9d8b5d8b120d8a7d984d986d987d8b6d8a92e20d8a7d984d8b3d8b7d8b120d8a7d984d8a3d988d98420d985d98620d984d988d8b1d98ad98520d8a5d98ad8a8d8b3d988d98520224c6f72656d20697073756d20646f6c6f722073697420616d65742e2e2220d98ad8a3d8aad98a20d985d98620d8b3d8b7d8b120d981d98a20d8a7d984d982d8b3d98520312e32302e333220d985d98620d987d8b0d8a720d8a7d984d983d8aad8a7d8a82e3c2f703e, NULL, NULL, '2021-06-14 00:23:14', '2021-06-14 00:23:14'),
(27, 7, 10, 13, '5 Of the Best Places to Spend your Family Holiday in 2021', '5-of-the-best-places-to-spend-your-family-holiday-in-2021', 0x3c70207374796c653d22746578742d616c69676e3a6a7573746966793b666f6e742d66616d696c793a274f70656e2053616e73272c20417269616c2c2073616e732d73657269663b223e546865726520617265206d616e7920766172696174696f6e73206f66207061737361676573206f66204c6f72656d20497073756d20617661696c61626c652c2062757420746865206d616a6f72697479206861766520737566666572656420616c7465726174696f6e20696e20736f6d6520666f726d2c20627920696e6a65637465642068756d6f75722c206f722072616e646f6d6973656420776f72647320776869636820646f6e2774206c6f6f6b206576656e20736c696768746c792062656c69657661626c652e20496620796f752061726520676f696e6720746f2075736520612070617373616765206f66204c6f72656d20497073756d2c20796f75206e65656420746f20626520737572652074686572652069736e277420616e797468696e6720656d62617272617373696e672068696464656e20696e20746865206d6964646c65206f6620746578742e20416c6c20746865204c6f72656d20497073756d2067656e657261746f7273206f6e2074686520496e7465726e65742074656e6420746f2072657065617420707265646566696e6564206368756e6b73206173206e65636573736172792c206d616b696e6720746869732074686520666972737420747275652067656e657261746f72206f6e2074686520496e7465726e65742e204974207573657320612064696374696f6e617279206f66206f76657220323030204c6174696e20776f7264732c20636f6d62696e6564207769746820612068616e6466756c206f66206d6f64656c2073656e74656e636520737472756374757265732c20746f2067656e6572617465204c6f72656d20497073756d207768696368206c6f6f6b7320726561736f6e61626c652e205468652067656e657261746564204c6f72656d20497073756d206973207468657265666f726520616c7761797320667265652066726f6d2072657065746974696f6e2c20696e6a65637465642068756d6f75722c206f72206e6f6e2d636861726163746572697374696320776f726473206574632e3c2f703e, NULL, NULL, '2021-06-14 00:24:26', '2021-06-14 00:24:26'),
(28, 8, 13, 13, '5 من أفضل الأماكن لقضاء إجازة عائلتك في عام 2021', '5-من-أفضل-الأماكن-لقضاء-إجازة-عائلتك-في-عام-2021', 0x3c70207374796c653d22746578742d616c69676e3a6a7573746966793b666f6e742d66616d696c793a274f70656e2053616e73272c20417269616c2c2073616e732d73657269663b223ed8aed984d8a7d981d8a7d98e20d984d984d8a5d8b9d8aad982d8a7d8af20d8a7d984d8b3d8a7d8a6d8af20d981d8a5d98620d984d988d8b1d98ad98520d8a5d98ad8a8d8b3d988d98520d984d98ad8b320d986d8b5d8a7d98e20d8b9d8b4d988d8a7d8a6d98ad8a7d98bd88c20d8a8d98420d8a5d98620d984d98720d8acd8b0d988d8b120d981d98a20d8a7d984d8a3d8afd8a820d8a7d984d984d8a7d8aad98ad986d98a20d8a7d984d983d984d8a7d8b3d98ad983d98a20d985d986d8b020d8a7d984d8b9d8a7d98520343520d982d8a8d98420d8a7d984d985d98ad984d8a7d8afd88c20d985d985d8a720d98ad8acd8b9d984d98720d8a3d983d8abd8b120d985d986203230303020d8b9d8a7d98520d981d98a20d8a7d984d982d8afd9852e20d982d8a7d98520d8a7d984d8a8d8b1d988d981d98ad8b3d988d8b12022d8b1d98ad8aad8b4d8a7d8b1d8af20d985d8a7d98320d984d98ad986d8aad988d98322202852696368617264204d63436c696e746f636b2920d988d987d98820d8a8d8b1d988d981d98ad8b3d988d8b120d8a7d984d984d8bad8a920d8a7d984d984d8a7d8aad98ad986d98ad8a920d981d98a20d8acd8a7d985d8b9d8a920d987d8a7d985d8a8d8afd9862dd8b3d98ad8afd986d98a20d981d98a20d981d98ad8b1d8acd98ad986d98ad8a720d8a8d8a7d984d8a8d8add8ab20d8b9d98620d8a3d8b5d988d98420d983d984d985d8a920d984d8a7d8aad98ad986d98ad8a920d8bad8a7d985d8b6d8a920d981d98a20d986d8b520d984d988d8b1d98ad98520d8a5d98ad8a8d8b3d988d98520d988d987d98a2022636f6e736563746574757222d88c20d988d8aed984d8a7d98420d8aad8aad8a8d8b9d98720d984d987d8b0d98720d8a7d984d983d984d985d8a920d981d98a20d8a7d984d8a3d8afd8a820d8a7d984d984d8a7d8aad98ad986d98a20d8a7d983d8aad8b4d98120d8a7d984d985d8b5d8afd8b120d8a7d984d8bad98ad8b120d982d8a7d8a8d98420d984d984d8b4d9832e20d981d984d982d8af20d8a7d8aad8b6d8ad20d8a3d98620d983d984d985d8a7d8aa20d986d8b520d984d988d8b1d98ad98520d8a5d98ad8a8d8b3d988d98520d8aad8a3d8aad98a20d985d98620d8a7d984d8a3d982d8b3d8a7d98520312e31302e333220d98820312e31302e333320d985d98620d983d8aad8a7d8a82022d8add988d98420d8a3d982d8a7d8b5d98a20d8a7d984d8aed98ad8b120d988d8a7d984d8b4d8b122202864652046696e6962757320426f6e6f72756d206574204d616c6f72756d2920d984d984d985d981d983d8b120d8b4d98ad8b4d98ad8b1d988d986202843696365726f2920d988d8a7d984d8b0d98a20d983d8aad8a8d98720d981d98a20d8b9d8a7d98520343520d982d8a8d98420d8a7d984d985d98ad984d8a7d8af2e20d987d8b0d8a720d8a7d984d983d8aad8a7d8a820d987d98820d8a8d985d8abd8a7d8a8d8a920d985d982d8a7d984d8a920d8b9d984d985d98ad8a920d985d8b7d988d984d8a920d981d98a20d986d8b8d8b1d98ad8a920d8a7d984d8a3d8aed984d8a7d982d88c20d988d983d8a7d98620d984d98720d8b4d8b9d8a8d98ad8a920d983d8a8d98ad8b1d8a920d981d98a20d8b9d8b5d8b120d8a7d984d986d987d8b6d8a92e20d8a7d984d8b3d8b7d8b120d8a7d984d8a3d988d98420d985d98620d984d988d8b1d98ad98520d8a5d98ad8a8d8b3d988d98520224c6f72656d20697073756d20646f6c6f722073697420616d65742e2e2220d98ad8a3d8aad98a20d985d98620d8b3d8b7d8b120d981d98a20d8a7d984d982d8b3d98520312e32302e333220d985d98620d987d8b0d8a720d8a7d984d983d8aad8a7d8a82e3c2f703e, NULL, NULL, '2021-06-14 00:24:26', '2021-06-14 00:24:26'),
(29, 7, 10, 14, 'The Best Beaches in the Philippines', 'the-best-beaches-in-the-philippines', 0x3c70207374796c653d22746578742d616c69676e3a6a7573746966793b666f6e742d66616d696c793a274f70656e2053616e73272c20417269616c2c2073616e732d73657269663b223e546865726520617265206d616e7920766172696174696f6e73206f66207061737361676573206f66204c6f72656d20497073756d20617661696c61626c652c2062757420746865206d616a6f72697479206861766520737566666572656420616c7465726174696f6e20696e20736f6d6520666f726d2c20627920696e6a65637465642068756d6f75722c206f722072616e646f6d6973656420776f72647320776869636820646f6e2774206c6f6f6b206576656e20736c696768746c792062656c69657661626c652e20496620796f752061726520676f696e6720746f2075736520612070617373616765206f66204c6f72656d20497073756d2c20796f75206e65656420746f20626520737572652074686572652069736e277420616e797468696e6720656d62617272617373696e672068696464656e20696e20746865206d6964646c65206f6620746578742e20416c6c20746865204c6f72656d20497073756d2067656e657261746f7273206f6e2074686520496e7465726e65742074656e6420746f2072657065617420707265646566696e6564206368756e6b73206173206e65636573736172792c206d616b696e6720746869732074686520666972737420747275652067656e657261746f72206f6e2074686520496e7465726e65742e204974207573657320612064696374696f6e617279206f66206f76657220323030204c6174696e20776f7264732c20636f6d62696e6564207769746820612068616e6466756c206f66206d6f64656c2073656e74656e636520737472756374757265732c20746f2067656e6572617465204c6f72656d20497073756d207768696368206c6f6f6b7320726561736f6e61626c652e205468652067656e657261746564204c6f72656d20497073756d206973207468657265666f726520616c7761797320667265652066726f6d2072657065746974696f6e2c20696e6a65637465642068756d6f75722c206f72206e6f6e2d636861726163746572697374696320776f726473206574632e3c2f703e, NULL, NULL, '2021-06-14 00:26:07', '2021-06-14 00:26:07'),
(30, 8, 13, 14, 'أفضل الشواطئ في الفلبين', 'أفضل-الشواطئ-في-الفلبين', 0x3c70207374796c653d22746578742d616c69676e3a6a7573746966793b666f6e742d66616d696c793a274f70656e2053616e73272c20417269616c2c2073616e732d73657269663b223ed8aed984d8a7d981d8a7d98e20d984d984d8a5d8b9d8aad982d8a7d8af20d8a7d984d8b3d8a7d8a6d8af20d981d8a5d98620d984d988d8b1d98ad98520d8a5d98ad8a8d8b3d988d98520d984d98ad8b320d986d8b5d8a7d98e20d8b9d8b4d988d8a7d8a6d98ad8a7d98bd88c20d8a8d98420d8a5d98620d984d98720d8acd8b0d988d8b120d981d98a20d8a7d984d8a3d8afd8a820d8a7d984d984d8a7d8aad98ad986d98a20d8a7d984d983d984d8a7d8b3d98ad983d98a20d985d986d8b020d8a7d984d8b9d8a7d98520343520d982d8a8d98420d8a7d984d985d98ad984d8a7d8afd88c20d985d985d8a720d98ad8acd8b9d984d98720d8a3d983d8abd8b120d985d986203230303020d8b9d8a7d98520d981d98a20d8a7d984d982d8afd9852e20d982d8a7d98520d8a7d984d8a8d8b1d988d981d98ad8b3d988d8b12022d8b1d98ad8aad8b4d8a7d8b1d8af20d985d8a7d98320d984d98ad986d8aad988d98322202852696368617264204d63436c696e746f636b2920d988d987d98820d8a8d8b1d988d981d98ad8b3d988d8b120d8a7d984d984d8bad8a920d8a7d984d984d8a7d8aad98ad986d98ad8a920d981d98a20d8acd8a7d985d8b9d8a920d987d8a7d985d8a8d8afd9862dd8b3d98ad8afd986d98a20d981d98a20d981d98ad8b1d8acd98ad986d98ad8a720d8a8d8a7d984d8a8d8add8ab20d8b9d98620d8a3d8b5d988d98420d983d984d985d8a920d984d8a7d8aad98ad986d98ad8a920d8bad8a7d985d8b6d8a920d981d98a20d986d8b520d984d988d8b1d98ad98520d8a5d98ad8a8d8b3d988d98520d988d987d98a2022636f6e736563746574757222d88c20d988d8aed984d8a7d98420d8aad8aad8a8d8b9d98720d984d987d8b0d98720d8a7d984d983d984d985d8a920d981d98a20d8a7d984d8a3d8afd8a820d8a7d984d984d8a7d8aad98ad986d98a20d8a7d983d8aad8b4d98120d8a7d984d985d8b5d8afd8b120d8a7d984d8bad98ad8b120d982d8a7d8a8d98420d984d984d8b4d9832e20d981d984d982d8af20d8a7d8aad8b6d8ad20d8a3d98620d983d984d985d8a7d8aa20d986d8b520d984d988d8b1d98ad98520d8a5d98ad8a8d8b3d988d98520d8aad8a3d8aad98a20d985d98620d8a7d984d8a3d982d8b3d8a7d98520312e31302e333220d98820312e31302e333320d985d98620d983d8aad8a7d8a82022d8add988d98420d8a3d982d8a7d8b5d98a20d8a7d984d8aed98ad8b120d988d8a7d984d8b4d8b122202864652046696e6962757320426f6e6f72756d206574204d616c6f72756d2920d984d984d985d981d983d8b120d8b4d98ad8b4d98ad8b1d988d986202843696365726f2920d988d8a7d984d8b0d98a20d983d8aad8a8d98720d981d98a20d8b9d8a7d98520343520d982d8a8d98420d8a7d984d985d98ad984d8a7d8af2e20d987d8b0d8a720d8a7d984d983d8aad8a7d8a820d987d98820d8a8d985d8abd8a7d8a8d8a920d985d982d8a7d984d8a920d8b9d984d985d98ad8a920d985d8b7d988d984d8a920d981d98a20d986d8b8d8b1d98ad8a920d8a7d984d8a3d8aed984d8a7d982d88c20d988d983d8a7d98620d984d98720d8b4d8b9d8a8d98ad8a920d983d8a8d98ad8b1d8a920d981d98a20d8b9d8b5d8b120d8a7d984d986d987d8b6d8a92e20d8a7d984d8b3d8b7d8b120d8a7d984d8a3d988d98420d985d98620d984d988d8b1d98ad98520d8a5d98ad8a8d8b3d988d98520224c6f72656d20697073756d20646f6c6f722073697420616d65742e2e2220d98ad8a3d8aad98a20d985d98620d8b3d8b7d8b120d981d98a20d8a7d984d982d8b3d98520312e32302e333220d985d98620d987d8b0d8a720d8a7d984d983d8aad8a7d8a82e3c2f703e, NULL, NULL, '2021-06-14 00:26:07', '2021-06-14 00:26:07'),
(31, 7, 11, 15, 'Unique Travel Ideas That Don’t Involve a Hotel', 'unique-travel-ideas-that-don’t-involve-a-hotel', 0x3c70207374796c653d22746578742d616c69676e3a6a7573746966793b666f6e742d66616d696c793a274f70656e2053616e73272c20417269616c2c2073616e732d73657269663b223e546865726520617265206d616e7920766172696174696f6e73206f66207061737361676573206f66204c6f72656d20497073756d20617661696c61626c652c2062757420746865206d616a6f72697479206861766520737566666572656420616c7465726174696f6e20696e20736f6d6520666f726d2c20627920696e6a65637465642068756d6f75722c206f722072616e646f6d6973656420776f72647320776869636820646f6e2774206c6f6f6b206576656e20736c696768746c792062656c69657661626c652e20496620796f752061726520676f696e6720746f2075736520612070617373616765206f66204c6f72656d20497073756d2c20796f75206e65656420746f20626520737572652074686572652069736e277420616e797468696e6720656d62617272617373696e672068696464656e20696e20746865206d6964646c65206f6620746578742e20416c6c20746865204c6f72656d20497073756d2067656e657261746f7273206f6e2074686520496e7465726e65742074656e6420746f2072657065617420707265646566696e6564206368756e6b73206173206e65636573736172792c206d616b696e6720746869732074686520666972737420747275652067656e657261746f72206f6e2074686520496e7465726e65742e204974207573657320612064696374696f6e617279206f66206f76657220323030204c6174696e20776f7264732c20636f6d62696e6564207769746820612068616e6466756c206f66206d6f64656c2073656e74656e636520737472756374757265732c20746f2067656e6572617465204c6f72656d20497073756d207768696368206c6f6f6b7320726561736f6e61626c652e205468652067656e657261746564204c6f72656d20497073756d206973207468657265666f726520616c7761797320667265652066726f6d2072657065746974696f6e2c20696e6a65637465642068756d6f75722c206f72206e6f6e2d636861726163746572697374696320776f726473206574632e3c2f703e, NULL, NULL, '2021-06-14 00:28:28', '2021-06-14 00:28:28'),
(32, 8, 14, 15, 'أفكار سفر فريدة لا تتضمن فندقًا', 'أفكار-سفر-فريدة-لا-تتضمن-فندقًا', 0x3c70207374796c653d22746578742d616c69676e3a6a7573746966793b666f6e742d66616d696c793a274f70656e2053616e73272c20417269616c2c2073616e732d73657269663b223ed8aed984d8a7d981d8a7d98e20d984d984d8a5d8b9d8aad982d8a7d8af20d8a7d984d8b3d8a7d8a6d8af20d981d8a5d98620d984d988d8b1d98ad98520d8a5d98ad8a8d8b3d988d98520d984d98ad8b320d986d8b5d8a7d98e20d8b9d8b4d988d8a7d8a6d98ad8a7d98bd88c20d8a8d98420d8a5d98620d984d98720d8acd8b0d988d8b120d981d98a20d8a7d984d8a3d8afd8a820d8a7d984d984d8a7d8aad98ad986d98a20d8a7d984d983d984d8a7d8b3d98ad983d98a20d985d986d8b020d8a7d984d8b9d8a7d98520343520d982d8a8d98420d8a7d984d985d98ad984d8a7d8afd88c20d985d985d8a720d98ad8acd8b9d984d98720d8a3d983d8abd8b120d985d986203230303020d8b9d8a7d98520d981d98a20d8a7d984d982d8afd9852e20d982d8a7d98520d8a7d984d8a8d8b1d988d981d98ad8b3d988d8b12022d8b1d98ad8aad8b4d8a7d8b1d8af20d985d8a7d98320d984d98ad986d8aad988d98322202852696368617264204d63436c696e746f636b2920d988d987d98820d8a8d8b1d988d981d98ad8b3d988d8b120d8a7d984d984d8bad8a920d8a7d984d984d8a7d8aad98ad986d98ad8a920d981d98a20d8acd8a7d985d8b9d8a920d987d8a7d985d8a8d8afd9862dd8b3d98ad8afd986d98a20d981d98a20d981d98ad8b1d8acd98ad986d98ad8a720d8a8d8a7d984d8a8d8add8ab20d8b9d98620d8a3d8b5d988d98420d983d984d985d8a920d984d8a7d8aad98ad986d98ad8a920d8bad8a7d985d8b6d8a920d981d98a20d986d8b520d984d988d8b1d98ad98520d8a5d98ad8a8d8b3d988d98520d988d987d98a2022636f6e736563746574757222d88c20d988d8aed984d8a7d98420d8aad8aad8a8d8b9d98720d984d987d8b0d98720d8a7d984d983d984d985d8a920d981d98a20d8a7d984d8a3d8afd8a820d8a7d984d984d8a7d8aad98ad986d98a20d8a7d983d8aad8b4d98120d8a7d984d985d8b5d8afd8b120d8a7d984d8bad98ad8b120d982d8a7d8a8d98420d984d984d8b4d9832e20d981d984d982d8af20d8a7d8aad8b6d8ad20d8a3d98620d983d984d985d8a7d8aa20d986d8b520d984d988d8b1d98ad98520d8a5d98ad8a8d8b3d988d98520d8aad8a3d8aad98a20d985d98620d8a7d984d8a3d982d8b3d8a7d98520312e31302e333220d98820312e31302e333320d985d98620d983d8aad8a7d8a82022d8add988d98420d8a3d982d8a7d8b5d98a20d8a7d984d8aed98ad8b120d988d8a7d984d8b4d8b122202864652046696e6962757320426f6e6f72756d206574204d616c6f72756d2920d984d984d985d981d983d8b120d8b4d98ad8b4d98ad8b1d988d986202843696365726f2920d988d8a7d984d8b0d98a20d983d8aad8a8d98720d981d98a20d8b9d8a7d98520343520d982d8a8d98420d8a7d984d985d98ad984d8a7d8af2e20d987d8b0d8a720d8a7d984d983d8aad8a7d8a820d987d98820d8a8d985d8abd8a7d8a8d8a920d985d982d8a7d984d8a920d8b9d984d985d98ad8a920d985d8b7d988d984d8a920d981d98a20d986d8b8d8b1d98ad8a920d8a7d984d8a3d8aed984d8a7d982d88c20d988d983d8a7d98620d984d98720d8b4d8b9d8a8d98ad8a920d983d8a8d98ad8b1d8a920d981d98a20d8b9d8b5d8b120d8a7d984d986d987d8b6d8a92e20d8a7d984d8b3d8b7d8b120d8a7d984d8a3d988d98420d985d98620d984d988d8b1d98ad98520d8a5d98ad8a8d8b3d988d98520224c6f72656d20697073756d20646f6c6f722073697420616d65742e2e2220d98ad8a3d8aad98a20d985d98620d8b3d8b7d8b120d981d98a20d8a7d984d982d8b3d98520312e32302e333220d985d98620d987d8b0d8a720d8a7d984d983d8aad8a7d8a82e3c2f703e, NULL, NULL, '2021-06-14 00:28:28', '2021-06-14 00:28:28'),
(33, 7, 11, 16, 'Top 10 Things to Do in Melbourne With Kids', 'top-10-things-to-do-in-melbourne-with-kids', 0x3c70207374796c653d22746578742d616c69676e3a6a7573746966793b666f6e742d66616d696c793a274f70656e2053616e73272c20417269616c2c2073616e732d73657269663b223e546865726520617265206d616e7920766172696174696f6e73206f66207061737361676573206f66204c6f72656d20497073756d20617661696c61626c652c2062757420746865206d616a6f72697479206861766520737566666572656420616c7465726174696f6e20696e20736f6d6520666f726d2c20627920696e6a65637465642068756d6f75722c206f722072616e646f6d6973656420776f72647320776869636820646f6e2774206c6f6f6b206576656e20736c696768746c792062656c69657661626c652e20496620796f752061726520676f696e6720746f2075736520612070617373616765206f66204c6f72656d20497073756d2c20796f75206e65656420746f20626520737572652074686572652069736e277420616e797468696e6720656d62617272617373696e672068696464656e20696e20746865206d6964646c65206f6620746578742e20416c6c20746865204c6f72656d20497073756d2067656e657261746f7273206f6e2074686520496e7465726e65742074656e6420746f2072657065617420707265646566696e6564206368756e6b73206173206e65636573736172792c206d616b696e6720746869732074686520666972737420747275652067656e657261746f72206f6e2074686520496e7465726e65742e204974207573657320612064696374696f6e617279206f66206f76657220323030204c6174696e20776f7264732c20636f6d62696e6564207769746820612068616e6466756c206f66206d6f64656c2073656e74656e636520737472756374757265732c20746f2067656e6572617465204c6f72656d20497073756d207768696368206c6f6f6b7320726561736f6e61626c652e205468652067656e657261746564204c6f72656d20497073756d206973207468657265666f726520616c7761797320667265652066726f6d2072657065746974696f6e2c20696e6a65637465642068756d6f75722c206f72206e6f6e2d636861726163746572697374696320776f726473206574632e3c2f703e, NULL, NULL, '2021-06-14 00:29:17', '2021-06-14 00:29:17'),
(34, 8, 14, 16, 'أهم 10 أشياء يمكنك القيام بها في ملبورن مع الأطفال', 'أهم-10-أشياء-يمكنك-القيام-بها-في-ملبورن-مع-الأطفال', 0x3c70207374796c653d22746578742d616c69676e3a6a7573746966793b666f6e742d66616d696c793a274f70656e2053616e73272c20417269616c2c2073616e732d73657269663b223ed8aed984d8a7d981d8a7d98e20d984d984d8a5d8b9d8aad982d8a7d8af20d8a7d984d8b3d8a7d8a6d8af20d981d8a5d98620d984d988d8b1d98ad98520d8a5d98ad8a8d8b3d988d98520d984d98ad8b320d986d8b5d8a7d98e20d8b9d8b4d988d8a7d8a6d98ad8a7d98bd88c20d8a8d98420d8a5d98620d984d98720d8acd8b0d988d8b120d981d98a20d8a7d984d8a3d8afd8a820d8a7d984d984d8a7d8aad98ad986d98a20d8a7d984d983d984d8a7d8b3d98ad983d98a20d985d986d8b020d8a7d984d8b9d8a7d98520343520d982d8a8d98420d8a7d984d985d98ad984d8a7d8afd88c20d985d985d8a720d98ad8acd8b9d984d98720d8a3d983d8abd8b120d985d986203230303020d8b9d8a7d98520d981d98a20d8a7d984d982d8afd9852e20d982d8a7d98520d8a7d984d8a8d8b1d988d981d98ad8b3d988d8b12022d8b1d98ad8aad8b4d8a7d8b1d8af20d985d8a7d98320d984d98ad986d8aad988d98322202852696368617264204d63436c696e746f636b2920d988d987d98820d8a8d8b1d988d981d98ad8b3d988d8b120d8a7d984d984d8bad8a920d8a7d984d984d8a7d8aad98ad986d98ad8a920d981d98a20d8acd8a7d985d8b9d8a920d987d8a7d985d8a8d8afd9862dd8b3d98ad8afd986d98a20d981d98a20d981d98ad8b1d8acd98ad986d98ad8a720d8a8d8a7d984d8a8d8add8ab20d8b9d98620d8a3d8b5d988d98420d983d984d985d8a920d984d8a7d8aad98ad986d98ad8a920d8bad8a7d985d8b6d8a920d981d98a20d986d8b520d984d988d8b1d98ad98520d8a5d98ad8a8d8b3d988d98520d988d987d98a2022636f6e736563746574757222d88c20d988d8aed984d8a7d98420d8aad8aad8a8d8b9d98720d984d987d8b0d98720d8a7d984d983d984d985d8a920d981d98a20d8a7d984d8a3d8afd8a820d8a7d984d984d8a7d8aad98ad986d98a20d8a7d983d8aad8b4d98120d8a7d984d985d8b5d8afd8b120d8a7d984d8bad98ad8b120d982d8a7d8a8d98420d984d984d8b4d9832e20d981d984d982d8af20d8a7d8aad8b6d8ad20d8a3d98620d983d984d985d8a7d8aa20d986d8b520d984d988d8b1d98ad98520d8a5d98ad8a8d8b3d988d98520d8aad8a3d8aad98a20d985d98620d8a7d984d8a3d982d8b3d8a7d98520312e31302e333220d98820312e31302e333320d985d98620d983d8aad8a7d8a82022d8add988d98420d8a3d982d8a7d8b5d98a20d8a7d984d8aed98ad8b120d988d8a7d984d8b4d8b122202864652046696e6962757320426f6e6f72756d206574204d616c6f72756d2920d984d984d985d981d983d8b120d8b4d98ad8b4d98ad8b1d988d986202843696365726f2920d988d8a7d984d8b0d98a20d983d8aad8a8d98720d981d98a20d8b9d8a7d98520343520d982d8a8d98420d8a7d984d985d98ad984d8a7d8af2e20d987d8b0d8a720d8a7d984d983d8aad8a7d8a820d987d98820d8a8d985d8abd8a7d8a8d8a920d985d982d8a7d984d8a920d8b9d984d985d98ad8a920d985d8b7d988d984d8a920d981d98a20d986d8b8d8b1d98ad8a920d8a7d984d8a3d8aed984d8a7d982d88c20d988d983d8a7d98620d984d98720d8b4d8b9d8a8d98ad8a920d983d8a8d98ad8b1d8a920d981d98a20d8b9d8b5d8b120d8a7d984d986d987d8b6d8a92e20d8a7d984d8b3d8b7d8b120d8a7d984d8a3d988d98420d985d98620d984d988d8b1d98ad98520d8a5d98ad8a8d8b3d988d98520224c6f72656d20697073756d20646f6c6f722073697420616d65742e2e2220d98ad8a3d8aad98a20d985d98620d8b3d8b7d8b120d981d98a20d8a7d984d982d8b3d98520312e32302e333220d985d98620d987d8b0d8a720d8a7d984d983d8aad8a7d8a82e3c2f703e, NULL, NULL, '2021-06-14 00:29:17', '2021-06-14 00:29:17');

-- --------------------------------------------------------

--
-- Table structure for table `brands`
--

CREATE TABLE `brands` (
  `id` bigint(20) UNSIGNED NOT NULL,
  `language_id` bigint(20) UNSIGNED NOT NULL,
  `brand_img` varchar(255) COLLATE utf8mb4_unicode_ci NOT NULL,
  `brand_url` varchar(255) COLLATE utf8mb4_unicode_ci NOT NULL,
  `serial_number` int(11) NOT NULL,
  `created_at` timestamp NULL DEFAULT NULL,
  `updated_at` timestamp NULL DEFAULT NULL
) ENGINE=InnoDB DEFAULT CHARSET=utf8mb4 COLLATE=utf8mb4_unicode_ci;

--
-- Dumping data for table `brands`
--

INSERT INTO `brands` (`id`, `language_id`, `brand_img`, `brand_url`, `serial_number`, `created_at`, `updated_at`) VALUES
(26, 7, '1624260969.png', 'http://example.com/', 1, '2021-06-14 02:06:14', '2021-06-21 01:36:09'),
(27, 7, '1624260980.png', 'http://example.com/', 2, '2021-06-14 02:06:28', '2021-06-21 01:36:20'),
(28, 7, '1624260990.png', 'http://example.com/', 3, '2021-06-14 02:06:42', '2021-06-21 01:36:30'),
(29, 7, '1624261000.png', 'http://example.com/', 4, '2021-06-14 02:06:54', '2021-06-21 01:36:40'),
(30, 7, '1624261012.png', 'http://example.com/', 5, '2021-06-14 02:07:04', '2021-06-21 01:36:52'),
(31, 7, '1624261023.png', 'http://example.com/', 6, '2021-06-14 02:07:21', '2021-06-21 01:37:03'),
(32, 7, '1624261034.png', 'http://example.com/', 7, '2021-06-14 02:07:36', '2021-06-21 01:37:14'),
(33, 8, '1624261371.png', 'http://example.com/', 1, '2021-06-14 02:06:14', '2021-06-21 01:42:51'),
(34, 8, '1624261435.png', 'http://example.com/', 2, '2021-06-14 02:06:28', '2021-06-21 01:43:55'),
(35, 8, '1624261450.png', 'http://example.com/', 3, '2021-06-14 02:06:42', '2021-06-21 01:44:10'),
(36, 8, '1624261462.png', 'http://example.com/', 4, '2021-06-14 02:06:54', '2021-06-21 01:44:22'),
(37, 8, '1624261474.png', 'http://example.com/', 5, '2021-06-14 02:07:04', '2021-06-21 01:44:34'),
(38, 8, '1624261486.png', 'http://example.com/', 6, '2021-06-14 02:07:21', '2021-06-21 01:44:46'),
(39, 8, '1624261499.png', 'http://example.com/', 7, '2021-06-14 02:07:36', '2021-06-21 01:44:59');

-- --------------------------------------------------------

--
-- Table structure for table `cookie_alerts`
--

CREATE TABLE `cookie_alerts` (
  `id` bigint(20) UNSIGNED NOT NULL,
  `language_id` bigint(20) UNSIGNED NOT NULL,
  `cookie_alert_status` tinyint(3) UNSIGNED NOT NULL,
  `cookie_alert_btn_text` varchar(255) COLLATE utf8mb4_unicode_ci NOT NULL,
  `cookie_alert_text` text COLLATE utf8mb4_unicode_ci NOT NULL,
  `created_at` timestamp NULL DEFAULT NULL,
  `updated_at` timestamp NULL DEFAULT NULL
) ENGINE=InnoDB DEFAULT CHARSET=utf8mb4 COLLATE=utf8mb4_unicode_ci;

-- --------------------------------------------------------

--
-- Table structure for table `facilities`
--

CREATE TABLE `facilities` (
  `id` bigint(20) UNSIGNED NOT NULL,
  `language_id` bigint(20) UNSIGNED NOT NULL,
  `facility_icon` varchar(255) COLLATE utf8mb4_unicode_ci NOT NULL,
  `facility_title` varchar(255) COLLATE utf8mb4_unicode_ci NOT NULL,
  `facility_text` text COLLATE utf8mb4_unicode_ci NOT NULL,
  `created_at` timestamp NULL DEFAULT NULL,
  `updated_at` timestamp NULL DEFAULT NULL
) ENGINE=InnoDB DEFAULT CHARSET=utf8mb4 COLLATE=utf8mb4_unicode_ci;

--
-- Dumping data for table `facilities`
--

INSERT INTO `facilities` (`id`, `language_id`, `facility_icon`, `facility_title`, `facility_text`, `created_at`, `updated_at`) VALUES
(8, 7, 'fas fa-swimmer', 'Relex Living', 'Dreat explorer of the truth, the master-builder of human happines one rejects, dislikes avoids', '2021-06-14 01:52:52', '2021-06-14 01:52:52'),
(9, 7, 'fas fa-shield-alt', 'High Security System', 'Procure him some great pleasure. To take a trivial example, which of us ever undertakes labor', '2021-06-14 01:53:15', '2021-06-14 01:53:15'),
(10, 7, 'far fa-calendar-alt', 'Such Events & Party', 'Libero tempore, cum soluta nobis est eligenoptio cumque nihil impedit quo minus id quod', '2021-06-14 01:53:30', '2021-06-14 01:53:30'),
(11, 8, 'fas fa-swimmer', 'ريليكس ليفينج', 'مستكشف الخطر للحقيقة ، صانع السعادة البشرية الذي يرفضه المرء ، يتجنبها', '2021-06-14 01:56:46', '2021-06-14 01:56:46'),
(12, 8, 'fas fa-shield-alt', 'نظام أمان عالي', 'أجلب له بعض السعادة الكبيرة. لنأخذ مثالا تافها ، أي منا يقوم بالعمل', '2021-06-14 01:57:20', '2021-06-14 01:57:20'),
(13, 8, 'far fa-calendar-alt', 'مثل هذه الأحداث والحفلات', 'مستكشف الخطر للحقيقة ، صانع السعادة البشرية الذي يرفضه المرء ، يتجنبها', '2021-06-14 01:58:23', '2021-06-14 01:58:23');

-- --------------------------------------------------------

--
-- Table structure for table `faqs`
--

CREATE TABLE `faqs` (
  `id` bigint(20) UNSIGNED NOT NULL,
  `language_id` bigint(20) UNSIGNED NOT NULL,
  `question` varchar(255) COLLATE utf8mb4_unicode_ci NOT NULL,
  `answer` text COLLATE utf8mb4_unicode_ci NOT NULL,
  `serial_number` int(11) NOT NULL,
  `created_at` timestamp NULL DEFAULT NULL,
  `updated_at` timestamp NULL DEFAULT NULL
) ENGINE=InnoDB DEFAULT CHARSET=utf8mb4 COLLATE=utf8mb4_unicode_ci;

--
-- Dumping data for table `faqs`
--

INSERT INTO `faqs` (`id`, `language_id`, `question`, `answer`, `serial_number`, `created_at`, `updated_at`) VALUES
(8, 7, 'Do you offer handicapped rooms?', 'Yes, some Dorint Hotels have handicapped rooms with appropriate accessible equipment. You can see under “Hotel rooms & suites”, if your requested hotel offer these rooms.', 1, '2021-06-14 01:36:15', '2021-06-14 01:36:15'),
(9, 7, 'Is parking available at the hotel?', 'All Dorint Hotels have sufficient parking spaces. Most hotel also have a garage (partly with costs), where your car can safely be stored overnight. Sometimes, there are also parking spaces free of charge at or around the hotel. You will find more information about parking under „General Information“ in the hotel of your choice.', 2, '2021-06-14 01:36:27', '2021-06-14 01:36:27'),
(10, 7, 'Can I reserve a parking lot?', 'In some hotels you can book a parking lot directly in your online booking. After choosing a hotel during the booking process, the system offers you some additional services. Please note that you have to choose a service for each day. It is not possible to reserve a parking slot in advance.', 3, '2021-06-14 01:36:39', '2021-06-14 01:36:39'),
(11, 7, 'What are the reception opening hours?', 'The reception is open 24 hours and our colleagues will be at your service day and night.', 4, '2021-06-14 01:36:55', '2021-06-14 01:36:55'),
(12, 7, 'Can I also book breakfast online? What does it cost?', 'In some Dorint Hotels & Resorts buffet breakfast is already included in the rate. For hotels or rates, which do not have breakfast included, there is of course the possibility to book it online.', 5, '2021-06-14 01:37:10', '2021-06-14 01:37:10'),
(14, 8, 'هل تقدمون غرف للمعاقين؟', 'نعم ، تحتوي بعض فنادق Dorint على غرف للمعاقين مزودة بمعدات مناسبة يسهل الوصول إليها. يمكنك أن ترى تحت \"غرف وأجنحة الفندق\" ، إذا كان الفندق الذي طلبته يقدم هذه الغرف.', 1, '2021-06-14 01:39:47', '2021-06-14 01:39:47'),
(15, 8, 'هل يتوفر موقف للسيارات في الفندق؟', 'جميع فنادق Dorint بها أماكن وقوف سيارات كافية. تحتوي معظم الفنادق أيضًا على مرآب للسيارات (جزئيًا بتكاليف) ، حيث يمكن تخزين سيارتك بأمان طوال الليل. في بعض الأحيان ، توجد أيضًا أماكن لوقوف السيارات مجانًا في الفندق أو حوله. ستجد المزيد من المعلومات حول موقف السيارات تحت عنوان \"معلومات عامة\" في الفندق الذي تختاره.', 2, '2021-06-14 01:40:17', '2021-06-14 01:40:17'),
(16, 8, 'هل يمكنني حجز موقف للسيارات؟', 'في بعض الفنادق ، يمكنك حجز موقف للسيارات مباشرةً في الحجز عبر الإنترنت. بعد اختيار فندق أثناء عملية الحجز ، يقدم لك النظام بعض الخدمات الإضافية. يرجى ملاحظة أنه يجب عليك اختيار خدمة لكل يوم. لا يمكن حجز مكان لوقوف السيارات مسبقًا.', 3, '2021-06-14 01:40:39', '2021-06-14 01:40:39'),
(17, 8, 'ما هي ساعات عمل مكتب الاستقبال؟', 'مكتب الاستقبال مفتوح على مدار 24 ساعة وسيكون زملاؤنا في خدمتك ليلاً ونهارًا.', 4, '2021-06-14 01:41:10', '2021-06-14 01:41:10'),
(18, 8, 'هل يمكنني أيضًا حجز الإفطار عبر الإنترنت؟ ما هي التكلفة؟', 'في بعض فنادق ومنتجعات Dorint يتم تضمين بوفيه الإفطار بالفعل في السعر. بالنسبة للفنادق أو الأسعار التي لا تشمل وجبة الإفطار ، هناك بالطبع إمكانية الحجز عبر الإنترنت.', 5, '2021-06-14 01:41:50', '2021-06-14 01:41:50');

-- --------------------------------------------------------

--
-- Table structure for table `footer_quick_links`
--

CREATE TABLE `footer_quick_links` (
  `id` bigint(20) UNSIGNED NOT NULL,
  `language_id` bigint(20) UNSIGNED NOT NULL,
  `title` varchar(255) COLLATE utf8mb4_unicode_ci NOT NULL,
  `url` varchar(255) COLLATE utf8mb4_unicode_ci NOT NULL,
  `serial_number` int(11) NOT NULL,
  `created_at` timestamp NULL DEFAULT NULL,
  `updated_at` timestamp NULL DEFAULT NULL
) ENGINE=InnoDB DEFAULT CHARSET=utf8mb4 COLLATE=utf8mb4_unicode_ci;

--
-- Dumping data for table `footer_quick_links`
--

INSERT INTO `footer_quick_links` (`id`, `language_id`, `title`, `url`, `serial_number`, `created_at`, `updated_at`) VALUES
(6, 7, 'About Us', 'http://localhost/hotelbooking/about-us', 1, '2021-06-14 02:47:42', '2021-06-14 02:47:42'),
(7, 7, 'Terms & Conditions', 'http://localhost/hotelbooking/terms-&-conditions', 2, '2021-06-14 02:48:02', '2021-06-14 02:48:02'),
(8, 7, 'FAQs', 'http://localhost/hotelbooking/faqs', 3, '2021-06-14 02:48:24', '2021-06-14 02:48:24'),
(9, 7, 'Contact Us', 'http://localhost/hotelbooking/contact', 4, '2021-06-14 02:48:39', '2021-06-14 02:48:39'),
(10, 7, 'Gallery', 'http://localhost/hotelbooking/gallery', 5, '2021-06-14 02:49:20', '2021-06-14 02:49:20'),
(11, 7, 'Services', 'http://localhost/hotelbooking/services', 6, '2021-06-14 02:49:38', '2021-06-14 02:49:38'),
(12, 8, 'معلومات عنا', 'http://localhost/hotelbooking/about-us', 1, '2021-06-14 02:47:42', '2021-06-14 02:47:42'),
(13, 8, 'البنود و الظروف', 'http://localhost/hotelbooking/terms-&-conditions', 2, '2021-06-14 02:48:02', '2021-06-14 02:48:02'),
(14, 8, 'أسئلة وأجوبة', 'http://localhost/hotelbooking/faqs', 3, '2021-06-14 02:48:24', '2021-06-14 02:48:24'),
(15, 8, 'اتصل بنا', 'http://localhost/hotelbooking/contact', 4, '2021-06-14 02:48:39', '2021-06-14 02:48:39'),
(16, 8, 'صالة عرض', 'http://localhost/hotelbooking/gallery', 5, '2021-06-14 02:49:20', '2021-06-14 02:49:20'),
(17, 8, 'خدمات', 'http://localhost/hotelbooking/services', 6, '2021-06-14 02:49:38', '2021-06-14 02:49:38');

-- --------------------------------------------------------

--
-- Table structure for table `footer_texts`
--

CREATE TABLE `footer_texts` (
  `id` bigint(20) UNSIGNED NOT NULL,
  `language_id` bigint(20) UNSIGNED NOT NULL,
  `about_company` text COLLATE utf8mb4_unicode_ci NOT NULL,
  `copyright_text` text COLLATE utf8mb4_unicode_ci NOT NULL,
  `created_at` timestamp NULL DEFAULT NULL,
  `updated_at` timestamp NULL DEFAULT NULL
) ENGINE=InnoDB DEFAULT CHARSET=utf8mb4 COLLATE=utf8mb4_unicode_ci;

--
-- Dumping data for table `footer_texts`
--

INSERT INTO `footer_texts` (`id`, `language_id`, `about_company`, `copyright_text`, `created_at`, `updated_at`) VALUES
(3, 7, 'Lorem Ipsum is simply dummy text of the printing and typesetting industry. Lorem Ipsum has been the industry', '<p>Copyright@2022. All Rights Reserved</p>', '2021-06-14 02:52:06', '2022-04-21 03:32:26');

-- --------------------------------------------------------

--
-- Table structure for table `gallery_categories`
--

CREATE TABLE `gallery_categories` (
  `id` bigint(20) UNSIGNED NOT NULL,
  `language_id` bigint(20) UNSIGNED NOT NULL,
  `name` varchar(255) COLLATE utf8mb4_unicode_ci NOT NULL,
  `status` tinyint(3) UNSIGNED NOT NULL,
  `serial_number` int(10) UNSIGNED NOT NULL,
  `created_at` timestamp NULL DEFAULT NULL,
  `updated_at` timestamp NULL DEFAULT NULL
) ENGINE=InnoDB DEFAULT CHARSET=utf8mb4 COLLATE=utf8mb4_unicode_ci;

-- --------------------------------------------------------

--
-- Table structure for table `gallery_images`
--

CREATE TABLE `gallery_images` (
  `id` bigint(20) UNSIGNED NOT NULL,
  `language_id` bigint(20) UNSIGNED NOT NULL,
  `gallery_category_id` bigint(20) UNSIGNED NOT NULL,
  `gallery_img` varchar(255) COLLATE utf8mb4_unicode_ci NOT NULL,
  `title` varchar(255) COLLATE utf8mb4_unicode_ci NOT NULL,
  `serial_number` int(11) NOT NULL,
  `created_at` timestamp NULL DEFAULT NULL,
  `updated_at` timestamp NULL DEFAULT NULL
) ENGINE=InnoDB DEFAULT CHARSET=utf8mb4 COLLATE=utf8mb4_unicode_ci;

-- --------------------------------------------------------

--
-- Table structure for table `guests`
--

CREATE TABLE `guests` (
  `id` bigint(20) UNSIGNED NOT NULL,
  `endpoint` text COLLATE utf8mb4_unicode_ci,
  `created_at` timestamp NULL DEFAULT NULL,
  `updated_at` timestamp NULL DEFAULT NULL
) ENGINE=InnoDB DEFAULT CHARSET=utf8mb4 COLLATE=utf8mb4_unicode_ci;

--
-- Dumping data for table `guests`
--

INSERT INTO `guests` (`id`, `endpoint`, `created_at`, `updated_at`) VALUES
(3, 'https://wns2-sg2p.notify.windows.com/w/?token=BQYAAAB7rTbLWkP3IbWzITU8oFaJ4CbKlWDnZspZymK4vGxFAgFcO3B%2bDiQEzF8ZCEwG0fN9GpKT%2fO%2fj8X5AAw9Z%2baWN6jx1ogONRbKp7qdmhDEg5rcRBMrjJj9u690LwD1Dq13KGX95%2fwry7qqCxsLSOF5srRZ0ai4hGg%2bzsrtA1wkI7tqYaRizfE4JtcYxYfOd6h5JIFtMzgCMIStPxsrpSQ5O%2fo8WQ7RFoBPQp0RxgojQeaqBD45Xk6Yt2a9lb%2b8TajoBevTbTrV3bYmo%2blXe9ap67aZP0BZpJ4GrHGu51iHmGaTktkWAztBf1YgedOXMWyk%3d', '2022-04-27 21:59:46', '2022-04-27 21:59:46'),
(4, 'https://wns2-sg2p.notify.windows.com/w/?token=BQYAAADd0kJ3ZLRZRLhTLtbrQY5pyhqdrYibNVHt%2bt1QTyr757R0%2fJxilzE6JUUpslszLXFkf%2fU1dXZ2omRAuVRXLseLj6nGiinZ%2fGz3ZOmKJpGT%2bgyHWhay0C7Vs4bH0duSxO06A%2fnv4zq%2bvHGzqBmiu1NATdpJPbapF42vQqlIIkfuK6x%2fRL58fwK8Qm3G8nSCr8SHfY2mMgQ8O5EaHLqQocWvxJhedBoOAAJEv4mlbROXGKZK5wi8YtfXKt%2byeOG10I0bFf9f1sNDHi66OnhX2iuUenpLkanJbCFQPXvREn0EzV%2f0gw2EC1qSvEhP%2fP%2ffkp8%3d', '2022-04-27 22:00:12', '2022-04-27 22:00:12'),
(5, 'https://wns2-sg2p.notify.windows.com/w/?token=BQYAAABvvTwRKBolXdzZzPhpLIX9nw3fPA%2blWdmGGK84FZJSbT1%2bkiNf7YjIfYHVr0XPijdQD7o4R%2fxz%2bjKWV3rDMFjyp2uNE6AbLpG%2bWW%2bbZKXDS%2fFbpbTDhnkZKhIcRVqAW0SLeZa0z%2bwLK14MUtAEm1GQWKdrs%2bLh4TEZLBSIbnydJNzTYE55M%2fN%2f58AWtcPX5JaQe4gZGZ7sSBSWD4mcv%2fJX%2fg%2fSm3q8pFsTgETW%2f5KTGh1pY7Icie1qIhjjChtD%2bkcUnMN9FgCxz3EvU%2fvCZBRqqu3X5GHZj%2fTUbYMPMuNyPPX5kWhIEyQXkF6ogmVQvZA%3d', '2022-04-29 21:45:21', '2022-04-29 21:45:21'),
(6, 'https://fcm.googleapis.com/fcm/send/fbH_YZ6GP1k:APA91bEuZdBhdC9CU3po7i5x9DuvmlvczIYT-wafSuqNboLTZHf9C1N-KxQSTQqaqxVKFz-BjCilhvePp91ehg_W3j11KsLuuZWCNFZKh_UQJkCCzU2f2rQu9q0bfqhbnKoqPy_Y0sVr', '2022-06-29 01:22:16', '2022-06-29 01:22:16'),
(7, 'https://wns2-sg2p.notify.windows.com/w/?token=BQYAAAAr8iHytZptw7T%2bvQnS0zSEuAxrPYmXfBYXx%2bXbfiN2hvgl8Lf8YPXGw9gy7l6Gyk4IbpvaEmE5WCL7amKBvolkc%2b%2fZPk2xEkHgARXufqliq%2fYKthtICEFn4itXBVG0LhyKEQftJXU5RuAvEMkQeuzRqhlj6WtWUXTPJactOot9pB7y19bZ5DwygvDGkj21XhiGW3fBffSSmKWUlpZGYLg5hfK%2ba7uWw6fc9VgxVUunn5b4FiwSvkeB6hJnCoUsPYP8YNnYHvjO3xzn%2f7YN85l%2fnzu2I3vduki48D0x4kDi150G0Yy3MqmVavtKAjaMh30%3d', '2022-06-29 22:18:38', '2022-06-29 22:18:38'),
(8, 'https://fcm.googleapis.com/fcm/send/fSRjpAukqPw:APA91bE1nl4PQ8gBdjDRG5S8JyNtL733e0h2huLmJQ67izTt9xsCdinVUAuHqpnFLQ7gTWw3jxquNm8cN74SlGNxfG9cQo-vNVMtYGh40WIHcoxbuVo9OXkQN_DL9qf7LS2zTA0zp3x6', '2022-06-29 23:20:36', '2022-06-29 23:20:36');

-- --------------------------------------------------------

--
-- Table structure for table `hero_sliders`
--

CREATE TABLE `hero_sliders` (
  `id` bigint(20) UNSIGNED NOT NULL,
  `language_id` bigint(20) UNSIGNED NOT NULL,
  `img` varchar(255) COLLATE utf8mb4_unicode_ci NOT NULL,
  `title` varchar(255) COLLATE utf8mb4_unicode_ci NOT NULL,
  `subtitle` varchar(255) COLLATE utf8mb4_unicode_ci NOT NULL,
  `btn_name` varchar(255) COLLATE utf8mb4_unicode_ci NOT NULL,
  `btn_url` varchar(255) COLLATE utf8mb4_unicode_ci NOT NULL,
  `serial_number` int(11) NOT NULL,
  `created_at` timestamp NULL DEFAULT NULL,
  `updated_at` timestamp NULL DEFAULT NULL
) ENGINE=InnoDB DEFAULT CHARSET=utf8mb4 COLLATE=utf8mb4_unicode_ci;

--
-- Dumping data for table `hero_sliders`
--

INSERT INTO `hero_sliders` (`id`, `language_id`, `img`, `title`, `subtitle`, `btn_name`, `btn_url`, `serial_number`, `created_at`, `updated_at`) VALUES
(16, 7, '1623595517.jpg', 'Welcome to Hotelia', 'Luxury Living', 'get started', 'http://example.com/', 1, '2021-06-13 08:45:17', '2021-06-13 08:47:53'),
(17, 7, '1623595549.jpg', 'Welcome to Hotelia', 'Luxury Living', 'get started', 'http://example.com/', 2, '2021-06-13 08:45:49', '2021-06-13 08:47:46'),
(18, 7, '1623595697.jpg', 'Welcome to Hotelia', 'Luxury Living', 'get started', 'http://example.com/', 3, '2021-06-13 08:48:17', '2021-06-13 08:48:17'),
(19, 8, '1623595517.jpg', 'مرحبا بكم في هوتيليا', 'المعيشة الفاخرة', 'البدء', 'http://example.com/', 1, '2021-06-13 08:45:17', '2021-06-13 08:47:53'),
(22, 8, '1623595549.jpg', 'مرحبا بكم في هوتيليا', 'المعيشة الفاخرة', 'البدء', 'http://example.com/', 1, '2021-06-13 08:45:17', '2021-06-13 08:47:53'),
(23, 8, '1623595697.jpg', 'مرحبا بكم في هوتيليا', 'المعيشة الفاخرة', 'البدء', 'http://example.com/', 1, '2021-06-13 08:45:17', '2021-06-13 08:47:53');

-- --------------------------------------------------------

--
-- Table structure for table `hero_statics`
--

CREATE TABLE `hero_statics` (
  `id` bigint(20) UNSIGNED NOT NULL,
  `language_id` bigint(20) UNSIGNED NOT NULL,
  `img` varchar(255) COLLATE utf8mb4_unicode_ci DEFAULT NULL,
  `title` varchar(255) COLLATE utf8mb4_unicode_ci NOT NULL,
  `subtitle` varchar(255) COLLATE utf8mb4_unicode_ci NOT NULL,
  `btn_name` varchar(255) COLLATE utf8mb4_unicode_ci NOT NULL,
  `btn_url` varchar(255) COLLATE utf8mb4_unicode_ci NOT NULL,
  `created_at` timestamp NULL DEFAULT NULL,
  `updated_at` timestamp NULL DEFAULT NULL
) ENGINE=InnoDB DEFAULT CHARSET=utf8mb4 COLLATE=utf8mb4_unicode_ci;

--
-- Dumping data for table `hero_statics`
--

INSERT INTO `hero_statics` (`id`, `language_id`, `img`, `title`, `subtitle`, `btn_name`, `btn_url`, `created_at`, `updated_at`) VALUES
(4, 7, '1635133170.jpg', 'Welcome to Hotelia', 'Luxury Living', 'get started', 'http://example.com/', '2021-06-14 04:21:21', '2021-10-24 21:39:30'),
(5, 8, '1623666126.jpg', 'مرحبا بكم في هوتيليا', 'المعيشة الفاخرة', 'البدء', 'http://example.com/', '2021-06-14 04:22:06', '2021-06-14 04:22:06');

-- --------------------------------------------------------

--
-- Table structure for table `home_sections`
--

CREATE TABLE `home_sections` (
  `id` int(11) NOT NULL,
  `search_section` tinyint(4) NOT NULL DEFAULT '1',
  `intro_section` tinyint(4) NOT NULL DEFAULT '1',
  `featured_rooms_section` tinyint(4) NOT NULL DEFAULT '1',
  `featured_services_section` tinyint(4) NOT NULL DEFAULT '1',
  `faq_section` tinyint(4) NOT NULL DEFAULT '1',
  `statistics_section` tinyint(4) NOT NULL DEFAULT '1',
  `video_section` tinyint(4) NOT NULL DEFAULT '1',
  `featured_package_section` tinyint(4) NOT NULL DEFAULT '1',
  `facilities_section` tinyint(4) NOT NULL DEFAULT '1',
  `testimonials_section` tinyint(4) NOT NULL DEFAULT '1',
  `blogs_section` tinyint(4) NOT NULL DEFAULT '1',
  `brand_section` tinyint(4) NOT NULL DEFAULT '1',
  `top_footer_section` tinyint(4) NOT NULL DEFAULT '1',
  `copyright_section` tinyint(4) NOT NULL DEFAULT '1'
) ENGINE=InnoDB DEFAULT CHARSET=utf8mb4;

--
-- Dumping data for table `home_sections`
--

INSERT INTO `home_sections` (`id`, `search_section`, `intro_section`, `featured_rooms_section`, `featured_services_section`, `faq_section`, `statistics_section`, `video_section`, `featured_package_section`, `facilities_section`, `testimonials_section`, `blogs_section`, `brand_section`, `top_footer_section`, `copyright_section`) VALUES
(1, 1, 1, 1, 1, 1, 1, 1, 1, 1, 1, 1, 1, 1, 1);

-- --------------------------------------------------------

--
-- Table structure for table `intro_count_infos`
--

CREATE TABLE `intro_count_infos` (
  `id` bigint(20) UNSIGNED NOT NULL,
  `language_id` bigint(20) UNSIGNED NOT NULL,
  `icon` varchar(255) COLLATE utf8mb4_unicode_ci NOT NULL,
  `title` varchar(255) COLLATE utf8mb4_unicode_ci NOT NULL,
  `amount` bigint(20) UNSIGNED NOT NULL,
  `serial_number` int(11) NOT NULL,
  `created_at` timestamp NULL DEFAULT NULL,
  `updated_at` timestamp NULL DEFAULT NULL
) ENGINE=InnoDB DEFAULT CHARSET=utf8mb4 COLLATE=utf8mb4_unicode_ci;

--
-- Dumping data for table `intro_count_infos`
--

INSERT INTO `intro_count_infos` (`id`, `language_id`, `icon`, `title`, `amount`, `serial_number`, `created_at`, `updated_at`) VALUES
(12, 7, 'far fa-building', 'Luxury Rooms', 506, 1, '2021-06-13 09:03:01', '2021-06-13 09:03:01'),
(13, 7, 'far fa-smile', 'Happy Customers', 700, 2, '2021-06-13 09:04:20', '2021-06-13 09:04:20'),
(14, 7, 'fas fa-wifi', 'Lots of Amenities', 650, 3, '2021-06-13 09:05:26', '2021-06-13 09:05:26'),
(15, 8, 'far fa-building', 'غرف فاخرة', 506, 1, '2021-06-13 09:03:01', '2021-06-13 09:03:01'),
(16, 8, 'far fa-smile', 'الزبائن سعداء', 700, 2, '2021-06-13 09:04:20', '2021-06-13 09:04:20'),
(17, 8, 'fas fa-wifi', 'الكثير من وسائل الراحة', 650, 3, '2021-06-13 09:05:26', '2021-06-13 09:05:26');

-- --------------------------------------------------------

--
-- Table structure for table `intro_sections`
--

CREATE TABLE `intro_sections` (
  `id` bigint(20) UNSIGNED NOT NULL,
  `language_id` bigint(20) UNSIGNED NOT NULL,
  `intro_img` varchar(255) COLLATE utf8mb4_unicode_ci DEFAULT NULL,
  `intro_primary_title` varchar(255) COLLATE utf8mb4_unicode_ci NOT NULL,
  `intro_secondary_title` varchar(255) COLLATE utf8mb4_unicode_ci NOT NULL,
  `intro_text` text COLLATE utf8mb4_unicode_ci NOT NULL,
  `created_at` timestamp NULL DEFAULT NULL,
  `updated_at` timestamp NULL DEFAULT NULL
) ENGINE=InnoDB DEFAULT CHARSET=utf8mb4 COLLATE=utf8mb4_unicode_ci;

--
-- Dumping data for table `intro_sections`
--

INSERT INTO `intro_sections` (`id`, `language_id`, `intro_img`, `intro_primary_title`, `intro_secondary_title`, `intro_text`, `created_at`, `updated_at`) VALUES
(4, 7, '1623596538.jpg', 'About Us', 'Welcome To Hotelia Modern Hotel Room Sells Services', 'But I must explain to you how all this mistaken idea denouncing pleasure and praising pain was born and I will give you a complec ount of the system, and expound the actual teachin reatexplorer of the truth, the master-builder of human happiness. No ways one rejdislikes, or avoids pleasure itself, because', '2021-06-13 09:02:18', '2021-06-13 09:02:18'),
(5, 8, '1623661054.jpg', 'معلومات عنا', 'مرحبًا بكم في غرفة فندق Hotelia الحديثة التي تبيع الخدمات', 'لكن يجب أن أشرح لك كيف ولدت كل هذه الفكرة الخاطئة التي تندد بالمتعة وتمجيد الألم ، وسأعطيكم تكملة للنظام ، وأشرح المعلم الفعلي لاستكشاف الحقيقة ، الباني الرئيسي للسعادة البشرية. لا توجد طريقة يرفض فيها المرء ، أو يتجنب المتعة نفسها ، لأن', '2021-06-14 02:57:34', '2021-06-14 02:57:34');

-- --------------------------------------------------------

--
-- Table structure for table `languages`
--

CREATE TABLE `languages` (
  `id` bigint(20) UNSIGNED NOT NULL,
  `name` varchar(255) COLLATE utf8mb4_unicode_ci NOT NULL,
  `code` char(255) COLLATE utf8mb4_unicode_ci NOT NULL,
  `direction` tinyint(4) NOT NULL,
  `is_default` tinyint(4) NOT NULL DEFAULT '0',
  `created_at` timestamp NULL DEFAULT NULL,
  `updated_at` timestamp NULL DEFAULT NULL
) ENGINE=InnoDB DEFAULT CHARSET=utf8mb4 COLLATE=utf8mb4_unicode_ci;

--
-- Dumping data for table `languages`
--

INSERT INTO `languages` (`id`, `name`, `code`, `direction`, `is_default`, `created_at`, `updated_at`) VALUES
(7, 'English', 'en', 0, 1, '2021-06-13 08:09:43', '2021-06-13 08:09:48'),
(8, 'عربى', 'ar', 1, 0, '2021-06-13 08:30:20', '2021-06-13 08:30:20');

-- --------------------------------------------------------

--
-- Table structure for table `mail_templates`
--

CREATE TABLE `mail_templates` (
  `id` int(11) NOT NULL,
  `mail_type` varchar(50) NOT NULL,
  `mail_subject` varchar(255) NOT NULL,
  `mail_body` blob
) ENGINE=InnoDB DEFAULT CHARSET=utf8mb4;

--
-- Dumping data for table `mail_templates`
--

INSERT INTO `mail_templates` (`id`, `mail_type`, `mail_subject`, `mail_body`) VALUES
(1, 'room_booking', 'Confirmation of Room Booking', 0x3c703e44656172207b637573746f6d65725f6e616d657d2c3c2f703e0d0a0d0a3c703e5468697320656d61696c20697320746f20636f6e6669726d20796f757220626f6f6b696e6720237b626f6f6b696e675f6e756d6265727d206f6e207b626f6f6b696e675f646174657d20666f7220612073696e676c6520726f6f6d20666f72207b6e756d6265725f6f665f6e696768747d206e6967687473207769746820627265616b6661737420617420746865207b776562736974655f7469746c657d2e2054686520636865636b2d696e2064617465207368616c6c206265206f6e207b636865636b5f696e5f646174657d20616e642074686520636865636b2d6f75742064617465207368616c6c206265206f6e207b636865636b5f6f75745f646174657d2e3c2f703e0d0a0d0a3c703e467572746865722064657461696c73206f6620796f757220626f6f6b696e6720617265206c69737465642062656c6f772e3c2f703e0d0a0d0a3c703e3c623e526f6f6d204e616d653c2f623e3a207b726f6f6d5f6e616d657d3c2f703e0d0a0d0a3c703e3c623e52656e743c2f623e3a207b726f6f6d5f72656e747d3c2f703e0d0a0d0a3c703e3c623e4e756d626572206f66206775657374733c2f623e3a207b6e756d6265725f6f665f6775657374737d3c2f703e0d0a0d0a3c703e3c623e526f6f6d20747970653c2f623e3a207b726f6f6d5f747970657d3c2f703e0d0a0d0a3c703e3c623e416d656e69746965733c2f623e3a207b726f6f6d5f616d656e69746965737d3c2f703e0d0a0d0a3c703e496620796f75206861766520616e7920696e717569726965732c20706c6561736520646f6e277420686573697461746520746f20636f6e746163742075732e20576520617265206c6f6f6b696e6720666f727761726420746f20796f757220766973697420616e6420686f7065207468617420796f752077696c6c20656e6a6f7920796f757220737461792e3c2f703e0d0a0d0a3c703e4265737420526567617264732e3c62723e7b776562736974655f7469746c657d3c2f703e),
(3, 'package_booking', 'Confirmation of Package Booking', 0x3c703e44656172207b637573746f6d65725f6e616d657d2c3c2f703e3c703e5468697320656d61696c20697320746f20636f6e6669726d20796f757220626f6f6b696e6720237b626f6f6b696e675f6e756d6265727d206f6e207b626f6f6b696e675f646174657d20666f72206120746f7572207061636b61676520617420746865207b776562736974655f7469746c657d2e3c2f703e3c703e467572746865722064657461696c73206f6620796f757220626f6f6b696e6720617265206c69737465642062656c6f773a3c2f703e3c703e5061636b616765206e616d653a207b7061636b6167655f6e616d657d3c62723e5061636b6167652070726963653a207b7061636b6167655f70726963657d3c62723e4e756d626572206f662076697369746f72733a207b6e756d6265725f6f665f76697369746f72737d3c2f703e3c703e496620796f75206861766520616e7920696e717569726965732c20706c6561736520646f6e277420686573697461746520746f20636f6e746163742075732e3c2f703e3c703e4265737420526567617264732c3c62723e7b776562736974655f7469746c657d3c2f703e),
(4, 'verify_email', 'Verify Your Email Address', 0x3c703e44656172203c623e7b757365726e616d657d3c2f623e2c3c2f703e3c703e5765206a757374206e65656420746f2076657269667920796f757220656d61696c2061646472657373206265666f726520796f752063616e2061636365737320746f20796f75722064617368626f6172642e3c2f703e3c703e56657269667920796f757220656d61696c20616464726573732c207b766572696669636174696f6e5f6c696e6b7d2e3c2f703e3c703e5468616e6b20796f752e3c62723e7b776562736974655f7469746c657d3c2f703e),
(5, 'reset_password', 'Recover Password of Your Account', 0x3c703e4869207b637573746f6d65725f6e616d657d2c3c2f703e3c703e576520686176652072656365697665642061207265717565737420746f20726573657420796f75722070617373776f72642e20496620796f7520646964206e6f74206d616b652074686520726571756573742c206a7573742069676e6f7265207468697320656d61696c2e204f74686572776973652c20796f752063616e20726573657420796f75722070617373776f7264207573696e6720746869732062656c6f77206c696e6b2e3c2f703e3c703e7b70617373776f72645f72657365745f6c696e6b7d3c2f703e3c703e5468616e6b732c3c62723e7b776562736974655f7469746c657d3c2f703e),
(6, 'payment_cancelled', 'Booking Request is Rejected', 0x3c703e44656172207b637573746f6d65725f6e616d657d2c3c2f703e3c703e536f7272792c20776520686176652072656a656374656420796f757220426f6f6b696e6720526571756573742e3c2f703e3c703e5468616e6b20796f752e3c62723e7b776562736974655f7469746c657d3c2f703e),
(7, 'payment_received', 'Confirmation of Payment Received', 0x3c703e44656172207b637573746f6d65725f6e616d657d2c3c2f703e3c703e54686973206973206120636f6e6669726d6174696f6e20746861742077652068617665206a75737420726563656976656420796f7572207061796d656e742e2048657265206973206120636f7079206f6620796f75722064657461696c656420696e766f6963652e20446f6e277420686573697461746520746f20636f6e7461637420757320666f7220616e79207175657374696f6e73206f7220636f6e6365726e732e3c2f703e3c703e5468616e6b20796f752e3c62723e7b776562736974655f7469746c657d3c2f703e);

-- --------------------------------------------------------

--
-- Table structure for table `menus`
--

CREATE TABLE `menus` (
  `id` bigint(20) UNSIGNED NOT NULL,
  `language_id` int(11) DEFAULT NULL,
  `menus` text COLLATE utf8mb4_unicode_ci,
  `created_at` timestamp NULL DEFAULT NULL,
  `updated_at` timestamp NULL DEFAULT NULL
) ENGINE=InnoDB DEFAULT CHARSET=utf8mb4 COLLATE=utf8mb4_unicode_ci;

--
-- Dumping data for table `menus`
--

INSERT INTO `menus` (`id`, `language_id`, `menus`, `created_at`, `updated_at`) VALUES
(239, 8, '[{\"type\":\"home\",\"text\":\"\\u0645\\u0646\\u0632\\u0644\\u060c \\u0628\\u064a\\u062a\",\"href\":\"\",\"target\":\"_self\"},{\"type\":\"custom\",\"text\":\"\\u062d\\u0648\\u0644\",\"href\":\"\",\"target\":\"_self\",\"children\":[{\"type\":\"custom\",\"text\":\"\\u0635\\u0641\\u062d\\u0627\\u062a \\u0645\\u062e\\u0635\\u0635\\u0629\",\"href\":\"\",\"target\":\"_self\",\"children\":[{\"type\":\"22\",\"text\":\"\\u0645\\u0639\\u0644\\u0648\\u0645\\u0627\\u062a \\u0639\\u0646\\u0627\",\"href\":\"\",\"target\":\"_self\"},{\"type\":\"23\",\"text\":\"\\u0627\\u0644\\u0628\\u0646\\u0648\\u062f \\u0648 \\u0627\\u0644\\u0638\\u0631\\u0648\\u0641\",\"href\":\"\",\"target\":\"_self\"}]},{\"type\":\"faq\",\"text\":\"\\u0623\\u0633\\u0626\\u0644\\u0629 \\u0648\\u0623\\u062c\\u0648\\u0628\\u0629\",\"href\":\"\",\"target\":\"_self\"}]},{\"type\":\"services\",\"text\":\"\\u062e\\u062f\\u0645\\u0627\\u062a\",\"href\":\"\",\"target\":\"_self\"},{\"type\":\"rooms\",\"text\":\"\\u063a\\u0631\\u0641\",\"href\":\"\",\"target\":\"_self\"},{\"type\":\"packages\",\"text\":\"\\u0628\\u0631\\u0627\\u0645\\u062c \\u0633\\u064a\\u0627\\u062d\\u064a\\u0629\",\"href\":\"\",\"target\":\"_self\"},{\"type\":\"blogs\",\"text\":\"\\u0627\\u0644\\u0645\\u062f\\u0648\\u0646\\u0627\\u062a\",\"href\":\"\",\"target\":\"_self\"},{\"type\":\"gallery\",\"text\":\"\\u0635\\u0627\\u0644\\u0629 \\u0639\\u0631\\u0636\",\"href\":\"\",\"target\":\"_self\"},{\"type\":\"contact\",\"text\":\"\\u0627\\u062a\\u0635\\u0627\\u0644\",\"href\":\"\",\"target\":\"_self\"}]', '2021-06-14 04:32:12', '2021-06-14 04:32:12'),
(244, 7, '[{\"text\":\"Home\",\"href\":\"\",\"icon\":\"empty\",\"target\":\"_self\",\"title\":\"\",\"type\":\"home\"},{\"text\":\"About\",\"href\":\"\",\"icon\":\"empty\",\"target\":\"_self\",\"title\":\"\",\"type\":\"custom\",\"children\":[{\"text\":\"Custom Pages\",\"href\":\"\",\"icon\":\"empty\",\"target\":\"_self\",\"title\":\"\",\"type\":\"custom\",\"children\":[{\"text\":\"About Us\",\"href\":\"\",\"icon\":\"empty\",\"target\":\"_self\",\"title\":\"\",\"type\":\"22\"},{\"text\":\"Terms & Conditions\",\"href\":\"\",\"icon\":\"empty\",\"target\":\"_self\",\"title\":\"\",\"type\":\"23\"}]},{\"text\":\"FAQs\",\"href\":\"\",\"icon\":\"empty\",\"target\":\"_self\",\"title\":\"\",\"type\":\"faq\"}]},{\"text\":\"Services\",\"href\":\"\",\"icon\":\"empty\",\"target\":\"_self\",\"title\":\"\",\"type\":\"services\"},{\"text\":\"Rooms\",\"href\":\"\",\"icon\":\"empty\",\"target\":\"_self\",\"title\":\"\",\"type\":\"rooms\"},{\"text\":\"Packages\",\"href\":\"\",\"icon\":\"empty\",\"target\":\"_self\",\"title\":\"\",\"type\":\"packages\"},{\"text\":\"Blog\",\"href\":\"\",\"icon\":\"empty\",\"target\":\"_self\",\"title\":\"\",\"type\":\"blogs\"},{\"text\":\"Gallery\",\"href\":\"\",\"icon\":\"empty\",\"target\":\"_self\",\"title\":\"\",\"type\":\"gallery\"},{\"text\":\"Contact\",\"href\":\"\",\"icon\":\"empty\",\"target\":\"_self\",\"title\":\"\",\"type\":\"contact\"}]', '2022-04-25 22:07:22', '2022-04-25 22:07:22');

-- --------------------------------------------------------

--
-- Table structure for table `migrations`
--

CREATE TABLE `migrations` (
  `id` int(10) UNSIGNED NOT NULL,
  `migration` varchar(255) COLLATE utf8mb4_unicode_ci NOT NULL,
  `batch` int(11) NOT NULL
) ENGINE=InnoDB DEFAULT CHARSET=utf8mb4 COLLATE=utf8mb4_unicode_ci;

--
-- Dumping data for table `migrations`
--

INSERT INTO `migrations` (`id`, `migration`, `batch`) VALUES
(9, '2021_10_27_042323_add_quantity_to_rooms_table', 1),
(10, '2022_04_27_095020_create_push_subscriptions_table', 2),
(11, '2022_04_27_095718_create_guests_table', 3),
(12, '2022_04_28_050723_add_notification_image_to_basic_settings_table', 4),
(16, '2022_04_28_051844_alter_table_room_bookings', 5),
(17, '2022_04_28_053427_create_room_coupons_table', 5),
(19, '2022_04_28_080102_create_qr_codes_table', 7),
(20, '2022_04_28_074052_alter_table_basic_settings', 8),
(22, '2022_04_30_055359_add_facebook_credentials_to_basic_settings_table', 9),
(23, '2022_04_30_092558_alter_table_users', 10),
(24, '2022_04_30_101023_add_google_credentials_to_basic_settings_table', 11),
(25, '2022_05_01_043221_create_package_coupons_table', 12),
(26, '2022_05_07_054927_alter_table_package_bookings', 13),
(27, '2022_07_04_054928_add_password_col_to_users_table', 14);

-- --------------------------------------------------------

--
-- Table structure for table `offline_gateways`
--

CREATE TABLE `offline_gateways` (
  `id` bigint(20) UNSIGNED NOT NULL,
  `name` varchar(255) COLLATE utf8mb4_unicode_ci NOT NULL,
  `short_description` text COLLATE utf8mb4_unicode_ci,
  `instructions` blob,
  `room_booking_status` tinyint(4) NOT NULL DEFAULT '1',
  `attachment_status` tinyint(4) NOT NULL,
  `serial_number` int(11) NOT NULL
) ENGINE=InnoDB DEFAULT CHARSET=utf8mb4 COLLATE=utf8mb4_unicode_ci;

--
-- Dumping data for table `offline_gateways`
--

INSERT INTO `offline_gateways` (`id`, `name`, `short_description`, `instructions`, `room_booking_status`, `attachment_status`, `serial_number`) VALUES
(1, 'Citibank', 'A pioneer of both the credit card industry and automated teller machines, Citibank – formerly the City Bank of New York.', 0x3c703e3c7370616e207374796c653d22636f6c6f723a207267622835312c2035312c203531293b20666f6e742d66616d696c793a2070726f78696d612d6e6f76612c2073616e732d73657269663b20666f6e742d73697a653a20313670783b223e412070696f6e656572206f6620626f74682074686520637265646974206361726420696e64757374727920616e64206175746f6d617465642074656c6c6572206d616368696e65732c266e6273703b3c2f7370616e3e3c6120687265663d2268747470733a2f2f736d61727461737365742e636f6d2f636865636b696e672d6163636f756e742f4369746962616e6b2d62616e6b696e672d72657669657722207374796c653d22636f6c6f723a207267622833322c203136372c20323236293b20666f6e742d66616d696c793a2070726f78696d612d6e6f76612c2073616e732d73657269663b20666f6e742d73697a653a20313670783b206261636b67726f756e642d636f6c6f723a20726762283235352c203235352c20323535293b223e4369746962616e6b3c2f613e3c7370616e207374796c653d22636f6c6f723a207267622835312c2035312c203531293b20666f6e742d66616d696c793a2070726f78696d612d6e6f76612c2073616e732d73657269663b20666f6e742d73697a653a20313670783b223e266e6273703be280930a20666f726d65726c792074686520436974792042616e6b206f66204e657720596f726b20e280932077617320726567617264656420617320616e204561737420436f617374200a6571756976616c656e7420746f2057656c6c7320466172676f20647572696e672074686520313974682063656e747572792e3c2f7370616e3e3c62723e3c2f703e, 1, 0, 1),
(2, 'Bank of America', 'Bank of America has 4,265 branches in the country, only about 700 fewer than Chase. It started as a small institution serving immigrants in San Francisco.', 0x3c703e3c7370616e207374796c653d22636f6c6f723a7267622835312c35312c3531293b666f6e742d66616d696c793a2770726f78696d612d6e6f7661272c2073616e732d73657269663b666f6e742d73697a653a313670783b223e576974682024312e38207472696c6c696f6e20696e20636f6e736f6c696461746564206173736574732cc2a03c2f7370616e3e3c6120687265663d2268747470733a2f2f736d61727461737365742e636f6d2f636865636b696e672d6163636f756e742f62616e6b2d6f662d616d65726963612d726576696577223e42616e6b206f6620416d65726963613c2f613e3c7370616e207374796c653d22636f6c6f723a7267622835312c35312c3531293b666f6e742d66616d696c793a2770726f78696d612d6e6f7661272c2073616e732d73657269663b666f6e742d73697a653a313670783b223ec2a069730d0a207365636f6e64206f6e20746865206c6973742e204974732068656164717561727465727320696e20436861726c6f7474652c204e6f727468204361726f6c696e612c200d0a73696e676c6568616e6465646c79206d616b657320746861742063697479206f6e65206f662074686520626967676573742066696e616e6369616c2063656e7465727320696e200d0a74686520636f756e7472792e3c2f7370616e3e3c62723e3c2f703e, 1, 1, 2);

-- --------------------------------------------------------

--
-- Table structure for table `online_gateways`
--

CREATE TABLE `online_gateways` (
  `id` int(10) UNSIGNED NOT NULL,
  `name` varchar(255) NOT NULL,
  `keyword` varchar(255) NOT NULL,
  `information` mediumtext NOT NULL,
  `status` tinyint(4) UNSIGNED NOT NULL
) ENGINE=InnoDB DEFAULT CHARSET=utf8mb4;

--
-- Dumping data for table `online_gateways`
--

INSERT INTO `online_gateways` (`id`, `name`, `keyword`, `information`, `status`) VALUES
(1, 'PayPal', 'paypal', '{\"sandbox_status\":\"1\",\"client_id\":\"AVYKFEw63FtDt9aeYOe9biyifNI56s2Hc2F1Us11hWoY5GMuegipJRQBfWLiIKNbwQ5tmqKSrQTU3zB3\",\"client_secret\":\"EJY0qOKliVg7wKsR3uPN7lngr9rL1N7q4WV0FulT1h4Fw3_e5Itv1mxSdbtSUwAaQoXQFgq-RLlk_sQu\"}', 1),
(2, 'Stripe', 'stripe', '{\"key\":\"pk_test_UnU1Coi1p5qFGwtpjZMRMgJM\",\"secret\":\"sk_test_QQcg3vGsKRPlW6T3dXcNJsor\"}', 1),
(3, 'Instamojo', 'instamojo', '{\"sandbox_status\":\"1\",\"instamojo_key\":\"test_172371aa837ae5cad6047dc3052\",\"instamojo_token\":\"test_4ac5a785e25fc596b67dbc5c267\"}', 1),
(4, 'Paystack', 'paystack', '{\"paystack_key\":\"sk_test_45b0b207ffa006eeb5fc74ea35d01e673be15ade\",\"paystack_email\":\"test@test.com\"}', 1),
(5, 'Flutterwave', 'flutterwave', '{\"flutterwave_public_key\":\"FLWPUBK_TEST-a34940f2f87746abbdd8c117caee81cf-X\",\"flutterwave_secret_key\":\"FLWSECK_TEST-1cb427c96e0b1e6772a04504be3638bd-X\"}', 1),
(6, 'Razorpay', 'razorpay', '{\"razorpay_key\":\"rzp_test_fV9dM9URYbqjm7\",\"razorpay_secret\":\"nickxZ1du2ojPYVVRTDif2Xr\"}', 1),
(7, 'MercadoPago', 'mercadopago', '{\"sandbox_status\":\"1\",\"mercadopago_token\":\"TEST-705032440135962-041006-ad2e021853f22338fe1a4db9f64d1491-421886156\"}', 1),
(8, 'Mollie', 'mollie', '{\"mollie_key\":\"test_m6BAuk4mJ7asBP52AtCWn3WjpK4Tv3\"}', 1),
(9, 'Paytm', 'paytm', '{\"environment\":\"local\",\"merchant_key\":\"LhNGUUKE9xCQ9xY8\",\"merchant_mid\":\"tkogux49985047638244\",\"merchant_website\":\"WEBSTAGING\",\"industry\":\"Retail\"}', 1);

-- --------------------------------------------------------

--
-- Table structure for table `packages`
--

CREATE TABLE `packages` (
  `id` bigint(20) UNSIGNED NOT NULL,
  `slider_imgs` text COLLATE utf8mb4_unicode_ci NOT NULL,
  `featured_img` varchar(255) COLLATE utf8mb4_unicode_ci NOT NULL,
  `plan_type` varchar(255) COLLATE utf8mb4_unicode_ci NOT NULL,
  `max_persons` mediumint(8) UNSIGNED DEFAULT NULL,
  `number_of_days` int(11) NOT NULL DEFAULT '1',
  `pricing_type` varchar(255) COLLATE utf8mb4_unicode_ci NOT NULL,
  `package_price` decimal(8,2) UNSIGNED DEFAULT NULL,
  `email` varchar(255) COLLATE utf8mb4_unicode_ci DEFAULT NULL COMMENT 'this email will be used to contact with the admin',
  `phone` varchar(255) COLLATE utf8mb4_unicode_ci DEFAULT NULL COMMENT 'this phone will be used to contact with the admin',
  `avg_rating` decimal(4,2) UNSIGNED DEFAULT NULL,
  `is_featured` tinyint(3) UNSIGNED NOT NULL DEFAULT '0' COMMENT '0 - will not show in home page, 1 - will show in home page',
  `created_at` timestamp NULL DEFAULT NULL,
  `updated_at` timestamp NULL DEFAULT NULL
) ENGINE=InnoDB DEFAULT CHARSET=utf8mb4 COLLATE=utf8mb4_unicode_ci;

--
-- Dumping data for table `packages`
--

INSERT INTO `packages` (`id`, `slider_imgs`, `featured_img`, `plan_type`, `max_persons`, `number_of_days`, `pricing_type`, `package_price`, `email`, `phone`, `avg_rating`, `is_featured`, `created_at`, `updated_at`) VALUES
(15, '[\"60c6259e94212.jpg\",\"60c6259e9504c.jpg\",\"60c6259e95ef5.jpg\",\"60c6259e96dcc.jpg\",\"60c6259e9834d.jpg\",\"60c6259e99281.jpg\"]', '1623598494.jpg', 'daywise', 5, 3, 'fixed', '120.00', 'admin@example.com', '82376823733', NULL, 1, '2021-06-13 09:34:54', '2021-06-13 11:16:33'),
(16, '[\"60c6274b1c7bf.jpg\",\"60c6274b1d819.jpg\",\"60c6274b1e547.jpg\",\"60c6274b1f5ca.jpg\",\"60c6274b20785.jpg\",\"60c6274b21c9e.jpg\"]', '1623598923.jpg', 'timewise', 6, 1, 'per-person', '40.00', 'admin@example.com', '93763099333', NULL, 1, '2021-06-13 09:42:03', '2021-06-13 11:16:35'),
(17, '[\"60c628496e3e4.jpg\",\"60c628496f2d8.jpg\",\"60c6284970293.jpg\",\"60c6284970f87.jpg\",\"60c6284971d4d.jpg\",\"60c6284972d53.jpg\"]', '1623599177.jpg', 'daywise', 7, 3, 'negotiable', NULL, 'admin@example.com', '09367396033', NULL, 1, '2021-06-13 09:46:17', '2021-06-13 11:16:38'),
(18, '[\"60c629d77cdae.jpg\",\"60c629d77de05.jpg\",\"60c629d7823b6.jpg\",\"60c629d783b1e.jpg\",\"60c629d7850df.jpg\",\"60c629d78921d.jpg\"]', '1623599575.jpg', 'daywise', 5, 5, 'fixed', '180.00', 'admin@example.com', '372378237323', '5.00', 1, '2021-06-13 09:52:55', '2021-06-14 08:10:13'),
(19, '[\"60c62ba04a042.jpg\",\"60c62ba04afa3.jpg\",\"60c62ba04dffa.jpg\",\"60c62ba04ed9b.jpg\",\"60c62ba04ff50.jpg\",\"60c62ba05153f.jpg\"]', '1623600032.jpg', 'timewise', 3, 1, 'per-person', '30.00', 'admin@example.com', '36237237338', NULL, 1, '2021-06-13 10:00:32', '2021-06-13 11:16:43'),
(20, '[\"60c6352e49c80.jpg\",\"60c6352e4aaec.jpg\",\"60c6352e4b7d7.jpg\",\"60c6352e4d37d.jpg\",\"60c6352e4eb84.jpg\",\"60c6352e4f80c.jpg\"]', '1623602478.jpg', 'daywise', 4, 6, 'per-person', '20.00', 'admin@example.com', '8709840936', '4.00', 1, '2021-06-13 10:41:18', '2021-06-14 23:54:32'),
(21, '[\"60c63aa237b88.jpg\",\"60c63aa238af3.jpg\",\"60c63aa239af6.jpg\",\"60c63aa23a6fc.jpg\",\"60c63aa23ca58.jpg\",\"60c63aa23d923.jpg\"]', '1623603874.jpg', 'daywise', 8, 10, 'negotiable', NULL, 'admin@example.com', '702309723', NULL, 0, '2021-06-13 10:45:05', '2021-06-13 11:04:34'),
(22, '[\"60c636ac649dd.jpg\",\"60c636ac65fe4.jpg\",\"60c636ac66e92.jpg\",\"60c636ac67bce.jpg\",\"60c636ac68a78.jpg\",\"60c636ac6982e.jpg\"]', '1623602860.jpg', 'timewise', 2, 1, 'per-person', '40.00', 'admin@example.com', '83687320760', '3.00', 0, '2021-06-13 10:47:40', '2021-06-14 08:11:16'),
(23, '[\"60c6387f59139.jpg\",\"60c6387f59d9a.jpg\",\"60c6387f5f4f6.jpg\",\"60c6387f62937.jpg\",\"60c6387f63a0a.jpg\",\"60c6387f6541f.jpg\"]', '1623603327.jpg', 'daywise', 5, 7, 'fixed', '200.00', 'admin@example.com', '362376903', '5.00', 0, '2021-06-13 10:55:27', '2021-06-14 08:11:03');

-- --------------------------------------------------------

--
-- Table structure for table `package_bookings`
--

CREATE TABLE `package_bookings` (
  `id` bigint(20) UNSIGNED NOT NULL,
  `booking_number` bigint(20) UNSIGNED NOT NULL,
  `user_id` bigint(20) UNSIGNED DEFAULT NULL,
  `customer_name` varchar(255) COLLATE utf8mb4_unicode_ci NOT NULL,
  `customer_email` varchar(255) COLLATE utf8mb4_unicode_ci NOT NULL,
  `customer_phone` varchar(255) COLLATE utf8mb4_unicode_ci NOT NULL,
  `package_id` bigint(20) UNSIGNED NOT NULL,
  `visitors` int(10) UNSIGNED NOT NULL,
  `subtotal` decimal(8,2) UNSIGNED NOT NULL,
  `discount` decimal(8,2) UNSIGNED NOT NULL DEFAULT '0.00',
  `grand_total` decimal(8,2) UNSIGNED DEFAULT NULL,
  `currency_symbol` varchar(255) COLLATE utf8mb4_unicode_ci DEFAULT NULL,
  `currency_symbol_position` varchar(255) COLLATE utf8mb4_unicode_ci DEFAULT NULL,
  `currency_text` varchar(255) COLLATE utf8mb4_unicode_ci DEFAULT NULL,
  `currency_text_position` varchar(255) COLLATE utf8mb4_unicode_ci DEFAULT NULL,
  `payment_method` varchar(255) COLLATE utf8mb4_unicode_ci DEFAULT NULL,
  `gateway_type` varchar(255) COLLATE utf8mb4_unicode_ci DEFAULT NULL,
  `attachment` varchar(255) COLLATE utf8mb4_unicode_ci DEFAULT NULL,
  `invoice` varchar(255) COLLATE utf8mb4_unicode_ci DEFAULT NULL,
  `payment_status` tinyint(3) UNSIGNED NOT NULL DEFAULT '0' COMMENT '0 -> payment incomplete, 1 -> payment complete',
  `created_at` timestamp NULL DEFAULT NULL,
  `updated_at` timestamp NULL DEFAULT NULL
) ENGINE=InnoDB DEFAULT CHARSET=utf8mb4 COLLATE=utf8mb4_unicode_ci;

--
-- Dumping data for table `package_bookings`
--

INSERT INTO `package_bookings` (`id`, `booking_number`, `user_id`, `customer_name`, `customer_email`, `customer_phone`, `package_id`, `visitors`, `subtotal`, `discount`, `grand_total`, `currency_symbol`, `currency_symbol_position`, `currency_text`, `currency_text_position`, `payment_method`, `gateway_type`, `attachment`, `invoice`, `payment_status`, `created_at`, `updated_at`) VALUES
(20, 1651920035, 23, 'Md. Sadid Hasan Rakib', 'sadid.hasan14@gmail.com', '01686321356', 22, 1, '40.00', '8.00', '32.00', '$', 'left', 'USD', 'left', 'Citibank', 'offline', NULL, '1651920035.pdf', 0, '2022-05-07 04:40:35', '2022-05-07 04:40:37'),
(21, 1651920155, 23, 'Md. Sadid Hasan Rakib', 'sadid.hasan14@gmail.com', '01686321356', 16, 6, '240.00', '0.00', '240.00', '$', 'left', 'USD', 'left', 'Bank of America', 'offline', '1651920155.jpeg', '1651920155.pdf', 1, '2022-05-07 04:42:35', '2022-05-07 04:52:37'),
(22, 1656486374, 23, 'Md. Sadid Hasan Rakib', 'user@gmail.com', '01686321356', 23, 3, '200.00', '20.00', '180.00', '$', 'left', 'USD', 'left', 'PayPal', 'online', NULL, '1656486374.pdf', 1, '2022-06-29 01:06:14', '2022-06-29 01:06:29');

-- --------------------------------------------------------

--
-- Table structure for table `package_categories`
--

CREATE TABLE `package_categories` (
  `id` bigint(20) UNSIGNED NOT NULL,
  `language_id` bigint(20) UNSIGNED NOT NULL,
  `name` varchar(255) COLLATE utf8mb4_unicode_ci NOT NULL,
  `status` tinyint(3) UNSIGNED NOT NULL,
  `serial_number` int(10) UNSIGNED NOT NULL,
  `created_at` timestamp NULL DEFAULT NULL,
  `updated_at` timestamp NULL DEFAULT NULL
) ENGINE=InnoDB DEFAULT CHARSET=utf8mb4 COLLATE=utf8mb4_unicode_ci;

--
-- Dumping data for table `package_categories`
--

INSERT INTO `package_categories` (`id`, `language_id`, `name`, `status`, `serial_number`, `created_at`, `updated_at`) VALUES
(9, 7, 'Holiday', 1, 1, '2021-06-13 09:27:15', '2021-06-13 11:00:56'),
(10, 7, 'Mountains & Hills', 1, 2, '2021-06-13 09:27:33', '2021-06-13 11:00:48'),
(11, 7, 'Vacation', 1, 3, '2021-06-13 09:28:05', '2021-06-13 09:28:05'),
(12, 8, 'يوم الاجازة', 1, 1, '2021-06-13 09:29:51', '2021-06-13 11:03:51'),
(13, 8, 'الجبل والتلال', 1, 2, '2021-06-13 09:30:15', '2021-06-13 11:04:03'),
(14, 8, 'عطلة', 1, 3, '2021-06-13 09:30:35', '2021-06-13 09:30:35');

-- --------------------------------------------------------

--
-- Table structure for table `package_contents`
--

CREATE TABLE `package_contents` (
  `id` bigint(20) UNSIGNED NOT NULL,
  `language_id` bigint(20) UNSIGNED NOT NULL,
  `package_category_id` bigint(20) UNSIGNED DEFAULT NULL,
  `package_id` bigint(20) UNSIGNED NOT NULL,
  `title` varchar(255) COLLATE utf8mb4_unicode_ci NOT NULL,
  `slug` varchar(255) COLLATE utf8mb4_unicode_ci NOT NULL,
  `description` blob NOT NULL,
  `meta_keywords` varchar(255) COLLATE utf8mb4_unicode_ci DEFAULT NULL,
  `meta_description` text COLLATE utf8mb4_unicode_ci,
  `created_at` timestamp NULL DEFAULT NULL,
  `updated_at` timestamp NULL DEFAULT NULL
) ENGINE=InnoDB DEFAULT CHARSET=utf8mb4 COLLATE=utf8mb4_unicode_ci;

--
-- Dumping data for table `package_contents`
--

INSERT INTO `package_contents` (`id`, `language_id`, `package_category_id`, `package_id`, `title`, `slug`, `description`, `meta_keywords`, `meta_description`, `created_at`, `updated_at`) VALUES
(32, 7, 10, 15, 'USA - Western Wonders (Cosmos)', 'usa---western-wonders-(cosmos)', 0x3c70207374796c653d22746578742d616c69676e3a6a7573746966793b666f6e742d66616d696c793a274f70656e2053616e73272c20417269616c2c2073616e732d73657269663b223e436f6e747261727920746f20706f70756c61722062656c6965662c204c6f72656d20497073756d206973206e6f742073696d706c792072616e646f6d20746578742e2049742068617320726f6f747320696e2061207069656365206f6620636c6173736963616c204c6174696e206c6974657261747572652066726f6d2034352042432c206d616b696e67206974206f7665722032303030207965617273206f6c642e2052696368617264204d63436c696e746f636b2c2061204c6174696e2070726f666573736f722061742048616d7064656e2d5379646e657920436f6c6c65676520696e2056697267696e69612c206c6f6f6b6564207570206f6e65206f6620746865206d6f7265206f627363757265204c6174696e20776f7264732c20636f6e73656374657475722c2066726f6d2061204c6f72656d20497073756d20706173736167652c20616e6420676f696e67207468726f75676820746865206369746573206f662074686520776f726420696e20636c6173736963616c206c6974657261747572652c20646973636f76657265642074686520756e646f75627461626c6520736f757263652e204c6f72656d20497073756d20636f6d65732066726f6d2073656374696f6e7320312e31302e333220616e6420312e31302e3333206f66202264652046696e6962757320426f6e6f72756d206574204d616c6f72756d2220285468652045787472656d6573206f6620476f6f6420616e64204576696c292062792043696365726f2c207772697474656e20696e2034352042432e205468697320626f6f6b2069732061207472656174697365206f6e20746865207468656f7279206f66206574686963732c207665727920706f70756c617220647572696e67207468652052656e61697373616e63652e20546865206669727374206c696e65206f66204c6f72656d20497073756d2c20224c6f72656d20697073756d20646f6c6f722073697420616d65742e2e222c20636f6d65732066726f6d2061206c696e6520696e2073656374696f6e20312e31302e33322e3c2f703e, NULL, NULL, '2021-06-13 09:34:54', '2021-06-13 09:34:54'),
(33, 8, 13, 15, 'الولايات المتحدة الأمريكية - عجائب الدنيا الغربية (كوزموس)', 'الولايات-المتحدة-الأمريكية---عجائب-الدنيا-الغربية-(كوزموس)', 0x3c703e3c7370616e207374796c653d22666f6e742d66616d696c793a274f70656e2053616e73272c20417269616c2c2073616e732d73657269663b746578742d616c69676e3a6a7573746966793b223ed987d986d8a7d984d98320d8a7d984d8b9d8afd98ad8af20d985d98620d8a7d984d8a3d986d988d8a7d8b920d8a7d984d985d8aad988d981d8b1d8a920d984d986d8b5d988d8b520d984d988d8b1d98ad98520d8a5d98ad8a8d8b3d988d985d88c20d988d984d983d98620d8a7d984d8bad8a7d984d8a8d98ad8a920d8aad98520d8aad8b9d8afd98ad984d987d8a720d8a8d8b4d983d98420d985d8a720d8b9d8a8d8b120d8a5d8afd8aed8a7d98420d8a8d8b9d8b620d8a7d984d986d988d8a7d8afd8b120d8a3d98820d8a7d984d983d984d985d8a7d8aa20d8a7d984d8b9d8b4d988d8a7d8a6d98ad8a920d8a5d984d98920d8a7d984d986d8b52e20d8a5d98620d983d986d8aa20d8aad8b1d98ad8af20d8a3d98620d8aad8b3d8aad8aed8afd98520d986d8b520d984d988d8b1d98ad98520d8a5d98ad8a8d8b3d988d98520d985d8a7d88c20d8b9d984d98ad98320d8a3d98620d8aad8aad8add982d98220d8a3d988d984d8a7d98b20d8a3d98620d984d98ad8b320d987d986d8a7d98320d8a3d98a20d983d984d985d8a7d8aa20d8a3d98820d8b9d8a8d8a7d8b1d8a7d8aa20d985d8add8b1d8acd8a920d8a3d98820d8bad98ad8b120d984d8a7d8a6d982d8a920d985d8aed8a8d8a3d8a920d981d98a20d987d8b0d8a720d8a7d984d986d8b52e20d8a8d98ad986d985d8a720d8aad8b9d985d98420d8acd985d98ad8b920d985d988d984d991d8afd8a7d8aa20d986d8b5d988d8b520d984d988d8b1d98ad98520d8a5d98ad8a8d8b3d988d98520d8b9d984d98920d8a7d984d8a5d986d8aad8b1d986d8aa20d8b9d984d98920d8a5d8b9d8a7d8afd8a920d8aad983d8b1d8a7d8b120d985d982d8a7d8b7d8b920d985d98620d986d8b520d984d988d8b1d98ad98520d8a5d98ad8a8d8b3d988d98520d986d981d8b3d98720d8b9d8afd8a920d985d8b1d8a7d8aa20d8a8d985d8a720d8aad8aad8b7d984d8a8d98720d8a7d984d8add8a7d8acd8a9d88c20d98ad982d988d98520d985d988d984d991d8afd986d8a720d987d8b0d8a720d8a8d8a7d8b3d8aad8aed8afd8a7d98520d983d984d985d8a7d8aa20d985d98620d982d8a7d985d988d8b320d98ad8add988d98a20d8b9d984d98920d8a3d983d8abd8b120d985d9862032303020d983d984d985d8a920d984d8a720d8aad98ad986d98ad8a9d88c20d985d8b6d8a7d98120d8a5d984d98ad987d8a720d985d8acd985d988d8b9d8a920d985d98620d8a7d984d8acd985d98420d8a7d984d986d985d988d8b0d8acd98ad8a9d88c20d984d8aad983d988d98ad98620d986d8b520d984d988d8b1d98ad98520d8a5d98ad8a8d8b3d988d98520d8b0d98820d8b4d983d98420d985d986d8b7d982d98a20d982d8b1d98ad8a820d8a5d984d98920d8a7d984d986d8b520d8a7d984d8add982d98ad982d98a2e20d988d8a8d8a7d984d8aad8a7d984d98a20d98ad983d988d98620d8a7d984d986d8b520d8a7d984d986d8a7d8aad8ad20d8aed8a7d984d98a20d985d98620d8a7d984d8aad983d8b1d8a7d8b1d88c20d8a3d98820d8a3d98a20d983d984d985d8a7d8aa20d8a3d98820d8b9d8a8d8a7d8b1d8a7d8aa20d8bad98ad8b120d984d8a7d8a6d982d8a920d8a3d98820d985d8a720d8b4d8a7d8a8d9872e20d988d987d8b0d8a720d985d8a720d98ad8acd8b9d984d98720d8a3d988d98420d985d988d984d991d8af20d986d8b520d984d988d8b1d98ad98520d8a5d98ad8a8d8b3d988d98520d8add982d98ad982d98a20d8b9d984d98920d8a7d984d8a5d986d8aad8b1d986d8aa2e3c2f7370616e3e3c62723e3c2f703e, NULL, NULL, '2021-06-13 09:34:54', '2021-06-13 09:34:54'),
(34, 7, 9, 16, 'Grand Bargain Tour Of USA (Holiday Saving Account)', 'grand-bargain-tour-of-usa-(holiday-saving-account)', 0x3c70207374796c653d22746578742d616c69676e3a6a7573746966793b666f6e742d66616d696c793a274f70656e2053616e73272c20417269616c2c2073616e732d73657269663b223e436f6e747261727920746f20706f70756c61722062656c6965662c204c6f72656d20497073756d206973206e6f742073696d706c792072616e646f6d20746578742e2049742068617320726f6f747320696e2061207069656365206f6620636c6173736963616c204c6174696e206c6974657261747572652066726f6d2034352042432c206d616b696e67206974206f7665722032303030207965617273206f6c642e2052696368617264204d63436c696e746f636b2c2061204c6174696e2070726f666573736f722061742048616d7064656e2d5379646e657920436f6c6c65676520696e2056697267696e69612c206c6f6f6b6564207570206f6e65206f6620746865206d6f7265206f627363757265204c6174696e20776f7264732c20636f6e73656374657475722c2066726f6d2061204c6f72656d20497073756d20706173736167652c20616e6420676f696e67207468726f75676820746865206369746573206f662074686520776f726420696e20636c6173736963616c206c6974657261747572652c20646973636f76657265642074686520756e646f75627461626c6520736f757263652e204c6f72656d20497073756d20636f6d65732066726f6d2073656374696f6e7320312e31302e333220616e6420312e31302e3333206f66202264652046696e6962757320426f6e6f72756d206574204d616c6f72756d2220285468652045787472656d6573206f6620476f6f6420616e64204576696c292062792043696365726f2c207772697474656e20696e2034352042432e205468697320626f6f6b2069732061207472656174697365206f6e20746865207468656f7279206f66206574686963732c207665727920706f70756c617220647572696e67207468652052656e61697373616e63652e20546865206669727374206c696e65206f66204c6f72656d20497073756d2c20224c6f72656d20697073756d20646f6c6f722073697420616d65742e2e222c20636f6d65732066726f6d2061206c696e6520696e2073656374696f6e20312e31302e33322e3c2f703e, NULL, NULL, '2021-06-13 09:42:03', '2021-06-13 09:42:03'),
(35, 8, 12, 16, 'جولة الصفقة الكبرى في الولايات المتحدة الأمريكية (حساب توفير عطلة)', 'جولة-الصفقة-الكبرى-في-الولايات-المتحدة-الأمريكية-(حساب-توفير-عطلة)', 0x3c703e3c7370616e207374796c653d22666f6e742d66616d696c793a274f70656e2053616e73272c20417269616c2c2073616e732d73657269663b746578742d616c69676e3a6a7573746966793b223ed987d986d8a7d984d98320d8a7d984d8b9d8afd98ad8af20d985d98620d8a7d984d8a3d986d988d8a7d8b920d8a7d984d985d8aad988d981d8b1d8a920d984d986d8b5d988d8b520d984d988d8b1d98ad98520d8a5d98ad8a8d8b3d988d985d88c20d988d984d983d98620d8a7d984d8bad8a7d984d8a8d98ad8a920d8aad98520d8aad8b9d8afd98ad984d987d8a720d8a8d8b4d983d98420d985d8a720d8b9d8a8d8b120d8a5d8afd8aed8a7d98420d8a8d8b9d8b620d8a7d984d986d988d8a7d8afd8b120d8a3d98820d8a7d984d983d984d985d8a7d8aa20d8a7d984d8b9d8b4d988d8a7d8a6d98ad8a920d8a5d984d98920d8a7d984d986d8b52e20d8a5d98620d983d986d8aa20d8aad8b1d98ad8af20d8a3d98620d8aad8b3d8aad8aed8afd98520d986d8b520d984d988d8b1d98ad98520d8a5d98ad8a8d8b3d988d98520d985d8a7d88c20d8b9d984d98ad98320d8a3d98620d8aad8aad8add982d98220d8a3d988d984d8a7d98b20d8a3d98620d984d98ad8b320d987d986d8a7d98320d8a3d98a20d983d984d985d8a7d8aa20d8a3d98820d8b9d8a8d8a7d8b1d8a7d8aa20d985d8add8b1d8acd8a920d8a3d98820d8bad98ad8b120d984d8a7d8a6d982d8a920d985d8aed8a8d8a3d8a920d981d98a20d987d8b0d8a720d8a7d984d986d8b52e20d8a8d98ad986d985d8a720d8aad8b9d985d98420d8acd985d98ad8b920d985d988d984d991d8afd8a7d8aa20d986d8b5d988d8b520d984d988d8b1d98ad98520d8a5d98ad8a8d8b3d988d98520d8b9d984d98920d8a7d984d8a5d986d8aad8b1d986d8aa20d8b9d984d98920d8a5d8b9d8a7d8afd8a920d8aad983d8b1d8a7d8b120d985d982d8a7d8b7d8b920d985d98620d986d8b520d984d988d8b1d98ad98520d8a5d98ad8a8d8b3d988d98520d986d981d8b3d98720d8b9d8afd8a920d985d8b1d8a7d8aa20d8a8d985d8a720d8aad8aad8b7d984d8a8d98720d8a7d984d8add8a7d8acd8a9d88c20d98ad982d988d98520d985d988d984d991d8afd986d8a720d987d8b0d8a720d8a8d8a7d8b3d8aad8aed8afd8a7d98520d983d984d985d8a7d8aa20d985d98620d982d8a7d985d988d8b320d98ad8add988d98a20d8b9d984d98920d8a3d983d8abd8b120d985d9862032303020d983d984d985d8a920d984d8a720d8aad98ad986d98ad8a9d88c20d985d8b6d8a7d98120d8a5d984d98ad987d8a720d985d8acd985d988d8b9d8a920d985d98620d8a7d984d8acd985d98420d8a7d984d986d985d988d8b0d8acd98ad8a9d88c20d984d8aad983d988d98ad98620d986d8b520d984d988d8b1d98ad98520d8a5d98ad8a8d8b3d988d98520d8b0d98820d8b4d983d98420d985d986d8b7d982d98a20d982d8b1d98ad8a820d8a5d984d98920d8a7d984d986d8b520d8a7d984d8add982d98ad982d98a2e20d988d8a8d8a7d984d8aad8a7d984d98a20d98ad983d988d98620d8a7d984d986d8b520d8a7d984d986d8a7d8aad8ad20d8aed8a7d984d98a20d985d98620d8a7d984d8aad983d8b1d8a7d8b1d88c20d8a3d98820d8a3d98a20d983d984d985d8a7d8aa20d8a3d98820d8b9d8a8d8a7d8b1d8a7d8aa20d8bad98ad8b120d984d8a7d8a6d982d8a920d8a3d98820d985d8a720d8b4d8a7d8a8d9872e20d988d987d8b0d8a720d985d8a720d98ad8acd8b9d984d98720d8a3d988d98420d985d988d984d991d8af20d986d8b520d984d988d8b1d98ad98520d8a5d98ad8a8d8b3d988d98520d8add982d98ad982d98a20d8b9d984d98920d8a7d984d8a5d986d8aad8b1d986d8aa2e3c2f7370616e3e3c62723e3c2f703e, NULL, NULL, '2021-06-13 09:42:03', '2021-06-13 09:42:03'),
(36, 7, 11, 17, 'Customizable - Las Vegas - A La Carte', 'customizable---las-vegas---a-la-carte', 0x3c70207374796c653d22746578742d616c69676e3a6a7573746966793b666f6e742d66616d696c793a274f70656e2053616e73272c20417269616c2c2073616e732d73657269663b223e49742069732061206c6f6e672065737461626c6973686564206661637420746861742061207265616465722077696c6c206265206469737472616374656420627920746865207265616461626c6520636f6e74656e74206f6620612070616765207768656e206c6f6f6b696e6720617420697473206c61796f75742e2054686520706f696e74206f66207573696e67204c6f72656d20497073756d2069732074686174206974206861732061206d6f72652d6f722d6c657373206e6f726d616c20646973747269627574696f6e206f66206c6574746572732c206173206f70706f73656420746f207573696e672027436f6e74656e7420686572652c20636f6e74656e742068657265272c206d616b696e67206974206c6f6f6b206c696b65207265616461626c6520456e676c6973682e204d616e79206465736b746f70207075626c697368696e67207061636b6167657320616e6420776562207061676520656469746f7273206e6f7720757365204c6f72656d20497073756d2061732074686569722064656661756c74206d6f64656c20746578742c20616e6420612073656172636820666f7220276c6f72656d20697073756d272077696c6c20756e636f766572206d616e7920776562207369746573207374696c6c20696e20746865697220696e66616e63792e20566172696f75732076657273696f6e7320686176652065766f6c766564206f766572207468652079656172732c20736f6d6574696d6573206279206163636964656e742c20736f6d6574696d6573206f6e20707572706f73652028696e6a65637465642068756d6f757220616e6420746865206c696b65292e3c2f703e, NULL, NULL, '2021-06-13 09:46:17', '2021-06-13 09:46:17'),
(37, 8, 14, 17, 'قابل للتخصيص - لاس فيغاس - حسب الطلب', 'قابل-للتخصيص---لاس-فيغاس---حسب-الطلب', 0x3c703e3c7370616e207374796c653d22666f6e742d66616d696c793a274f70656e2053616e73272c20417269616c2c2073616e732d73657269663b746578742d616c69676e3a6a7573746966793b223ed987d986d8a7d984d98320d8a7d984d8b9d8afd98ad8af20d985d98620d8a7d984d8a3d986d988d8a7d8b920d8a7d984d985d8aad988d981d8b1d8a920d984d986d8b5d988d8b520d984d988d8b1d98ad98520d8a5d98ad8a8d8b3d988d985d88c20d988d984d983d98620d8a7d984d8bad8a7d984d8a8d98ad8a920d8aad98520d8aad8b9d8afd98ad984d987d8a720d8a8d8b4d983d98420d985d8a720d8b9d8a8d8b120d8a5d8afd8aed8a7d98420d8a8d8b9d8b620d8a7d984d986d988d8a7d8afd8b120d8a3d98820d8a7d984d983d984d985d8a7d8aa20d8a7d984d8b9d8b4d988d8a7d8a6d98ad8a920d8a5d984d98920d8a7d984d986d8b52e20d8a5d98620d983d986d8aa20d8aad8b1d98ad8af20d8a3d98620d8aad8b3d8aad8aed8afd98520d986d8b520d984d988d8b1d98ad98520d8a5d98ad8a8d8b3d988d98520d985d8a7d88c20d8b9d984d98ad98320d8a3d98620d8aad8aad8add982d98220d8a3d988d984d8a7d98b20d8a3d98620d984d98ad8b320d987d986d8a7d98320d8a3d98a20d983d984d985d8a7d8aa20d8a3d98820d8b9d8a8d8a7d8b1d8a7d8aa20d985d8add8b1d8acd8a920d8a3d98820d8bad98ad8b120d984d8a7d8a6d982d8a920d985d8aed8a8d8a3d8a920d981d98a20d987d8b0d8a720d8a7d984d986d8b52e20d8a8d98ad986d985d8a720d8aad8b9d985d98420d8acd985d98ad8b920d985d988d984d991d8afd8a7d8aa20d986d8b5d988d8b520d984d988d8b1d98ad98520d8a5d98ad8a8d8b3d988d98520d8b9d984d98920d8a7d984d8a5d986d8aad8b1d986d8aa20d8b9d984d98920d8a5d8b9d8a7d8afd8a920d8aad983d8b1d8a7d8b120d985d982d8a7d8b7d8b920d985d98620d986d8b520d984d988d8b1d98ad98520d8a5d98ad8a8d8b3d988d98520d986d981d8b3d98720d8b9d8afd8a920d985d8b1d8a7d8aa20d8a8d985d8a720d8aad8aad8b7d984d8a8d98720d8a7d984d8add8a7d8acd8a9d88c20d98ad982d988d98520d985d988d984d991d8afd986d8a720d987d8b0d8a720d8a8d8a7d8b3d8aad8aed8afd8a7d98520d983d984d985d8a7d8aa20d985d98620d982d8a7d985d988d8b320d98ad8add988d98a20d8b9d984d98920d8a3d983d8abd8b120d985d9862032303020d983d984d985d8a920d984d8a720d8aad98ad986d98ad8a9d88c20d985d8b6d8a7d98120d8a5d984d98ad987d8a720d985d8acd985d988d8b9d8a920d985d98620d8a7d984d8acd985d98420d8a7d984d986d985d988d8b0d8acd98ad8a9d88c20d984d8aad983d988d98ad98620d986d8b520d984d988d8b1d98ad98520d8a5d98ad8a8d8b3d988d98520d8b0d98820d8b4d983d98420d985d986d8b7d982d98a20d982d8b1d98ad8a820d8a5d984d98920d8a7d984d986d8b520d8a7d984d8add982d98ad982d98a2e20d988d8a8d8a7d984d8aad8a7d984d98a20d98ad983d988d98620d8a7d984d986d8b520d8a7d984d986d8a7d8aad8ad20d8aed8a7d984d98a20d985d98620d8a7d984d8aad983d8b1d8a7d8b1d88c20d8a3d98820d8a3d98a20d983d984d985d8a7d8aa20d8a3d98820d8b9d8a8d8a7d8b1d8a7d8aa20d8bad98ad8b120d984d8a7d8a6d982d8a920d8a3d98820d985d8a720d8b4d8a7d8a8d9872e20d988d987d8b0d8a720d985d8a720d98ad8acd8b9d984d98720d8a3d988d98420d985d988d984d991d8af20d986d8b520d984d988d8b1d98ad98520d8a5d98ad8a8d8b3d988d98520d8add982d98ad982d98a20d8b9d984d98920d8a7d984d8a5d986d8aad8b1d986d8aa2e3c2f7370616e3e3c62723e3c2f703e, NULL, NULL, '2021-06-13 09:46:17', '2021-06-13 09:46:17'),
(38, 7, 10, 18, 'Orlando - Ala Carte', 'orlando---ala-carte', 0x3c70207374796c653d22746578742d616c69676e3a6a7573746966793b666f6e742d66616d696c793a274f70656e2053616e73272c20417269616c2c2073616e732d73657269663b223e436f6e747261727920746f20706f70756c61722062656c6965662c204c6f72656d20497073756d206973206e6f742073696d706c792072616e646f6d20746578742e2049742068617320726f6f747320696e2061207069656365206f6620636c6173736963616c204c6174696e206c6974657261747572652066726f6d2034352042432c206d616b696e67206974206f7665722032303030207965617273206f6c642e2052696368617264204d63436c696e746f636b2c2061204c6174696e2070726f666573736f722061742048616d7064656e2d5379646e657920436f6c6c65676520696e2056697267696e69612c206c6f6f6b6564207570206f6e65206f6620746865206d6f7265206f627363757265204c6174696e20776f7264732c20636f6e73656374657475722c2066726f6d2061204c6f72656d20497073756d20706173736167652c20616e6420676f696e67207468726f75676820746865206369746573206f662074686520776f726420696e20636c6173736963616c206c6974657261747572652c20646973636f76657265642074686520756e646f75627461626c6520736f757263652e204c6f72656d20497073756d20636f6d65732066726f6d2073656374696f6e7320312e31302e333220616e6420312e31302e3333206f66202264652046696e6962757320426f6e6f72756d206574204d616c6f72756d2220285468652045787472656d6573206f6620476f6f6420616e64204576696c292062792043696365726f2c207772697474656e20696e2034352042432e205468697320626f6f6b2069732061207472656174697365206f6e20746865207468656f7279206f66206574686963732c207665727920706f70756c617220647572696e67207468652052656e61697373616e63652e20546865206669727374206c696e65206f66204c6f72656d20497073756d2c20224c6f72656d20697073756d20646f6c6f722073697420616d65742e2e222c20636f6d65732066726f6d2061206c696e6520696e2073656374696f6e20312e31302e33322e3c2f703e, NULL, NULL, '2021-06-13 09:52:55', '2021-06-13 09:52:55'),
(39, 8, 13, 18, 'أورلاندو - علاء كارت', 'أورلاندو---علاء-كارت', 0x3c703e3c7370616e207374796c653d22666f6e742d66616d696c793a274f70656e2053616e73272c20417269616c2c2073616e732d73657269663b746578742d616c69676e3a6a7573746966793b223ed987d986d8a7d984d98320d8a7d984d8b9d8afd98ad8af20d985d98620d8a7d984d8a3d986d988d8a7d8b920d8a7d984d985d8aad988d981d8b1d8a920d984d986d8b5d988d8b520d984d988d8b1d98ad98520d8a5d98ad8a8d8b3d988d985d88c20d988d984d983d98620d8a7d984d8bad8a7d984d8a8d98ad8a920d8aad98520d8aad8b9d8afd98ad984d987d8a720d8a8d8b4d983d98420d985d8a720d8b9d8a8d8b120d8a5d8afd8aed8a7d98420d8a8d8b9d8b620d8a7d984d986d988d8a7d8afd8b120d8a3d98820d8a7d984d983d984d985d8a7d8aa20d8a7d984d8b9d8b4d988d8a7d8a6d98ad8a920d8a5d984d98920d8a7d984d986d8b52e20d8a5d98620d983d986d8aa20d8aad8b1d98ad8af20d8a3d98620d8aad8b3d8aad8aed8afd98520d986d8b520d984d988d8b1d98ad98520d8a5d98ad8a8d8b3d988d98520d985d8a7d88c20d8b9d984d98ad98320d8a3d98620d8aad8aad8add982d98220d8a3d988d984d8a7d98b20d8a3d98620d984d98ad8b320d987d986d8a7d98320d8a3d98a20d983d984d985d8a7d8aa20d8a3d98820d8b9d8a8d8a7d8b1d8a7d8aa20d985d8add8b1d8acd8a920d8a3d98820d8bad98ad8b120d984d8a7d8a6d982d8a920d985d8aed8a8d8a3d8a920d981d98a20d987d8b0d8a720d8a7d984d986d8b52e20d8a8d98ad986d985d8a720d8aad8b9d985d98420d8acd985d98ad8b920d985d988d984d991d8afd8a7d8aa20d986d8b5d988d8b520d984d988d8b1d98ad98520d8a5d98ad8a8d8b3d988d98520d8b9d984d98920d8a7d984d8a5d986d8aad8b1d986d8aa20d8b9d984d98920d8a5d8b9d8a7d8afd8a920d8aad983d8b1d8a7d8b120d985d982d8a7d8b7d8b920d985d98620d986d8b520d984d988d8b1d98ad98520d8a5d98ad8a8d8b3d988d98520d986d981d8b3d98720d8b9d8afd8a920d985d8b1d8a7d8aa20d8a8d985d8a720d8aad8aad8b7d984d8a8d98720d8a7d984d8add8a7d8acd8a9d88c20d98ad982d988d98520d985d988d984d991d8afd986d8a720d987d8b0d8a720d8a8d8a7d8b3d8aad8aed8afd8a7d98520d983d984d985d8a7d8aa20d985d98620d982d8a7d985d988d8b320d98ad8add988d98a20d8b9d984d98920d8a3d983d8abd8b120d985d9862032303020d983d984d985d8a920d984d8a720d8aad98ad986d98ad8a9d88c20d985d8b6d8a7d98120d8a5d984d98ad987d8a720d985d8acd985d988d8b9d8a920d985d98620d8a7d984d8acd985d98420d8a7d984d986d985d988d8b0d8acd98ad8a9d88c20d984d8aad983d988d98ad98620d986d8b520d984d988d8b1d98ad98520d8a5d98ad8a8d8b3d988d98520d8b0d98820d8b4d983d98420d985d986d8b7d982d98a20d982d8b1d98ad8a820d8a5d984d98920d8a7d984d986d8b520d8a7d984d8add982d98ad982d98a2e20d988d8a8d8a7d984d8aad8a7d984d98a20d98ad983d988d98620d8a7d984d986d8b520d8a7d984d986d8a7d8aad8ad20d8aed8a7d984d98a20d985d98620d8a7d984d8aad983d8b1d8a7d8b1d88c20d8a3d98820d8a3d98a20d983d984d985d8a7d8aa20d8a3d98820d8b9d8a8d8a7d8b1d8a7d8aa20d8bad98ad8b120d984d8a7d8a6d982d8a920d8a3d98820d985d8a720d8b4d8a7d8a8d9872e20d988d987d8b0d8a720d985d8a720d98ad8acd8b9d984d98720d8a3d988d98420d985d988d984d991d8af20d986d8b520d984d988d8b1d98ad98520d8a5d98ad8a8d8b3d988d98520d8add982d98ad982d98a20d8b9d984d98920d8a7d984d8a5d986d8aad8b1d986d8aa2e3c2f7370616e3e3c62723e3c2f703e, NULL, NULL, '2021-06-13 09:52:55', '2021-06-13 09:52:55'),
(40, 7, 9, 19, 'Miami - A La Carte', 'miami---a-la-carte', 0x3c70207374796c653d22746578742d616c69676e3a6a7573746966793b666f6e742d66616d696c793a274f70656e2053616e73272c20417269616c2c2073616e732d73657269663b223e436f6e747261727920746f20706f70756c61722062656c6965662c204c6f72656d20497073756d206973206e6f742073696d706c792072616e646f6d20746578742e2049742068617320726f6f747320696e2061207069656365206f6620636c6173736963616c204c6174696e206c6974657261747572652066726f6d2034352042432c206d616b696e67206974206f7665722032303030207965617273206f6c642e2052696368617264204d63436c696e746f636b2c2061204c6174696e2070726f666573736f722061742048616d7064656e2d5379646e657920436f6c6c65676520696e2056697267696e69612c206c6f6f6b6564207570206f6e65206f6620746865206d6f7265206f627363757265204c6174696e20776f7264732c20636f6e73656374657475722c2066726f6d2061204c6f72656d20497073756d20706173736167652c20616e6420676f696e67207468726f75676820746865206369746573206f662074686520776f726420696e20636c6173736963616c206c6974657261747572652c20646973636f76657265642074686520756e646f75627461626c6520736f757263652e204c6f72656d20497073756d20636f6d65732066726f6d2073656374696f6e7320312e31302e333220616e6420312e31302e3333206f66202264652046696e6962757320426f6e6f72756d206574204d616c6f72756d2220285468652045787472656d6573206f6620476f6f6420616e64204576696c292062792043696365726f2c207772697474656e20696e2034352042432e205468697320626f6f6b2069732061207472656174697365206f6e20746865207468656f7279206f66206574686963732c207665727920706f70756c617220647572696e67207468652052656e61697373616e63652e20546865206669727374206c696e65206f66204c6f72656d20497073756d2c20224c6f72656d20697073756d20646f6c6f722073697420616d65742e2e222c20636f6d65732066726f6d2061206c696e6520696e2073656374696f6e20312e31302e33322e3c2f703e, NULL, NULL, '2021-06-13 10:00:32', '2021-06-13 10:00:32'),
(41, 8, 12, 19, 'ميامي - حسب الطلب', 'ميامي---حسب-الطلب', 0x3c70207374796c653d22746578742d616c69676e3a6a7573746966793b666f6e742d66616d696c793a274f70656e2053616e73272c20417269616c2c2073616e732d73657269663b223ed984d988d8b1d98ad98520d8a5d98ad8a8d8b3d988d985284c6f72656d20497073756d2920d987d98820d8a8d8a8d8b3d8a7d8b7d8a920d986d8b520d8b4d983d984d98a2028d8a8d985d8b9d986d98920d8a3d98620d8a7d984d8bad8a7d98ad8a920d987d98a20d8a7d984d8b4d983d98420d988d984d98ad8b320d8a7d984d985d8add8aad988d9892920d988d98ad98fd8b3d8aad8aed8afd98520d981d98a20d8b5d986d8a7d8b9d8a7d8aa20d8a7d984d985d8b7d8a7d8a8d8b920d988d8afd988d8b120d8a7d984d986d8b4d8b12e20d983d8a7d98620d984d988d8b1d98ad98520d8a5d98ad8a8d8b3d988d98520d988d984d8a7d98ad8b2d8a7d98420d8a7d984d985d8b9d98ad8a7d8b120d984d984d986d8b520d8a7d984d8b4d983d984d98a20d985d986d8b020d8a7d984d982d8b1d98620d8a7d984d8aed8a7d985d8b320d8b9d8b4d8b120d8b9d986d8afd985d8a720d982d8a7d985d8aa20d985d8b7d8a8d8b9d8a920d985d8acd987d988d984d8a920d8a8d8b1d8b520d985d8acd985d988d8b9d8a920d985d98620d8a7d984d8a3d8add8b1d98120d8a8d8b4d983d98420d8b9d8b4d988d8a7d8a6d98a20d8a3d8aed8b0d8aad987d8a720d985d98620d986d8b5d88c20d984d8aad983d988d991d98620d983d8aad98ad991d8a820d8a8d985d8abd8a7d8a8d8a920d8afd984d98ad98420d8a3d98820d985d8b1d8acd8b920d8b4d983d984d98a20d984d987d8b0d98720d8a7d984d8a3d8add8b1d9812e20d8aed985d8b3d8a920d982d8b1d988d98620d985d98620d8a7d984d8b2d985d98620d984d98520d8aad982d8b6d98a20d8b9d984d98920d987d8b0d8a720d8a7d984d986d8b5d88c20d8a8d98420d8a7d986d98720d8add8aad98920d8b5d8a7d8b120d985d8b3d8aad8aed8afd985d8a7d98b20d988d8a8d8b4d983d984d98720d8a7d984d8a3d8b5d984d98a20d981d98a20d8a7d984d8b7d8a8d8a7d8b9d8a920d988d8a7d984d8aad986d8b6d98ad8af20d8a7d984d8a5d984d983d8aad8b1d988d986d98a2e20d8a7d986d8aad8b4d8b120d8a8d8b4d983d98420d983d8a8d98ad8b120d981d98a20d8b3d8aad98ad986d98ad991d8a7d8aa20d987d8b0d8a720d8a7d984d982d8b1d98620d985d8b920d8a5d8b5d8afd8a7d8b120d8b1d982d8a7d8a6d9822022d984d98ad8aad8b1d8a7d8b3d98ad8aa2220284c657472617365742920d8a7d984d8a8d984d8a7d8b3d8aad98ad983d98ad8a920d8aad8add988d98a20d985d982d8a7d8b7d8b920d985d98620d987d8b0d8a720d8a7d984d986d8b5d88c20d988d8b9d8a7d8af20d984d98ad986d8aad8b4d8b120d985d8b1d8a920d8a3d8aed8b1d98920d985d8a4d8aed8b1d8a7d98e20d985d8b920d8b8d987d988d8b120d8a8d8b1d8a7d985d8ac20d8a7d984d986d8b4d8b120d8a7d984d8a5d984d983d8aad8b1d988d986d98a20d985d8abd9842022d8a3d984d8afd988d8b320d8a8d8a7d98ad8ac20d985d8a7d98ad983d8b1222028416c64757320506167654d616b65722920d988d8a7d984d8aad98a20d8add988d8aa20d8a3d98ad8b6d8a7d98b20d8b9d984d98920d986d8b3d8ae20d985d98620d986d8b520d984d988d8b1d98ad98520d8a5d98ad8a8d8b3d988d9852e3c2f703e3c6469763e3c62723e3c2f6469763e, NULL, NULL, '2021-06-13 10:00:32', '2021-06-13 10:00:32'),
(42, 7, 11, 20, 'San Francisco - A La Carte', 'san-francisco---a-la-carte', 0x3c70207374796c653d22746578742d616c69676e3a6a7573746966793b666f6e742d66616d696c793a274f70656e2053616e73272c20417269616c2c2073616e732d73657269663b223e436f6e747261727920746f20706f70756c61722062656c6965662c204c6f72656d20497073756d206973206e6f742073696d706c792072616e646f6d20746578742e2049742068617320726f6f747320696e2061207069656365206f6620636c6173736963616c204c6174696e206c6974657261747572652066726f6d2034352042432c206d616b696e67206974206f7665722032303030207965617273206f6c642e2052696368617264204d63436c696e746f636b2c2061204c6174696e2070726f666573736f722061742048616d7064656e2d5379646e657920436f6c6c65676520696e2056697267696e69612c206c6f6f6b6564207570206f6e65206f6620746865206d6f7265206f627363757265204c6174696e20776f7264732c20636f6e73656374657475722c2066726f6d2061204c6f72656d20497073756d20706173736167652c20616e6420676f696e67207468726f75676820746865206369746573206f662074686520776f726420696e20636c6173736963616c206c6974657261747572652c20646973636f76657265642074686520756e646f75627461626c6520736f757263652e204c6f72656d20497073756d20636f6d65732066726f6d2073656374696f6e7320312e31302e333220616e6420312e31302e3333206f66202264652046696e6962757320426f6e6f72756d206574204d616c6f72756d2220285468652045787472656d6573206f6620476f6f6420616e64204576696c292062792043696365726f2c207772697474656e20696e2034352042432e205468697320626f6f6b2069732061207472656174697365206f6e20746865207468656f7279206f66206574686963732c207665727920706f70756c617220647572696e67207468652052656e61697373616e63652e20546865206669727374206c696e65206f66204c6f72656d20497073756d2c20224c6f72656d20697073756d20646f6c6f722073697420616d65742e2e222c20636f6d65732066726f6d2061206c696e6520696e2073656374696f6e20312e31302e33322e3c2f703e, NULL, NULL, '2021-06-13 10:41:18', '2021-06-13 10:41:18'),
(43, 8, 14, 20, 'سان فرانسيسكو - حسب الطلب', 'سان-فرانسيسكو---حسب-الطلب', 0x3c70207374796c653d22746578742d616c69676e3a6a7573746966793b666f6e742d66616d696c793a274f70656e2053616e73272c20417269616c2c2073616e732d73657269663b223ed984d988d8b1d98ad98520d8a5d98ad8a8d8b3d988d985284c6f72656d20497073756d2920d987d98820d8a8d8a8d8b3d8a7d8b7d8a920d986d8b520d8b4d983d984d98a2028d8a8d985d8b9d986d98920d8a3d98620d8a7d984d8bad8a7d98ad8a920d987d98a20d8a7d984d8b4d983d98420d988d984d98ad8b320d8a7d984d985d8add8aad988d9892920d988d98ad98fd8b3d8aad8aed8afd98520d981d98a20d8b5d986d8a7d8b9d8a7d8aa20d8a7d984d985d8b7d8a7d8a8d8b920d988d8afd988d8b120d8a7d984d986d8b4d8b12e20d983d8a7d98620d984d988d8b1d98ad98520d8a5d98ad8a8d8b3d988d98520d988d984d8a7d98ad8b2d8a7d98420d8a7d984d985d8b9d98ad8a7d8b120d984d984d986d8b520d8a7d984d8b4d983d984d98a20d985d986d8b020d8a7d984d982d8b1d98620d8a7d984d8aed8a7d985d8b320d8b9d8b4d8b120d8b9d986d8afd985d8a720d982d8a7d985d8aa20d985d8b7d8a8d8b9d8a920d985d8acd987d988d984d8a920d8a8d8b1d8b520d985d8acd985d988d8b9d8a920d985d98620d8a7d984d8a3d8add8b1d98120d8a8d8b4d983d98420d8b9d8b4d988d8a7d8a6d98a20d8a3d8aed8b0d8aad987d8a720d985d98620d986d8b5d88c20d984d8aad983d988d991d98620d983d8aad98ad991d8a820d8a8d985d8abd8a7d8a8d8a920d8afd984d98ad98420d8a3d98820d985d8b1d8acd8b920d8b4d983d984d98a20d984d987d8b0d98720d8a7d984d8a3d8add8b1d9812e20d8aed985d8b3d8a920d982d8b1d988d98620d985d98620d8a7d984d8b2d985d98620d984d98520d8aad982d8b6d98a20d8b9d984d98920d987d8b0d8a720d8a7d984d986d8b5d88c20d8a8d98420d8a7d986d98720d8add8aad98920d8b5d8a7d8b120d985d8b3d8aad8aed8afd985d8a7d98b20d988d8a8d8b4d983d984d98720d8a7d984d8a3d8b5d984d98a20d981d98a20d8a7d984d8b7d8a8d8a7d8b9d8a920d988d8a7d984d8aad986d8b6d98ad8af20d8a7d984d8a5d984d983d8aad8b1d988d986d98a2e20d8a7d986d8aad8b4d8b120d8a8d8b4d983d98420d983d8a8d98ad8b120d981d98a20d8b3d8aad98ad986d98ad991d8a7d8aa20d987d8b0d8a720d8a7d984d982d8b1d98620d985d8b920d8a5d8b5d8afd8a7d8b120d8b1d982d8a7d8a6d9822022d984d98ad8aad8b1d8a7d8b3d98ad8aa2220284c657472617365742920d8a7d984d8a8d984d8a7d8b3d8aad98ad983d98ad8a920d8aad8add988d98a20d985d982d8a7d8b7d8b920d985d98620d987d8b0d8a720d8a7d984d986d8b5d88c20d988d8b9d8a7d8af20d984d98ad986d8aad8b4d8b120d985d8b1d8a920d8a3d8aed8b1d98920d985d8a4d8aed8b1d8a7d98e20d985d8b920d8b8d987d988d8b120d8a8d8b1d8a7d985d8ac20d8a7d984d986d8b4d8b120d8a7d984d8a5d984d983d8aad8b1d988d986d98a20d985d8abd9842022d8a3d984d8afd988d8b320d8a8d8a7d98ad8ac20d985d8a7d98ad983d8b1222028416c64757320506167654d616b65722920d988d8a7d984d8aad98a20d8add988d8aa20d8a3d98ad8b6d8a7d98b20d8b9d984d98920d986d8b3d8ae20d985d98620d986d8b520d984d988d8b1d98ad98520d8a5d98ad8a8d8b3d988d9852e3c2f703e3c6469763e3c62723e3c2f6469763e, NULL, NULL, '2021-06-13 10:41:18', '2021-06-13 10:41:18'),
(44, 7, 11, 21, 'Washington - A La Carte', 'washington---a-la-carte', 0x3c70207374796c653d22746578742d616c69676e3a6a7573746966793b666f6e742d66616d696c793a274f70656e2053616e73272c20417269616c2c2073616e732d73657269663b223e436f6e747261727920746f20706f70756c61722062656c6965662c204c6f72656d20497073756d206973206e6f742073696d706c792072616e646f6d20746578742e2049742068617320726f6f747320696e2061207069656365206f6620636c6173736963616c204c6174696e206c6974657261747572652066726f6d2034352042432c206d616b696e67206974206f7665722032303030207965617273206f6c642e2052696368617264204d63436c696e746f636b2c2061204c6174696e2070726f666573736f722061742048616d7064656e2d5379646e657920436f6c6c65676520696e2056697267696e69612c206c6f6f6b6564207570206f6e65206f6620746865206d6f7265206f627363757265204c6174696e20776f7264732c20636f6e73656374657475722c2066726f6d2061204c6f72656d20497073756d20706173736167652c20616e6420676f696e67207468726f75676820746865206369746573206f662074686520776f726420696e20636c6173736963616c206c6974657261747572652c20646973636f76657265642074686520756e646f75627461626c6520736f757263652e204c6f72656d20497073756d20636f6d65732066726f6d2073656374696f6e7320312e31302e333220616e6420312e31302e3333206f66202264652046696e6962757320426f6e6f72756d206574204d616c6f72756d2220285468652045787472656d6573206f6620476f6f6420616e64204576696c292062792043696365726f2c207772697474656e20696e2034352042432e205468697320626f6f6b2069732061207472656174697365206f6e20746865207468656f7279206f66206574686963732c207665727920706f70756c617220647572696e67207468652052656e61697373616e63652e20546865206669727374206c696e65206f66204c6f72656d20497073756d2c20224c6f72656d20697073756d20646f6c6f722073697420616d65742e2e222c20636f6d65732066726f6d2061206c696e6520696e2073656374696f6e20312e31302e33322e3c2f703e3c6469763e3c62723e3c2f6469763e, NULL, NULL, '2021-06-13 10:45:05', '2021-06-13 10:45:05'),
(45, 8, 14, 21, 'واشنطن - A La Carte', 'واشنطن---a-la-carte', 0x3c70207374796c653d22746578742d616c69676e3a6a7573746966793b666f6e742d66616d696c793a274f70656e2053616e73272c20417269616c2c2073616e732d73657269663b223ed984d988d8b1d98ad98520d8a5d98ad8a8d8b3d988d985284c6f72656d20497073756d2920d987d98820d8a8d8a8d8b3d8a7d8b7d8a920d986d8b520d8b4d983d984d98a2028d8a8d985d8b9d986d98920d8a3d98620d8a7d984d8bad8a7d98ad8a920d987d98a20d8a7d984d8b4d983d98420d988d984d98ad8b320d8a7d984d985d8add8aad988d9892920d988d98ad98fd8b3d8aad8aed8afd98520d981d98a20d8b5d986d8a7d8b9d8a7d8aa20d8a7d984d985d8b7d8a7d8a8d8b920d988d8afd988d8b120d8a7d984d986d8b4d8b12e20d983d8a7d98620d984d988d8b1d98ad98520d8a5d98ad8a8d8b3d988d98520d988d984d8a7d98ad8b2d8a7d98420d8a7d984d985d8b9d98ad8a7d8b120d984d984d986d8b520d8a7d984d8b4d983d984d98a20d985d986d8b020d8a7d984d982d8b1d98620d8a7d984d8aed8a7d985d8b320d8b9d8b4d8b120d8b9d986d8afd985d8a720d982d8a7d985d8aa20d985d8b7d8a8d8b9d8a920d985d8acd987d988d984d8a920d8a8d8b1d8b520d985d8acd985d988d8b9d8a920d985d98620d8a7d984d8a3d8add8b1d98120d8a8d8b4d983d98420d8b9d8b4d988d8a7d8a6d98a20d8a3d8aed8b0d8aad987d8a720d985d98620d986d8b5d88c20d984d8aad983d988d991d98620d983d8aad98ad991d8a820d8a8d985d8abd8a7d8a8d8a920d8afd984d98ad98420d8a3d98820d985d8b1d8acd8b920d8b4d983d984d98a20d984d987d8b0d98720d8a7d984d8a3d8add8b1d9812e20d8aed985d8b3d8a920d982d8b1d988d98620d985d98620d8a7d984d8b2d985d98620d984d98520d8aad982d8b6d98a20d8b9d984d98920d987d8b0d8a720d8a7d984d986d8b5d88c20d8a8d98420d8a7d986d98720d8add8aad98920d8b5d8a7d8b120d985d8b3d8aad8aed8afd985d8a7d98b20d988d8a8d8b4d983d984d98720d8a7d984d8a3d8b5d984d98a20d981d98a20d8a7d984d8b7d8a8d8a7d8b9d8a920d988d8a7d984d8aad986d8b6d98ad8af20d8a7d984d8a5d984d983d8aad8b1d988d986d98a2e20d8a7d986d8aad8b4d8b120d8a8d8b4d983d98420d983d8a8d98ad8b120d981d98a20d8b3d8aad98ad986d98ad991d8a7d8aa20d987d8b0d8a720d8a7d984d982d8b1d98620d985d8b920d8a5d8b5d8afd8a7d8b120d8b1d982d8a7d8a6d9822022d984d98ad8aad8b1d8a7d8b3d98ad8aa2220284c657472617365742920d8a7d984d8a8d984d8a7d8b3d8aad98ad983d98ad8a920d8aad8add988d98a20d985d982d8a7d8b7d8b920d985d98620d987d8b0d8a720d8a7d984d986d8b5d88c20d988d8b9d8a7d8af20d984d98ad986d8aad8b4d8b120d985d8b1d8a920d8a3d8aed8b1d98920d985d8a4d8aed8b1d8a7d98e20d985d8b920d8b8d987d988d8b120d8a8d8b1d8a7d985d8ac20d8a7d984d986d8b4d8b120d8a7d984d8a5d984d983d8aad8b1d988d986d98a20d985d8abd9842022d8a3d984d8afd988d8b320d8a8d8a7d98ad8ac20d985d8a7d98ad983d8b1222028416c64757320506167654d616b65722920d988d8a7d984d8aad98a20d8add988d8aa20d8a3d98ad8b6d8a7d98b20d8b9d984d98920d986d8b3d8ae20d985d98620d986d8b520d984d988d8b1d98ad98520d8a5d98ad8a8d8b3d988d9852e3c2f703e3c6469763e3c62723e3c2f6469763e, NULL, NULL, '2021-06-13 10:45:06', '2021-06-13 10:45:06'),
(46, 7, 9, 22, 'Los Angeles - A La Carte', 'los-angeles---a-la-carte', 0x3c70207374796c653d22746578742d616c69676e3a6a7573746966793b666f6e742d66616d696c793a274f70656e2053616e73272c20417269616c2c2073616e732d73657269663b223e436f6e747261727920746f20706f70756c61722062656c6965662c204c6f72656d20497073756d206973206e6f742073696d706c792072616e646f6d20746578742e2049742068617320726f6f747320696e2061207069656365206f6620636c6173736963616c204c6174696e206c6974657261747572652066726f6d2034352042432c206d616b696e67206974206f7665722032303030207965617273206f6c642e2052696368617264204d63436c696e746f636b2c2061204c6174696e2070726f666573736f722061742048616d7064656e2d5379646e657920436f6c6c65676520696e2056697267696e69612c206c6f6f6b6564207570206f6e65206f6620746865206d6f7265206f627363757265204c6174696e20776f7264732c20636f6e73656374657475722c2066726f6d2061204c6f72656d20497073756d20706173736167652c20616e6420676f696e67207468726f75676820746865206369746573206f662074686520776f726420696e20636c6173736963616c206c6974657261747572652c20646973636f76657265642074686520756e646f75627461626c6520736f757263652e204c6f72656d20497073756d20636f6d65732066726f6d2073656374696f6e7320312e31302e333220616e6420312e31302e3333206f66202264652046696e6962757320426f6e6f72756d206574204d616c6f72756d2220285468652045787472656d6573206f6620476f6f6420616e64204576696c292062792043696365726f2c207772697474656e20696e2034352042432e205468697320626f6f6b2069732061207472656174697365206f6e20746865207468656f7279206f66206574686963732c207665727920706f70756c617220647572696e67207468652052656e61697373616e63652e20546865206669727374206c696e65206f66204c6f72656d20497073756d2c20224c6f72656d20697073756d20646f6c6f722073697420616d65742e2e222c20636f6d65732066726f6d2061206c696e6520696e2073656374696f6e20312e31302e33322e3c2f703e3c6469763e3c62723e3c2f6469763e, NULL, NULL, '2021-06-13 10:47:40', '2021-06-13 10:47:40'),
(47, 8, 12, 22, 'لوس أنجلوس - A La Carte', 'لوس-أنجلوس---a-la-carte', 0x3c70207374796c653d22746578742d616c69676e3a6a7573746966793b666f6e742d66616d696c793a274f70656e2053616e73272c20417269616c2c2073616e732d73657269663b223ed984d988d8b1d98ad98520d8a5d98ad8a8d8b3d988d985284c6f72656d20497073756d2920d987d98820d8a8d8a8d8b3d8a7d8b7d8a920d986d8b520d8b4d983d984d98a2028d8a8d985d8b9d986d98920d8a3d98620d8a7d984d8bad8a7d98ad8a920d987d98a20d8a7d984d8b4d983d98420d988d984d98ad8b320d8a7d984d985d8add8aad988d9892920d988d98ad98fd8b3d8aad8aed8afd98520d981d98a20d8b5d986d8a7d8b9d8a7d8aa20d8a7d984d985d8b7d8a7d8a8d8b920d988d8afd988d8b120d8a7d984d986d8b4d8b12e20d983d8a7d98620d984d988d8b1d98ad98520d8a5d98ad8a8d8b3d988d98520d988d984d8a7d98ad8b2d8a7d98420d8a7d984d985d8b9d98ad8a7d8b120d984d984d986d8b520d8a7d984d8b4d983d984d98a20d985d986d8b020d8a7d984d982d8b1d98620d8a7d984d8aed8a7d985d8b320d8b9d8b4d8b120d8b9d986d8afd985d8a720d982d8a7d985d8aa20d985d8b7d8a8d8b9d8a920d985d8acd987d988d984d8a920d8a8d8b1d8b520d985d8acd985d988d8b9d8a920d985d98620d8a7d984d8a3d8add8b1d98120d8a8d8b4d983d98420d8b9d8b4d988d8a7d8a6d98a20d8a3d8aed8b0d8aad987d8a720d985d98620d986d8b5d88c20d984d8aad983d988d991d98620d983d8aad98ad991d8a820d8a8d985d8abd8a7d8a8d8a920d8afd984d98ad98420d8a3d98820d985d8b1d8acd8b920d8b4d983d984d98a20d984d987d8b0d98720d8a7d984d8a3d8add8b1d9812e20d8aed985d8b3d8a920d982d8b1d988d98620d985d98620d8a7d984d8b2d985d98620d984d98520d8aad982d8b6d98a20d8b9d984d98920d987d8b0d8a720d8a7d984d986d8b5d88c20d8a8d98420d8a7d986d98720d8add8aad98920d8b5d8a7d8b120d985d8b3d8aad8aed8afd985d8a7d98b20d988d8a8d8b4d983d984d98720d8a7d984d8a3d8b5d984d98a20d981d98a20d8a7d984d8b7d8a8d8a7d8b9d8a920d988d8a7d984d8aad986d8b6d98ad8af20d8a7d984d8a5d984d983d8aad8b1d988d986d98a2e20d8a7d986d8aad8b4d8b120d8a8d8b4d983d98420d983d8a8d98ad8b120d981d98a20d8b3d8aad98ad986d98ad991d8a7d8aa20d987d8b0d8a720d8a7d984d982d8b1d98620d985d8b920d8a5d8b5d8afd8a7d8b120d8b1d982d8a7d8a6d9822022d984d98ad8aad8b1d8a7d8b3d98ad8aa2220284c657472617365742920d8a7d984d8a8d984d8a7d8b3d8aad98ad983d98ad8a920d8aad8add988d98a20d985d982d8a7d8b7d8b920d985d98620d987d8b0d8a720d8a7d984d986d8b5d88c20d988d8b9d8a7d8af20d984d98ad986d8aad8b4d8b120d985d8b1d8a920d8a3d8aed8b1d98920d985d8a4d8aed8b1d8a7d98e20d985d8b920d8b8d987d988d8b120d8a8d8b1d8a7d985d8ac20d8a7d984d986d8b4d8b120d8a7d984d8a5d984d983d8aad8b1d988d986d98a20d985d8abd9842022d8a3d984d8afd988d8b320d8a8d8a7d98ad8ac20d985d8a7d98ad983d8b1222028416c64757320506167654d616b65722920d988d8a7d984d8aad98a20d8add988d8aa20d8a3d98ad8b6d8a7d98b20d8b9d984d98920d986d8b3d8ae20d985d98620d986d8b520d984d988d8b1d98ad98520d8a5d98ad8a8d8b3d988d9852e3c2f703e, NULL, NULL, '2021-06-13 10:47:40', '2021-06-13 10:47:40'),
(48, 7, 10, 23, 'Fascinating Northeast with Kalimpong - Land Only', 'fascinating-northeast-with-kalimpong---land-only', 0x3c70207374796c653d22746578742d616c69676e3a6a7573746966793b666f6e742d66616d696c793a274f70656e2053616e73272c20417269616c2c2073616e732d73657269663b223e436f6e747261727920746f20706f70756c61722062656c6965662c204c6f72656d20497073756d206973206e6f742073696d706c792072616e646f6d20746578742e2049742068617320726f6f747320696e2061207069656365206f6620636c6173736963616c204c6174696e206c6974657261747572652066726f6d2034352042432c206d616b696e67206974206f7665722032303030207965617273206f6c642e2052696368617264204d63436c696e746f636b2c2061204c6174696e2070726f666573736f722061742048616d7064656e2d5379646e657920436f6c6c65676520696e2056697267696e69612c206c6f6f6b6564207570206f6e65206f6620746865206d6f7265206f627363757265204c6174696e20776f7264732c20636f6e73656374657475722c2066726f6d2061204c6f72656d20497073756d20706173736167652c20616e6420676f696e67207468726f75676820746865206369746573206f662074686520776f726420696e20636c6173736963616c206c6974657261747572652c20646973636f76657265642074686520756e646f75627461626c6520736f757263652e204c6f72656d20497073756d20636f6d65732066726f6d2073656374696f6e7320312e31302e333220616e6420312e31302e3333206f66202264652046696e6962757320426f6e6f72756d206574204d616c6f72756d2220285468652045787472656d6573206f6620476f6f6420616e64204576696c292062792043696365726f2c207772697474656e20696e2034352042432e205468697320626f6f6b2069732061207472656174697365206f6e20746865207468656f7279206f66206574686963732c207665727920706f70756c617220647572696e67207468652052656e61697373616e63652e20546865206669727374206c696e65206f66204c6f72656d20497073756d2c20224c6f72656d20697073756d20646f6c6f722073697420616d65742e2e222c20636f6d65732066726f6d2061206c696e6520696e2073656374696f6e20312e31302e33322e3c2f703e, NULL, NULL, '2021-06-13 10:55:27', '2021-06-13 10:55:27'),
(49, 8, 13, 23, 'الشمال الشرقي الرائع مع كاليمبونج - أرض فقط', 'الشمال-الشرقي-الرائع-مع-كاليمبونج---أرض-فقط', 0x3c70207374796c653d22746578742d616c69676e3a6a7573746966793b666f6e742d66616d696c793a274f70656e2053616e73272c20417269616c2c2073616e732d73657269663b223ed984d988d8b1d98ad98520d8a5d98ad8a8d8b3d988d985284c6f72656d20497073756d2920d987d98820d8a8d8a8d8b3d8a7d8b7d8a920d986d8b520d8b4d983d984d98a2028d8a8d985d8b9d986d98920d8a3d98620d8a7d984d8bad8a7d98ad8a920d987d98a20d8a7d984d8b4d983d98420d988d984d98ad8b320d8a7d984d985d8add8aad988d9892920d988d98ad98fd8b3d8aad8aed8afd98520d981d98a20d8b5d986d8a7d8b9d8a7d8aa20d8a7d984d985d8b7d8a7d8a8d8b920d988d8afd988d8b120d8a7d984d986d8b4d8b12e20d983d8a7d98620d984d988d8b1d98ad98520d8a5d98ad8a8d8b3d988d98520d988d984d8a7d98ad8b2d8a7d98420d8a7d984d985d8b9d98ad8a7d8b120d984d984d986d8b520d8a7d984d8b4d983d984d98a20d985d986d8b020d8a7d984d982d8b1d98620d8a7d984d8aed8a7d985d8b320d8b9d8b4d8b120d8b9d986d8afd985d8a720d982d8a7d985d8aa20d985d8b7d8a8d8b9d8a920d985d8acd987d988d984d8a920d8a8d8b1d8b520d985d8acd985d988d8b9d8a920d985d98620d8a7d984d8a3d8add8b1d98120d8a8d8b4d983d98420d8b9d8b4d988d8a7d8a6d98a20d8a3d8aed8b0d8aad987d8a720d985d98620d986d8b5d88c20d984d8aad983d988d991d98620d983d8aad98ad991d8a820d8a8d985d8abd8a7d8a8d8a920d8afd984d98ad98420d8a3d98820d985d8b1d8acd8b920d8b4d983d984d98a20d984d987d8b0d98720d8a7d984d8a3d8add8b1d9812e20d8aed985d8b3d8a920d982d8b1d988d98620d985d98620d8a7d984d8b2d985d98620d984d98520d8aad982d8b6d98a20d8b9d984d98920d987d8b0d8a720d8a7d984d986d8b5d88c20d8a8d98420d8a7d986d98720d8add8aad98920d8b5d8a7d8b120d985d8b3d8aad8aed8afd985d8a7d98b20d988d8a8d8b4d983d984d98720d8a7d984d8a3d8b5d984d98a20d981d98a20d8a7d984d8b7d8a8d8a7d8b9d8a920d988d8a7d984d8aad986d8b6d98ad8af20d8a7d984d8a5d984d983d8aad8b1d988d986d98a2e20d8a7d986d8aad8b4d8b120d8a8d8b4d983d98420d983d8a8d98ad8b120d981d98a20d8b3d8aad98ad986d98ad991d8a7d8aa20d987d8b0d8a720d8a7d984d982d8b1d98620d985d8b920d8a5d8b5d8afd8a7d8b120d8b1d982d8a7d8a6d9822022d984d98ad8aad8b1d8a7d8b3d98ad8aa2220284c657472617365742920d8a7d984d8a8d984d8a7d8b3d8aad98ad983d98ad8a920d8aad8add988d98a20d985d982d8a7d8b7d8b920d985d98620d987d8b0d8a720d8a7d984d986d8b5d88c20d988d8b9d8a7d8af20d984d98ad986d8aad8b4d8b120d985d8b1d8a920d8a3d8aed8b1d98920d985d8a4d8aed8b1d8a7d98e20d985d8b920d8b8d987d988d8b120d8a8d8b1d8a7d985d8ac20d8a7d984d986d8b4d8b120d8a7d984d8a5d984d983d8aad8b1d988d986d98a20d985d8abd9842022d8a3d984d8afd988d8b320d8a8d8a7d98ad8ac20d985d8a7d98ad983d8b1222028416c64757320506167654d616b65722920d988d8a7d984d8aad98a20d8add988d8aa20d8a3d98ad8b6d8a7d98b20d8b9d984d98920d986d8b3d8ae20d985d98620d986d8b520d984d988d8b1d98ad98520d8a5d98ad8a8d8b3d988d9852e3c2f703e, NULL, NULL, '2021-06-13 10:55:27', '2021-06-13 10:55:27');

-- --------------------------------------------------------

--
-- Table structure for table `package_coupons`
--

CREATE TABLE `package_coupons` (
  `id` bigint(20) UNSIGNED NOT NULL,
  `name` varchar(255) COLLATE utf8mb4_unicode_ci NOT NULL,
  `code` varchar(255) COLLATE utf8mb4_unicode_ci NOT NULL,
  `type` varchar(255) COLLATE utf8mb4_unicode_ci NOT NULL,
  `value` decimal(8,2) UNSIGNED NOT NULL,
  `start_date` date NOT NULL,
  `end_date` date NOT NULL,
  `serial_number` int(10) UNSIGNED NOT NULL,
  `packages` text COLLATE utf8mb4_unicode_ci,
  `created_at` timestamp NULL DEFAULT NULL,
  `updated_at` timestamp NULL DEFAULT NULL
) ENGINE=InnoDB DEFAULT CHARSET=utf8mb4 COLLATE=utf8mb4_unicode_ci;

--
-- Dumping data for table `package_coupons`
--

INSERT INTO `package_coupons` (`id`, `name`, `code`, `type`, `value`, `start_date`, `end_date`, `serial_number`, `packages`, `created_at`, `updated_at`) VALUES
(2, 'Eid Sale', 'eid2022', 'fixed', '20.00', '2022-06-01', '2022-07-15', 1, '[\"18\",\"20\",\"22\"]', '2022-04-30 23:33:50', '2022-07-02 00:37:18');

-- --------------------------------------------------------

--
-- Table structure for table `package_locations`
--

CREATE TABLE `package_locations` (
  `id` bigint(20) UNSIGNED NOT NULL,
  `language_id` bigint(20) UNSIGNED NOT NULL,
  `package_id` bigint(20) UNSIGNED NOT NULL,
  `name` varchar(255) COLLATE utf8mb4_unicode_ci NOT NULL,
  `latitude` decimal(8,5) DEFAULT NULL,
  `longitude` decimal(8,5) DEFAULT NULL,
  `created_at` timestamp NULL DEFAULT NULL,
  `updated_at` timestamp NULL DEFAULT NULL
) ENGINE=InnoDB DEFAULT CHARSET=utf8mb4 COLLATE=utf8mb4_unicode_ci;

--
-- Dumping data for table `package_locations`
--

INSERT INTO `package_locations` (`id`, `language_id`, `package_id`, `name`, `latitude`, `longitude`, `created_at`, `updated_at`) VALUES
(23, 7, 23, 'Hoboken, NJ, USA', '40.74526', '74.03478', '2021-06-13 11:09:34', '2021-06-13 11:09:34'),
(24, 7, 23, 'Port Hueneme, CA, the US', '34.15583', '119.20279', '2021-06-13 11:09:55', '2021-06-13 11:09:55'),
(25, 7, 23, 'Auburn, NY, USA', '42.93333', '76.56667', '2021-06-13 11:10:09', '2021-06-13 11:10:09'),
(26, 7, 23, 'Jamestown, NY, the US', '42.09555', '-79.23861', '2021-06-13 11:10:29', '2021-06-13 11:10:29'),
(27, 7, 15, 'Hoboken, NJ, USA', '40.74526', '74.03478', '2021-06-13 11:09:34', '2021-06-13 11:09:34'),
(28, 7, 15, 'Port Hueneme, CA, the US', '34.15583', '119.20279', '2021-06-13 11:09:55', '2021-06-13 11:09:55'),
(29, 7, 15, 'Auburn, NY, USA', '42.93333', '76.56667', '2021-06-13 11:10:09', '2021-06-13 11:10:09'),
(30, 7, 15, 'Jamestown, NY, the US', '42.09555', '-79.23861', '2021-06-13 11:10:29', '2021-06-13 11:10:29'),
(31, 7, 16, 'Hoboken, NJ, USA', '40.74526', '74.03478', '2021-06-13 11:09:34', '2021-06-13 11:09:34'),
(32, 7, 16, 'Port Hueneme, CA, the US', '34.15583', '119.20279', '2021-06-13 11:09:55', '2021-06-13 11:09:55'),
(33, 7, 16, 'Auburn, NY, USA', '42.93333', '76.56667', '2021-06-13 11:10:09', '2021-06-13 11:10:09'),
(34, 7, 16, 'Jamestown, NY, the US', '42.09555', '-79.23861', '2021-06-13 11:10:29', '2021-06-13 11:10:29'),
(35, 7, 17, 'Hoboken, NJ, USA', '40.74526', '74.03478', '2021-06-13 11:09:34', '2021-06-13 11:09:34'),
(36, 7, 17, 'Port Hueneme, CA, the US', '34.15583', '119.20279', '2021-06-13 11:09:55', '2021-06-13 11:09:55'),
(37, 7, 17, 'Auburn, NY, USA', '42.93333', '76.56667', '2021-06-13 11:10:09', '2021-06-13 11:10:09'),
(38, 7, 17, 'Jamestown, NY, the US', '42.09555', '-79.23861', '2021-06-13 11:10:29', '2021-06-13 11:10:29'),
(39, 7, 18, 'Hoboken, NJ, USA', '40.74526', '74.03478', '2021-06-13 11:09:34', '2021-06-13 11:09:34'),
(40, 7, 18, 'Port Hueneme, CA, the US', '34.15583', '119.20279', '2021-06-13 11:09:55', '2021-06-13 11:09:55'),
(41, 7, 18, 'Auburn, NY, USA', '42.93333', '76.56667', '2021-06-13 11:10:09', '2021-06-13 11:10:09'),
(42, 7, 18, 'Jamestown, NY, the US', '42.09555', '-79.23861', '2021-06-13 11:10:29', '2021-06-13 11:10:29'),
(43, 7, 19, 'Hoboken, NJ, USA', '40.74526', '74.03478', '2021-06-13 11:09:34', '2021-06-13 11:09:34'),
(44, 7, 19, 'Port Hueneme, CA, the US', '34.15583', '119.20279', '2021-06-13 11:09:55', '2021-06-13 11:09:55'),
(45, 7, 19, 'Auburn, NY, USA', '42.93333', '76.56667', '2021-06-13 11:10:09', '2021-06-13 11:10:09'),
(46, 7, 19, 'Jamestown, NY, the US', '42.09555', '-79.23861', '2021-06-13 11:10:29', '2021-06-13 11:10:29'),
(47, 7, 20, 'Hoboken, NJ, USA', '40.74526', '74.03478', '2021-06-13 11:09:34', '2021-06-13 11:09:34'),
(48, 7, 20, 'Port Hueneme, CA, the US', '34.15583', '119.20279', '2021-06-13 11:09:55', '2021-06-13 11:09:55'),
(49, 7, 20, 'Auburn, NY, USA', '42.93333', '76.56667', '2021-06-13 11:10:09', '2021-06-13 11:10:09'),
(50, 7, 20, 'Jamestown, NY, the US', '42.09555', '-79.23861', '2021-06-13 11:10:29', '2021-06-13 11:10:29'),
(51, 7, 21, 'Hoboken, NJ, USA', '40.74526', '74.03478', '2021-06-13 11:09:34', '2021-06-13 11:09:34'),
(52, 7, 21, 'Port Hueneme, CA, the US', '34.15583', '119.20279', '2021-06-13 11:09:55', '2021-06-13 11:09:55'),
(53, 7, 21, 'Auburn, NY, USA', '42.93333', '76.56667', '2021-06-13 11:10:09', '2021-06-13 11:10:09'),
(54, 7, 21, 'Jamestown, NY, the US', '42.09555', '-79.23861', '2021-06-13 11:10:29', '2021-06-13 11:10:29'),
(55, 7, 22, 'Hoboken, NJ, USA', '40.74526', '74.03478', '2021-06-13 11:09:34', '2021-06-13 11:09:34'),
(56, 7, 22, 'Port Hueneme, CA, the US', '34.15583', '119.20279', '2021-06-13 11:09:55', '2021-06-13 11:09:55'),
(57, 7, 22, 'Auburn, NY, USA', '42.93333', '76.56667', '2021-06-13 11:10:09', '2021-06-13 11:10:09'),
(58, 7, 22, 'Jamestown, NY, the US', '42.09555', '-79.23861', '2021-06-13 11:10:29', '2021-06-13 11:10:29'),
(59, 8, 23, 'هوبوكين ، نيوجيرسي ، الولايات المتحدة الأمريكية', '40.74526', '74.03478', '2021-06-13 11:09:34', '2021-06-13 11:09:34'),
(60, 8, 23, 'بورت هوينيم ، كاليفورنيا ، الولايات المتحدة', '34.15583', '119.20279', '2021-06-13 11:09:55', '2021-06-13 11:09:55'),
(61, 8, 23, 'أوبورن ، نيويورك ، الولايات المتحدة الأمريكية', '42.93333', '76.56667', '2021-06-13 11:10:09', '2021-06-13 11:10:09'),
(62, 8, 23, 'جيمستاون ، نيويورك ، الولايات المتحدة', '42.09555', '-79.23861', '2021-06-13 11:10:29', '2021-06-13 11:10:29'),
(63, 8, 15, 'هوبوكين ، نيوجيرسي ، الولايات المتحدة الأمريكية', '40.74526', '74.03478', '2021-06-13 11:09:34', '2021-06-13 11:09:34'),
(64, 8, 15, 'بورت هوينيم ، كاليفورنيا ، الولايات المتحدة', '34.15583', '119.20279', '2021-06-13 11:09:55', '2021-06-13 11:09:55'),
(65, 8, 15, 'أوبورن ، نيويورك ، الولايات المتحدة الأمريكية', '42.93333', '76.56667', '2021-06-13 11:10:09', '2021-06-13 11:10:09'),
(66, 8, 15, 'جيمستاون ، نيويورك ، الولايات المتحدة', '42.09555', '-79.23861', '2021-06-13 11:10:29', '2021-06-13 11:10:29'),
(67, 8, 16, 'هوبوكين ، نيوجيرسي ، الولايات المتحدة الأمريكية', '40.74526', '74.03478', '2021-06-13 11:09:34', '2021-06-13 11:09:34'),
(68, 8, 16, 'بورت هوينيم ، كاليفورنيا ، الولايات المتحدة', '34.15583', '119.20279', '2021-06-13 11:09:55', '2021-06-13 11:09:55'),
(69, 8, 16, 'أوبورن ، نيويورك ، الولايات المتحدة الأمريكية', '42.93333', '76.56667', '2021-06-13 11:10:09', '2021-06-13 11:10:09'),
(70, 8, 16, 'جيمستاون ، نيويورك ، الولايات المتحدة', '42.09555', '-79.23861', '2021-06-13 11:10:29', '2021-06-13 11:10:29'),
(71, 8, 17, 'هوبوكين ، نيوجيرسي ، الولايات المتحدة الأمريكية', '40.74526', '74.03478', '2021-06-13 11:09:34', '2021-06-13 11:09:34'),
(72, 8, 17, 'بورت هوينيم ، كاليفورنيا ، الولايات المتحدة', '34.15583', '119.20279', '2021-06-13 11:09:55', '2021-06-13 11:09:55'),
(73, 8, 17, 'أوبورن ، نيويورك ، الولايات المتحدة الأمريكية', '42.93333', '76.56667', '2021-06-13 11:10:09', '2021-06-13 11:10:09'),
(74, 8, 17, 'جيمستاون ، نيويورك ، الولايات المتحدة', '42.09555', '-79.23861', '2021-06-13 11:10:29', '2021-06-13 11:10:29'),
(75, 8, 18, 'هوبوكين ، نيوجيرسي ، الولايات المتحدة الأمريكية', '40.74526', '74.03478', '2021-06-13 11:09:34', '2021-06-13 11:09:34'),
(76, 8, 18, 'بورت هوينيم ، كاليفورنيا ، الولايات المتحدة', '34.15583', '119.20279', '2021-06-13 11:09:55', '2021-06-13 11:09:55'),
(77, 8, 18, 'أوبورن ، نيويورك ، الولايات المتحدة الأمريكية', '42.93333', '76.56667', '2021-06-13 11:10:09', '2021-06-13 11:10:09'),
(78, 8, 18, 'جيمستاون ، نيويورك ، الولايات المتحدة', '42.09555', '-79.23861', '2021-06-13 11:10:29', '2021-06-13 11:10:29'),
(79, 8, 19, 'هوبوكين ، نيوجيرسي ، الولايات المتحدة الأمريكية', '40.74526', '74.03478', '2021-06-13 11:09:34', '2021-06-13 11:09:34'),
(80, 8, 19, 'بورت هوينيم ، كاليفورنيا ، الولايات المتحدة', '34.15583', '119.20279', '2021-06-13 11:09:55', '2021-06-13 11:09:55'),
(81, 8, 19, 'أوبورن ، نيويورك ، الولايات المتحدة الأمريكية', '42.93333', '76.56667', '2021-06-13 11:10:09', '2021-06-13 11:10:09'),
(82, 8, 19, 'جيمستاون ، نيويورك ، الولايات المتحدة', '42.09555', '-79.23861', '2021-06-13 11:10:29', '2021-06-13 11:10:29'),
(83, 8, 20, 'هوبوكين ، نيوجيرسي ، الولايات المتحدة الأمريكية', '40.74526', '74.03478', '2021-06-13 11:09:34', '2021-06-13 11:09:34'),
(84, 8, 20, 'بورت هوينيم ، كاليفورنيا ، الولايات المتحدة', '34.15583', '119.20279', '2021-06-13 11:09:55', '2021-06-13 11:09:55'),
(85, 8, 20, 'أوبورن ، نيويورك ، الولايات المتحدة الأمريكية', '42.93333', '76.56667', '2021-06-13 11:10:09', '2021-06-13 11:10:09'),
(86, 8, 20, 'جيمستاون ، نيويورك ، الولايات المتحدة', '42.09555', '-79.23861', '2021-06-13 11:10:29', '2021-06-13 11:10:29'),
(87, 8, 21, 'هوبوكين ، نيوجيرسي ، الولايات المتحدة الأمريكية', '40.74526', '74.03478', '2021-06-13 11:09:34', '2021-06-13 11:09:34'),
(88, 8, 21, 'بورت هوينيم ، كاليفورنيا ، الولايات المتحدة', '34.15583', '119.20279', '2021-06-13 11:09:55', '2021-06-13 11:09:55'),
(89, 8, 21, 'أوبورن ، نيويورك ، الولايات المتحدة الأمريكية', '42.93333', '76.56667', '2021-06-13 11:10:09', '2021-06-13 11:10:09'),
(90, 8, 21, 'جيمستاون ، نيويورك ، الولايات المتحدة', '42.09555', '-79.23861', '2021-06-13 11:10:29', '2021-06-13 11:10:29'),
(91, 8, 22, 'هوبوكين ، نيوجيرسي ، الولايات المتحدة الأمريكية', '40.74526', '74.03478', '2021-06-13 11:09:34', '2021-06-13 11:09:34'),
(92, 8, 22, 'بورت هوينيم ، كاليفورنيا ، الولايات المتحدة', '34.15583', '119.20279', '2021-06-13 11:09:55', '2021-06-13 11:09:55'),
(93, 8, 22, 'أوبورن ، نيويورك ، الولايات المتحدة الأمريكية', '42.93333', '76.56667', '2021-06-13 11:10:09', '2021-06-13 11:10:09'),
(94, 8, 22, 'جيمستاون ، نيويورك ، الولايات المتحدة', '42.09555', '-79.23861', '2021-06-13 11:10:29', '2021-06-13 11:10:29');

-- --------------------------------------------------------

--
-- Table structure for table `package_plans`
--

CREATE TABLE `package_plans` (
  `id` bigint(20) UNSIGNED NOT NULL,
  `language_id` bigint(20) UNSIGNED NOT NULL,
  `package_id` bigint(20) UNSIGNED NOT NULL,
  `day_number` mediumint(8) UNSIGNED DEFAULT NULL,
  `start_time` varchar(255) COLLATE utf8mb4_unicode_ci DEFAULT NULL,
  `end_time` varchar(255) COLLATE utf8mb4_unicode_ci DEFAULT NULL,
  `title` varchar(255) COLLATE utf8mb4_unicode_ci DEFAULT NULL,
  `plan` blob NOT NULL,
  `created_at` timestamp NULL DEFAULT NULL,
  `updated_at` timestamp NULL DEFAULT NULL
) ENGINE=InnoDB DEFAULT CHARSET=utf8mb4 COLLATE=utf8mb4_unicode_ci;

--
-- Dumping data for table `package_plans`
--

INSERT INTO `package_plans` (`id`, `language_id`, `package_id`, `day_number`, `start_time`, `end_time`, `title`, `plan`, `created_at`, `updated_at`) VALUES
(19, 7, 15, 1, NULL, NULL, 'Lorem Ipsum is simply dummy', 0x3c703e3c7374726f6e67207374796c653d226d617267696e3a203070783b2070616464696e673a203070783b20666f6e742d66616d696c793a202671756f743b4f70656e2053616e732671756f743b2c20417269616c2c2073616e732d73657269663b20746578742d616c69676e3a206a7573746966793b223e4c6f72656d20497073756d3c2f7374726f6e673e3c7370616e207374796c653d22666f6e742d66616d696c793a202671756f743b4f70656e2053616e732671756f743b2c20417269616c2c2073616e732d73657269663b20746578742d616c69676e3a206a7573746966793b223e266e6273703b69732073696d706c792064756d6d792074657874206f6620746865207072696e74696e6720616e64207479706573657474696e6720696e6475737472792e204c6f72656d20497073756d20686173206265656e2074686520696e6475737472792773207374616e646172642064756d6d79207465787420657665722073696e6365207468652031353030733c2f7370616e3e3c62723e3c2f703e, '2021-06-13 09:35:34', '2021-06-13 09:35:34'),
(20, 7, 15, 2, NULL, NULL, 'long established fact that a reader', 0x3c703e3c7370616e207374796c653d22666f6e742d66616d696c793a202671756f743b4f70656e2053616e732671756f743b2c20417269616c2c2073616e732d73657269663b20746578742d616c69676e3a206a7573746966793b223e6c6f6e672065737461626c6973686564206661637420746861742061207265616465722077696c6c206265206469737472616374656420627920746865207265616461626c6520636f6e74656e74206f6620612070616765207768656e206c6f6f6b696e6720617420697473206c61796f75742e2054686520706f696e74206f66207573696e67204c6f72656d20497073756d3c2f7370616e3e3c62723e3c2f703e, '2021-06-13 09:36:07', '2021-06-13 09:36:07'),
(21, 7, 15, 3, NULL, NULL, 'There are many variations of passages', 0x3c703e3c7370616e207374796c653d22666f6e742d66616d696c793a202671756f743b4f70656e2053616e732671756f743b2c20417269616c2c2073616e732d73657269663b20746578742d616c69676e3a206a7573746966793b223e546865726520617265206d616e7920766172696174696f6e73206f66207061737361676573206f66204c6f72656d20497073756d20617661696c61626c652c2062757420746865206d616a6f72697479206861766520737566666572656420616c7465726174696f6e20696e20736f6d6520666f726d2c20627920696e6a65637465642068756d6f75723c2f7370616e3e3c62723e3c2f703e, '2021-06-13 09:36:30', '2021-06-13 09:36:30'),
(22, 7, 16, NULL, '10:00 AM', '11:00 AM', 'randomised words', 0x3c703e3c7370616e207374796c653d22666f6e742d66616d696c793a202671756f743b4f70656e2053616e732671756f743b2c20417269616c2c2073616e732d73657269663b20746578742d616c69676e3a206a7573746966793b223e72616e646f6d6973656420776f72647320776869636820646f6e2774206c6f6f6b206576656e20736c696768746c792062656c69657661626c652e20496620796f752061726520676f696e6720746f2075736520612070617373616765206f66204c6f72656d20497073756d2c20796f75206e65656420746f20626520737572652074686572652069736e277420616e797468696e673c2f7370616e3e3c62723e3c2f703e, '2021-06-13 09:43:03', '2021-06-13 09:43:03'),
(23, 7, 16, NULL, '12:00 PM', '2:30 PM', 'Richard McClintock', 0x3c703e3c7370616e207374796c653d22666f6e742d66616d696c793a202671756f743b4f70656e2053616e732671756f743b2c20417269616c2c2073616e732d73657269663b20746578742d616c69676e3a206a7573746966793b223e52696368617264204d63436c696e746f636b2c2061204c6174696e2070726f666573736f722061742048616d7064656e2d5379646e657920436f6c6c65676520696e2056697267696e69612c206c6f6f6b6564207570206f6e65206f6620746865206d6f7265206f627363757265204c6174696e20776f7264732c20636f6e73656374657475722c2066726f6d2061204c6f72656d20497073756d20706173736167652c20616e6420676f696e67207468726f756768207468652063697465733c2f7370616e3e3c62723e3c2f703e, '2021-06-13 09:43:31', '2021-06-13 09:43:31'),
(24, 7, 16, NULL, '4:00 PM', '7:00 PM', 'Lorem Ipsum', 0x3c703e3c7374726f6e67207374796c653d226d617267696e3a203070783b2070616464696e673a203070783b20666f6e742d66616d696c793a202671756f743b4f70656e2053616e732671756f743b2c20417269616c2c2073616e732d73657269663b20746578742d616c69676e3a206a7573746966793b223e4c6f72656d20497073756d3c2f7374726f6e673e3c7370616e207374796c653d22666f6e742d66616d696c793a202671756f743b4f70656e2053616e732671756f743b2c20417269616c2c2073616e732d73657269663b20746578742d616c69676e3a206a7573746966793b223e266e6273703b69732073696d706c792064756d6d792074657874206f6620746865207072696e74696e6720616e64207479706573657474696e6720696e6475737472792e204c6f72656d20497073756d20686173206265656e2074686520696e6475737472792773207374616e646172642064756d6d79207465787420657665723c2f7370616e3e3c62723e3c2f703e, '2021-06-13 09:44:00', '2021-06-13 09:44:00'),
(25, 7, 17, 1, NULL, NULL, 'Lorem Ipsum', 0x3c703e3c7370616e207374796c653d22666f6e742d66616d696c793a202671756f743b4f70656e2053616e732671756f743b2c20417269616c2c2073616e732d73657269663b20746578742d616c69676e3a206a7573746966793b223e4c6f72656d20497073756d206973206e6f742073696d706c792072616e646f6d20746578742e2049742068617320726f6f747320696e2061207069656365206f6620636c6173736963616c204c6174696e206c6974657261747572652066726f6d2034352042432c206d616b696e67206974206f76657220323030302079656172733c2f7370616e3e3c62723e3c2f703e, '2021-06-13 09:46:47', '2021-06-13 09:46:47'),
(26, 7, 17, 2, NULL, NULL, 'established fact that a reader', 0x3c703e3c7370616e207374796c653d22666f6e742d66616d696c793a202671756f743b4f70656e2053616e732671756f743b2c20417269616c2c2073616e732d73657269663b20746578742d616c69676e3a206a7573746966793b223e65737461626c6973686564206661637420746861742061207265616465722077696c6c206265206469737472616374656420627920746865207265616461626c6520636f6e74656e74206f6620612070616765207768656e206c6f6f6b696e6720617420697473206c61796f75742e2054686520706f696e74206f66207573696e67204c6f72656d20497073756d2069732074686174206974206861733c2f7370616e3e3c62723e3c2f703e, '2021-06-13 09:47:33', '2021-06-13 09:47:33'),
(27, 7, 17, 3, NULL, NULL, 'variations of passages', 0x3c703e3c7370616e207374796c653d22666f6e742d66616d696c793a202671756f743b4f70656e2053616e732671756f743b2c20417269616c2c2073616e732d73657269663b20746578742d616c69676e3a206a7573746966793b223e766172696174696f6e73206f66207061737361676573206f66204c6f72656d20497073756d20617661696c61626c652c2062757420746865206d616a6f72697479206861766520737566666572656420616c7465726174696f6e20696e20736f6d6520666f726d2c20627920696e6a65637465642068756d6f75722c206f722072616e646f6d6973656420776f72647320776869636820646f6e2774206c6f6f6b3c2f7370616e3e3c62723e3c2f703e, '2021-06-13 09:48:05', '2021-06-13 09:48:05'),
(28, 7, 18, 1, NULL, NULL, 'Lorem Ipsum', 0x3c703e3c7370616e207374796c653d22666f6e742d66616d696c793a202671756f743b4f70656e2053616e732671756f743b2c20417269616c2c2073616e732d73657269663b20746578742d616c69676e3a206a7573746966793b223e766172696174696f6e73206f66207061737361676573206f66204c6f72656d20497073756d20617661696c61626c652c2062757420746865206d616a6f72697479206861766520737566666572656420616c7465726174696f6e20696e20736f6d6520666f726d2c20627920696e6a65637465642068756d6f75722c206f722072616e646f6d6973656420776f72647320776869636820646f6e2774206c6f6f6b3c2f7370616e3e3c62723e3c2f703e, '2021-06-13 09:46:47', '2021-06-13 09:46:47'),
(29, 7, 18, 2, NULL, NULL, 'established fact that a reader', 0x3c703e3c7370616e207374796c653d22666f6e742d66616d696c793a202671756f743b4f70656e2053616e732671756f743b2c20417269616c2c2073616e732d73657269663b20746578742d616c69676e3a206a7573746966793b223e766172696174696f6e73206f66207061737361676573206f66204c6f72656d20497073756d20617661696c61626c652c2062757420746865206d616a6f72697479206861766520737566666572656420616c7465726174696f6e20696e20736f6d6520666f726d2c20627920696e6a65637465642068756d6f75722c206f722072616e646f6d6973656420776f72647320776869636820646f6e2774206c6f6f6b3c2f7370616e3e3c62723e3c2f703e, '2021-06-13 09:47:33', '2021-06-13 09:47:33'),
(30, 7, 18, 3, NULL, NULL, 'variations of passages', 0x3c703e3c7370616e207374796c653d22666f6e742d66616d696c793a202671756f743b4f70656e2053616e732671756f743b2c20417269616c2c2073616e732d73657269663b20746578742d616c69676e3a206a7573746966793b223e766172696174696f6e73206f66207061737361676573206f66204c6f72656d20497073756d20617661696c61626c652c2062757420746865206d616a6f72697479206861766520737566666572656420616c7465726174696f6e20696e20736f6d6520666f726d2c20627920696e6a65637465642068756d6f75722c206f722072616e646f6d6973656420776f72647320776869636820646f6e2774206c6f6f6b3c2f7370616e3e3c62723e3c2f703e, '2021-06-13 09:48:05', '2021-06-13 09:48:05'),
(31, 7, 19, NULL, '10:00 AM', '11:00 AM', 'randomised words', 0x3c703e3c7370616e207374796c653d22666f6e742d66616d696c793a202671756f743b4f70656e2053616e732671756f743b2c20417269616c2c2073616e732d73657269663b20746578742d616c69676e3a206a7573746966793b223e766172696174696f6e73206f66207061737361676573206f66204c6f72656d20497073756d20617661696c61626c652c2062757420746865206d616a6f72697479206861766520737566666572656420616c7465726174696f6e20696e20736f6d6520666f726d2c20627920696e6a65637465642068756d6f75722c206f722072616e646f6d6973656420776f72647320776869636820646f6e2774206c6f6f6b3c2f7370616e3e3c62723e3c2f703e, '2021-06-13 09:43:03', '2021-06-13 09:43:03'),
(32, 7, 19, NULL, '12:00 PM', '2:30 PM', 'Richard McClintock', 0x3c703e3c7370616e207374796c653d22666f6e742d66616d696c793a202671756f743b4f70656e2053616e732671756f743b2c20417269616c2c2073616e732d73657269663b20746578742d616c69676e3a206a7573746966793b223e766172696174696f6e73206f66207061737361676573206f66204c6f72656d20497073756d20617661696c61626c652c2062757420746865206d616a6f72697479206861766520737566666572656420616c7465726174696f6e20696e20736f6d6520666f726d2c20627920696e6a65637465642068756d6f75722c206f722072616e646f6d6973656420776f72647320776869636820646f6e2774206c6f6f6b3c2f7370616e3e3c62723e3c2f703e, '2021-06-13 09:43:31', '2021-06-13 09:43:31'),
(33, 7, 19, NULL, '4:00 PM', '7:00 PM', 'Lorem Ipsum', 0x3c703e3c7370616e207374796c653d22666f6e742d66616d696c793a202671756f743b4f70656e2053616e732671756f743b2c20417269616c2c2073616e732d73657269663b20746578742d616c69676e3a206a7573746966793b223e766172696174696f6e73206f66207061737361676573206f66204c6f72656d20497073756d20617661696c61626c652c2062757420746865206d616a6f72697479206861766520737566666572656420616c7465726174696f6e20696e20736f6d6520666f726d2c20627920696e6a65637465642068756d6f75722c206f722072616e646f6d6973656420776f72647320776869636820646f6e2774206c6f6f6b3c2f7370616e3e3c62723e3c2f703e, '2021-06-13 09:44:00', '2021-06-13 09:44:00'),
(34, 7, 20, 1, NULL, NULL, 'Lorem Ipsum', 0x3c703e3c7370616e207374796c653d22666f6e742d66616d696c793a202671756f743b4f70656e2053616e732671756f743b2c20417269616c2c2073616e732d73657269663b20746578742d616c69676e3a206a7573746966793b223e766172696174696f6e73206f66207061737361676573206f66204c6f72656d20497073756d20617661696c61626c652c2062757420746865206d616a6f72697479206861766520737566666572656420616c7465726174696f6e20696e20736f6d6520666f726d2c20627920696e6a65637465642068756d6f75722c206f722072616e646f6d6973656420776f72647320776869636820646f6e2774206c6f6f6b3c2f7370616e3e3c62723e3c2f703e, '2021-06-13 09:46:47', '2021-06-13 09:46:47'),
(35, 7, 20, 2, NULL, NULL, 'established fact that a reader', 0x3c703e3c7370616e207374796c653d22666f6e742d66616d696c793a202671756f743b4f70656e2053616e732671756f743b2c20417269616c2c2073616e732d73657269663b20746578742d616c69676e3a206a7573746966793b223e766172696174696f6e73206f66207061737361676573206f66204c6f72656d20497073756d20617661696c61626c652c2062757420746865206d616a6f72697479206861766520737566666572656420616c7465726174696f6e20696e20736f6d6520666f726d2c20627920696e6a65637465642068756d6f75722c206f722072616e646f6d6973656420776f72647320776869636820646f6e2774206c6f6f6b3c2f7370616e3e3c62723e3c2f703e, '2021-06-13 09:47:33', '2021-06-13 09:47:33'),
(36, 7, 20, 3, NULL, NULL, 'variations of passages', 0x3c703e3c7370616e207374796c653d22666f6e742d66616d696c793a202671756f743b4f70656e2053616e732671756f743b2c20417269616c2c2073616e732d73657269663b20746578742d616c69676e3a206a7573746966793b223e766172696174696f6e73206f66207061737361676573206f66204c6f72656d20497073756d20617661696c61626c652c2062757420746865206d616a6f72697479206861766520737566666572656420616c7465726174696f6e20696e20736f6d6520666f726d2c20627920696e6a65637465642068756d6f75722c206f722072616e646f6d6973656420776f72647320776869636820646f6e2774206c6f6f6b3c2f7370616e3e3c62723e3c2f703e, '2021-06-13 09:48:05', '2021-06-13 09:48:05'),
(37, 7, 21, 1, NULL, NULL, 'Lorem Ipsum', 0x3c703e3c7370616e207374796c653d22666f6e742d66616d696c793a202671756f743b4f70656e2053616e732671756f743b2c20417269616c2c2073616e732d73657269663b20746578742d616c69676e3a206a7573746966793b223e766172696174696f6e73206f66207061737361676573206f66204c6f72656d20497073756d20617661696c61626c652c2062757420746865206d616a6f72697479206861766520737566666572656420616c7465726174696f6e20696e20736f6d6520666f726d2c20627920696e6a65637465642068756d6f75722c206f722072616e646f6d6973656420776f72647320776869636820646f6e2774206c6f6f6b3c2f7370616e3e3c62723e3c2f703e, '2021-06-13 09:46:47', '2021-06-13 09:46:47'),
(38, 7, 21, 2, NULL, NULL, 'established fact that a reader', 0x3c703e3c7370616e207374796c653d22666f6e742d66616d696c793a202671756f743b4f70656e2053616e732671756f743b2c20417269616c2c2073616e732d73657269663b20746578742d616c69676e3a206a7573746966793b223e766172696174696f6e73206f66207061737361676573206f66204c6f72656d20497073756d20617661696c61626c652c2062757420746865206d616a6f72697479206861766520737566666572656420616c7465726174696f6e20696e20736f6d6520666f726d2c20627920696e6a65637465642068756d6f75722c206f722072616e646f6d6973656420776f72647320776869636820646f6e2774206c6f6f6b3c2f7370616e3e3c62723e3c2f703e, '2021-06-13 09:47:33', '2021-06-13 09:47:33'),
(39, 7, 21, 3, NULL, NULL, 'variations of passages', 0x3c703e3c7370616e207374796c653d22666f6e742d66616d696c793a202671756f743b4f70656e2053616e732671756f743b2c20417269616c2c2073616e732d73657269663b20746578742d616c69676e3a206a7573746966793b223e766172696174696f6e73206f66207061737361676573206f66204c6f72656d20497073756d20617661696c61626c652c2062757420746865206d616a6f72697479206861766520737566666572656420616c7465726174696f6e20696e20736f6d6520666f726d2c20627920696e6a65637465642068756d6f75722c206f722072616e646f6d6973656420776f72647320776869636820646f6e2774206c6f6f6b3c2f7370616e3e3c62723e3c2f703e, '2021-06-13 09:48:05', '2021-06-13 09:48:05'),
(40, 7, 22, NULL, '10:00 AM', '11:00 AM', 'randomised words', 0x3c703e3c7370616e207374796c653d22666f6e742d66616d696c793a202671756f743b4f70656e2053616e732671756f743b2c20417269616c2c2073616e732d73657269663b20746578742d616c69676e3a206a7573746966793b223e766172696174696f6e73206f66207061737361676573206f66204c6f72656d20497073756d20617661696c61626c652c2062757420746865206d616a6f72697479206861766520737566666572656420616c7465726174696f6e20696e20736f6d6520666f726d2c20627920696e6a65637465642068756d6f75722c206f722072616e646f6d6973656420776f72647320776869636820646f6e2774206c6f6f6b3c2f7370616e3e3c62723e3c2f703e, '2021-06-13 09:43:03', '2021-06-13 09:43:03'),
(41, 7, 22, NULL, '12:00 PM', '2:30 PM', 'Richard McClintock', 0x3c703e3c7370616e207374796c653d22666f6e742d66616d696c793a202671756f743b4f70656e2053616e732671756f743b2c20417269616c2c2073616e732d73657269663b20746578742d616c69676e3a206a7573746966793b223e766172696174696f6e73206f66207061737361676573206f66204c6f72656d20497073756d20617661696c61626c652c2062757420746865206d616a6f72697479206861766520737566666572656420616c7465726174696f6e20696e20736f6d6520666f726d2c20627920696e6a65637465642068756d6f75722c206f722072616e646f6d6973656420776f72647320776869636820646f6e2774206c6f6f6b3c2f7370616e3e3c62723e3c2f703e, '2021-06-13 09:43:31', '2021-06-13 09:43:31'),
(42, 7, 22, NULL, '4:00 PM', '7:00 PM', 'Lorem Ipsum', 0x3c703e3c7370616e207374796c653d22666f6e742d66616d696c793a202671756f743b4f70656e2053616e732671756f743b2c20417269616c2c2073616e732d73657269663b20746578742d616c69676e3a206a7573746966793b223e766172696174696f6e73206f66207061737361676573206f66204c6f72656d20497073756d20617661696c61626c652c2062757420746865206d616a6f72697479206861766520737566666572656420616c7465726174696f6e20696e20736f6d6520666f726d2c20627920696e6a65637465642068756d6f75722c206f722072616e646f6d6973656420776f72647320776869636820646f6e2774206c6f6f6b3c2f7370616e3e3c62723e3c2f703e, '2021-06-13 09:44:00', '2021-06-13 09:44:00'),
(43, 7, 23, 1, NULL, NULL, 'Lorem Ipsum', 0x3c703e3c7370616e207374796c653d22666f6e742d66616d696c793a202671756f743b4f70656e2053616e732671756f743b2c20417269616c2c2073616e732d73657269663b20746578742d616c69676e3a206a7573746966793b223e766172696174696f6e73206f66207061737361676573206f66204c6f72656d20497073756d20617661696c61626c652c2062757420746865206d616a6f72697479206861766520737566666572656420616c7465726174696f6e20696e20736f6d6520666f726d2c20627920696e6a65637465642068756d6f75722c206f722072616e646f6d6973656420776f72647320776869636820646f6e2774206c6f6f6b3c2f7370616e3e3c62723e3c2f703e, '2021-06-13 09:46:47', '2021-06-13 09:46:47'),
(44, 7, 23, 2, NULL, NULL, 'established fact that a reader', 0x3c703e3c7370616e207374796c653d22666f6e742d66616d696c793a202671756f743b4f70656e2053616e732671756f743b2c20417269616c2c2073616e732d73657269663b20746578742d616c69676e3a206a7573746966793b223e766172696174696f6e73206f66207061737361676573206f66204c6f72656d20497073756d20617661696c61626c652c2062757420746865206d616a6f72697479206861766520737566666572656420616c7465726174696f6e20696e20736f6d6520666f726d2c20627920696e6a65637465642068756d6f75722c206f722072616e646f6d6973656420776f72647320776869636820646f6e2774206c6f6f6b3c2f7370616e3e3c62723e3c2f703e, '2021-06-13 09:47:33', '2021-06-13 09:47:33'),
(45, 7, 23, 3, NULL, NULL, 'variations of passages', 0x3c703e3c7370616e207374796c653d22666f6e742d66616d696c793a202671756f743b4f70656e2053616e732671756f743b2c20417269616c2c2073616e732d73657269663b20746578742d616c69676e3a206a7573746966793b223e766172696174696f6e73206f66207061737361676573206f66204c6f72656d20497073756d20617661696c61626c652c2062757420746865206d616a6f72697479206861766520737566666572656420616c7465726174696f6e20696e20736f6d6520666f726d2c20627920696e6a65637465642068756d6f75722c206f722072616e646f6d6973656420776f72647320776869636820646f6e2774206c6f6f6b3c2f7370616e3e3c62723e3c2f703e, '2021-06-13 09:48:05', '2021-06-13 09:48:05'),
(46, 8, 15, 1, NULL, NULL, 'هناك حقيقة مثبتة', 0xefbbbfd986d8a7d984d98320d8a7d984d8b9d8afd98ad8af20d985d98620d8a7d984d8a3d986d988d8a7d8b920d8a7d984d985d8aad988d981d8b1d8a920d984d986d8b5d988d8b520d984d988d8b1d98ad98520d8a5d98ad8a8d8b3d988d985d88c20d988d984d983d98620d8a7d984d8bad8a7d984d8a8d98ad8a920d8aad98520d8aad8b9d8afd98ad984d987d8a720d8a8d8b4d983d98420d985d8a720d8b9d8a8d8b120d8a5d8afd8aed8a7d98420d8a8d8b9d8b620d8a7d984d986d988d8a7d8afd8b120d8a3d98820d8a7d984d983d984d985d8a7d8aa20d8a7d984d8b9d8b4d988d8a7d8a6d98ad8a920d8a5d984d98920d8a7d984d986d8b52e20d8a5d98620d983d986d8aa20d8aad8b1d98ad8af20d8a3d98620d8aad8b3d8aad8aed8afd98520d986d8b520d984d988d8b1d98ad98520d8a5d98ad8a8d8b3d988d98520d985d8a7d88c20d8b9d984d98ad98320d8a3d98620d8aad8aad8add982d98220d8a3d988d984d8a7d98b20d8a3d98620d984d98ad8b320d987d986d8a7d98320d8a3d98a20d983d984d985d8a7d8aa20d8a3d98820d8b9d8a8d8a7d8b1d8a7d8aa20d985d8add8b1d8acd8a920d8a3d98820d8bad98ad8b1, '2021-06-13 09:35:34', '2021-06-13 09:35:34'),
(47, 8, 15, 2, NULL, NULL, 'هناك حقيقة مثبتة', 0xefbbbfd986d8a7d984d98320d8a7d984d8b9d8afd98ad8af20d985d98620d8a7d984d8a3d986d988d8a7d8b920d8a7d984d985d8aad988d981d8b1d8a920d984d986d8b5d988d8b520d984d988d8b1d98ad98520d8a5d98ad8a8d8b3d988d985d88c20d988d984d983d98620d8a7d984d8bad8a7d984d8a8d98ad8a920d8aad98520d8aad8b9d8afd98ad984d987d8a720d8a8d8b4d983d98420d985d8a720d8b9d8a8d8b120d8a5d8afd8aed8a7d98420d8a8d8b9d8b620d8a7d984d986d988d8a7d8afd8b120d8a3d98820d8a7d984d983d984d985d8a7d8aa20d8a7d984d8b9d8b4d988d8a7d8a6d98ad8a920d8a5d984d98920d8a7d984d986d8b52e20d8a5d98620d983d986d8aa20d8aad8b1d98ad8af20d8a3d98620d8aad8b3d8aad8aed8afd98520d986d8b520d984d988d8b1d98ad98520d8a5d98ad8a8d8b3d988d98520d985d8a7d88c20d8b9d984d98ad98320d8a3d98620d8aad8aad8add982d98220d8a3d988d984d8a7d98b20d8a3d98620d984d98ad8b320d987d986d8a7d98320d8a3d98a20d983d984d985d8a7d8aa20d8a3d98820d8b9d8a8d8a7d8b1d8a7d8aa20d985d8add8b1d8acd8a920d8a3d98820d8bad98ad8b1, '2021-06-13 09:36:07', '2021-06-13 09:36:07'),
(48, 8, 15, 3, NULL, NULL, 'هناك حقيقة مثبتة', 0xefbbbfd986d8a7d984d98320d8a7d984d8b9d8afd98ad8af20d985d98620d8a7d984d8a3d986d988d8a7d8b920d8a7d984d985d8aad988d981d8b1d8a920d984d986d8b5d988d8b520d984d988d8b1d98ad98520d8a5d98ad8a8d8b3d988d985d88c20d988d984d983d98620d8a7d984d8bad8a7d984d8a8d98ad8a920d8aad98520d8aad8b9d8afd98ad984d987d8a720d8a8d8b4d983d98420d985d8a720d8b9d8a8d8b120d8a5d8afd8aed8a7d98420d8a8d8b9d8b620d8a7d984d986d988d8a7d8afd8b120d8a3d98820d8a7d984d983d984d985d8a7d8aa20d8a7d984d8b9d8b4d988d8a7d8a6d98ad8a920d8a5d984d98920d8a7d984d986d8b52e20d8a5d98620d983d986d8aa20d8aad8b1d98ad8af20d8a3d98620d8aad8b3d8aad8aed8afd98520d986d8b520d984d988d8b1d98ad98520d8a5d98ad8a8d8b3d988d98520d985d8a7d88c20d8b9d984d98ad98320d8a3d98620d8aad8aad8add982d98220d8a3d988d984d8a7d98b20d8a3d98620d984d98ad8b320d987d986d8a7d98320d8a3d98a20d983d984d985d8a7d8aa20d8a3d98820d8b9d8a8d8a7d8b1d8a7d8aa20d985d8add8b1d8acd8a920d8a3d98820d8bad98ad8b1, '2021-06-13 09:36:30', '2021-06-13 09:36:30'),
(49, 8, 16, NULL, '10:00 AM', '11:00 AM', 'هناك حقيقة مثبتة', 0xefbbbfd986d8a7d984d98320d8a7d984d8b9d8afd98ad8af20d985d98620d8a7d984d8a3d986d988d8a7d8b920d8a7d984d985d8aad988d981d8b1d8a920d984d986d8b5d988d8b520d984d988d8b1d98ad98520d8a5d98ad8a8d8b3d988d985d88c20d988d984d983d98620d8a7d984d8bad8a7d984d8a8d98ad8a920d8aad98520d8aad8b9d8afd98ad984d987d8a720d8a8d8b4d983d98420d985d8a720d8b9d8a8d8b120d8a5d8afd8aed8a7d98420d8a8d8b9d8b620d8a7d984d986d988d8a7d8afd8b120d8a3d98820d8a7d984d983d984d985d8a7d8aa20d8a7d984d8b9d8b4d988d8a7d8a6d98ad8a920d8a5d984d98920d8a7d984d986d8b52e20d8a5d98620d983d986d8aa20d8aad8b1d98ad8af20d8a3d98620d8aad8b3d8aad8aed8afd98520d986d8b520d984d988d8b1d98ad98520d8a5d98ad8a8d8b3d988d98520d985d8a7d88c20d8b9d984d98ad98320d8a3d98620d8aad8aad8add982d98220d8a3d988d984d8a7d98b20d8a3d98620d984d98ad8b320d987d986d8a7d98320d8a3d98a20d983d984d985d8a7d8aa20d8a3d98820d8b9d8a8d8a7d8b1d8a7d8aa20d985d8add8b1d8acd8a920d8a3d98820d8bad98ad8b1, '2021-06-13 09:43:03', '2021-06-13 09:43:03'),
(50, 8, 16, NULL, '12:00 PM', '2:30 PM', 'هناك حقيقة مثبتة', 0xefbbbfd986d8a7d984d98320d8a7d984d8b9d8afd98ad8af20d985d98620d8a7d984d8a3d986d988d8a7d8b920d8a7d984d985d8aad988d981d8b1d8a920d984d986d8b5d988d8b520d984d988d8b1d98ad98520d8a5d98ad8a8d8b3d988d985d88c20d988d984d983d98620d8a7d984d8bad8a7d984d8a8d98ad8a920d8aad98520d8aad8b9d8afd98ad984d987d8a720d8a8d8b4d983d98420d985d8a720d8b9d8a8d8b120d8a5d8afd8aed8a7d98420d8a8d8b9d8b620d8a7d984d986d988d8a7d8afd8b120d8a3d98820d8a7d984d983d984d985d8a7d8aa20d8a7d984d8b9d8b4d988d8a7d8a6d98ad8a920d8a5d984d98920d8a7d984d986d8b52e20d8a5d98620d983d986d8aa20d8aad8b1d98ad8af20d8a3d98620d8aad8b3d8aad8aed8afd98520d986d8b520d984d988d8b1d98ad98520d8a5d98ad8a8d8b3d988d98520d985d8a7d88c20d8b9d984d98ad98320d8a3d98620d8aad8aad8add982d98220d8a3d988d984d8a7d98b20d8a3d98620d984d98ad8b320d987d986d8a7d98320d8a3d98a20d983d984d985d8a7d8aa20d8a3d98820d8b9d8a8d8a7d8b1d8a7d8aa20d985d8add8b1d8acd8a920d8a3d98820d8bad98ad8b1, '2021-06-13 09:43:31', '2021-06-13 09:43:31'),
(51, 8, 16, NULL, '4:00 PM', '7:00 PM', 'هناك حقيقة مثبتة', 0xefbbbfd986d8a7d984d98320d8a7d984d8b9d8afd98ad8af20d985d98620d8a7d984d8a3d986d988d8a7d8b920d8a7d984d985d8aad988d981d8b1d8a920d984d986d8b5d988d8b520d984d988d8b1d98ad98520d8a5d98ad8a8d8b3d988d985d88c20d988d984d983d98620d8a7d984d8bad8a7d984d8a8d98ad8a920d8aad98520d8aad8b9d8afd98ad984d987d8a720d8a8d8b4d983d98420d985d8a720d8b9d8a8d8b120d8a5d8afd8aed8a7d98420d8a8d8b9d8b620d8a7d984d986d988d8a7d8afd8b120d8a3d98820d8a7d984d983d984d985d8a7d8aa20d8a7d984d8b9d8b4d988d8a7d8a6d98ad8a920d8a5d984d98920d8a7d984d986d8b52e20d8a5d98620d983d986d8aa20d8aad8b1d98ad8af20d8a3d98620d8aad8b3d8aad8aed8afd98520d986d8b520d984d988d8b1d98ad98520d8a5d98ad8a8d8b3d988d98520d985d8a7d88c20d8b9d984d98ad98320d8a3d98620d8aad8aad8add982d98220d8a3d988d984d8a7d98b20d8a3d98620d984d98ad8b320d987d986d8a7d98320d8a3d98a20d983d984d985d8a7d8aa20d8a3d98820d8b9d8a8d8a7d8b1d8a7d8aa20d985d8add8b1d8acd8a920d8a3d98820d8bad98ad8b1, '2021-06-13 09:44:00', '2021-06-13 09:44:00'),
(52, 8, 17, 1, NULL, NULL, 'هناك حقيقة مثبتة', 0xefbbbfd986d8a7d984d98320d8a7d984d8b9d8afd98ad8af20d985d98620d8a7d984d8a3d986d988d8a7d8b920d8a7d984d985d8aad988d981d8b1d8a920d984d986d8b5d988d8b520d984d988d8b1d98ad98520d8a5d98ad8a8d8b3d988d985d88c20d988d984d983d98620d8a7d984d8bad8a7d984d8a8d98ad8a920d8aad98520d8aad8b9d8afd98ad984d987d8a720d8a8d8b4d983d98420d985d8a720d8b9d8a8d8b120d8a5d8afd8aed8a7d98420d8a8d8b9d8b620d8a7d984d986d988d8a7d8afd8b120d8a3d98820d8a7d984d983d984d985d8a7d8aa20d8a7d984d8b9d8b4d988d8a7d8a6d98ad8a920d8a5d984d98920d8a7d984d986d8b52e20d8a5d98620d983d986d8aa20d8aad8b1d98ad8af20d8a3d98620d8aad8b3d8aad8aed8afd98520d986d8b520d984d988d8b1d98ad98520d8a5d98ad8a8d8b3d988d98520d985d8a7d88c20d8b9d984d98ad98320d8a3d98620d8aad8aad8add982d98220d8a3d988d984d8a7d98b20d8a3d98620d984d98ad8b320d987d986d8a7d98320d8a3d98a20d983d984d985d8a7d8aa20d8a3d98820d8b9d8a8d8a7d8b1d8a7d8aa20d985d8add8b1d8acd8a920d8a3d98820d8bad98ad8b1, '2021-06-13 09:46:47', '2021-06-13 09:46:47'),
(53, 8, 17, 2, NULL, NULL, 'هناك حقيقة مثبتة', 0xefbbbfd986d8a7d984d98320d8a7d984d8b9d8afd98ad8af20d985d98620d8a7d984d8a3d986d988d8a7d8b920d8a7d984d985d8aad988d981d8b1d8a920d984d986d8b5d988d8b520d984d988d8b1d98ad98520d8a5d98ad8a8d8b3d988d985d88c20d988d984d983d98620d8a7d984d8bad8a7d984d8a8d98ad8a920d8aad98520d8aad8b9d8afd98ad984d987d8a720d8a8d8b4d983d98420d985d8a720d8b9d8a8d8b120d8a5d8afd8aed8a7d98420d8a8d8b9d8b620d8a7d984d986d988d8a7d8afd8b120d8a3d98820d8a7d984d983d984d985d8a7d8aa20d8a7d984d8b9d8b4d988d8a7d8a6d98ad8a920d8a5d984d98920d8a7d984d986d8b52e20d8a5d98620d983d986d8aa20d8aad8b1d98ad8af20d8a3d98620d8aad8b3d8aad8aed8afd98520d986d8b520d984d988d8b1d98ad98520d8a5d98ad8a8d8b3d988d98520d985d8a7d88c20d8b9d984d98ad98320d8a3d98620d8aad8aad8add982d98220d8a3d988d984d8a7d98b20d8a3d98620d984d98ad8b320d987d986d8a7d98320d8a3d98a20d983d984d985d8a7d8aa20d8a3d98820d8b9d8a8d8a7d8b1d8a7d8aa20d985d8add8b1d8acd8a920d8a3d98820d8bad98ad8b1, '2021-06-13 09:47:33', '2021-06-13 09:47:33'),
(54, 8, 17, 3, NULL, NULL, 'هناك حقيقة مثبتة', 0xefbbbfd986d8a7d984d98320d8a7d984d8b9d8afd98ad8af20d985d98620d8a7d984d8a3d986d988d8a7d8b920d8a7d984d985d8aad988d981d8b1d8a920d984d986d8b5d988d8b520d984d988d8b1d98ad98520d8a5d98ad8a8d8b3d988d985d88c20d988d984d983d98620d8a7d984d8bad8a7d984d8a8d98ad8a920d8aad98520d8aad8b9d8afd98ad984d987d8a720d8a8d8b4d983d98420d985d8a720d8b9d8a8d8b120d8a5d8afd8aed8a7d98420d8a8d8b9d8b620d8a7d984d986d988d8a7d8afd8b120d8a3d98820d8a7d984d983d984d985d8a7d8aa20d8a7d984d8b9d8b4d988d8a7d8a6d98ad8a920d8a5d984d98920d8a7d984d986d8b52e20d8a5d98620d983d986d8aa20d8aad8b1d98ad8af20d8a3d98620d8aad8b3d8aad8aed8afd98520d986d8b520d984d988d8b1d98ad98520d8a5d98ad8a8d8b3d988d98520d985d8a7d88c20d8b9d984d98ad98320d8a3d98620d8aad8aad8add982d98220d8a3d988d984d8a7d98b20d8a3d98620d984d98ad8b320d987d986d8a7d98320d8a3d98a20d983d984d985d8a7d8aa20d8a3d98820d8b9d8a8d8a7d8b1d8a7d8aa20d985d8add8b1d8acd8a920d8a3d98820d8bad98ad8b1, '2021-06-13 09:48:05', '2021-06-13 09:48:05'),
(55, 8, 18, 1, NULL, NULL, 'هناك حقيقة مثبتة', 0xefbbbfd986d8a7d984d98320d8a7d984d8b9d8afd98ad8af20d985d98620d8a7d984d8a3d986d988d8a7d8b920d8a7d984d985d8aad988d981d8b1d8a920d984d986d8b5d988d8b520d984d988d8b1d98ad98520d8a5d98ad8a8d8b3d988d985d88c20d988d984d983d98620d8a7d984d8bad8a7d984d8a8d98ad8a920d8aad98520d8aad8b9d8afd98ad984d987d8a720d8a8d8b4d983d98420d985d8a720d8b9d8a8d8b120d8a5d8afd8aed8a7d98420d8a8d8b9d8b620d8a7d984d986d988d8a7d8afd8b120d8a3d98820d8a7d984d983d984d985d8a7d8aa20d8a7d984d8b9d8b4d988d8a7d8a6d98ad8a920d8a5d984d98920d8a7d984d986d8b52e20d8a5d98620d983d986d8aa20d8aad8b1d98ad8af20d8a3d98620d8aad8b3d8aad8aed8afd98520d986d8b520d984d988d8b1d98ad98520d8a5d98ad8a8d8b3d988d98520d985d8a7d88c20d8b9d984d98ad98320d8a3d98620d8aad8aad8add982d98220d8a3d988d984d8a7d98b20d8a3d98620d984d98ad8b320d987d986d8a7d98320d8a3d98a20d983d984d985d8a7d8aa20d8a3d98820d8b9d8a8d8a7d8b1d8a7d8aa20d985d8add8b1d8acd8a920d8a3d98820d8bad98ad8b1, '2021-06-13 09:46:47', '2021-06-13 09:46:47'),
(56, 8, 18, 2, NULL, NULL, 'هناك حقيقة مثبتة', 0xefbbbfd986d8a7d984d98320d8a7d984d8b9d8afd98ad8af20d985d98620d8a7d984d8a3d986d988d8a7d8b920d8a7d984d985d8aad988d981d8b1d8a920d984d986d8b5d988d8b520d984d988d8b1d98ad98520d8a5d98ad8a8d8b3d988d985d88c20d988d984d983d98620d8a7d984d8bad8a7d984d8a8d98ad8a920d8aad98520d8aad8b9d8afd98ad984d987d8a720d8a8d8b4d983d98420d985d8a720d8b9d8a8d8b120d8a5d8afd8aed8a7d98420d8a8d8b9d8b620d8a7d984d986d988d8a7d8afd8b120d8a3d98820d8a7d984d983d984d985d8a7d8aa20d8a7d984d8b9d8b4d988d8a7d8a6d98ad8a920d8a5d984d98920d8a7d984d986d8b52e20d8a5d98620d983d986d8aa20d8aad8b1d98ad8af20d8a3d98620d8aad8b3d8aad8aed8afd98520d986d8b520d984d988d8b1d98ad98520d8a5d98ad8a8d8b3d988d98520d985d8a7d88c20d8b9d984d98ad98320d8a3d98620d8aad8aad8add982d98220d8a3d988d984d8a7d98b20d8a3d98620d984d98ad8b320d987d986d8a7d98320d8a3d98a20d983d984d985d8a7d8aa20d8a3d98820d8b9d8a8d8a7d8b1d8a7d8aa20d985d8add8b1d8acd8a920d8a3d98820d8bad98ad8b1, '2021-06-13 09:47:33', '2021-06-13 09:47:33'),
(57, 8, 18, 3, NULL, NULL, 'هناك حقيقة مثبتة', 0xefbbbfd986d8a7d984d98320d8a7d984d8b9d8afd98ad8af20d985d98620d8a7d984d8a3d986d988d8a7d8b920d8a7d984d985d8aad988d981d8b1d8a920d984d986d8b5d988d8b520d984d988d8b1d98ad98520d8a5d98ad8a8d8b3d988d985d88c20d988d984d983d98620d8a7d984d8bad8a7d984d8a8d98ad8a920d8aad98520d8aad8b9d8afd98ad984d987d8a720d8a8d8b4d983d98420d985d8a720d8b9d8a8d8b120d8a5d8afd8aed8a7d98420d8a8d8b9d8b620d8a7d984d986d988d8a7d8afd8b120d8a3d98820d8a7d984d983d984d985d8a7d8aa20d8a7d984d8b9d8b4d988d8a7d8a6d98ad8a920d8a5d984d98920d8a7d984d986d8b52e20d8a5d98620d983d986d8aa20d8aad8b1d98ad8af20d8a3d98620d8aad8b3d8aad8aed8afd98520d986d8b520d984d988d8b1d98ad98520d8a5d98ad8a8d8b3d988d98520d985d8a7d88c20d8b9d984d98ad98320d8a3d98620d8aad8aad8add982d98220d8a3d988d984d8a7d98b20d8a3d98620d984d98ad8b320d987d986d8a7d98320d8a3d98a20d983d984d985d8a7d8aa20d8a3d98820d8b9d8a8d8a7d8b1d8a7d8aa20d985d8add8b1d8acd8a920d8a3d98820d8bad98ad8b1, '2021-06-13 09:48:05', '2021-06-13 09:48:05'),
(58, 8, 19, NULL, '10:00 AM', '11:00 AM', 'هناك حقيقة مثبتة', 0xefbbbfd986d8a7d984d98320d8a7d984d8b9d8afd98ad8af20d985d98620d8a7d984d8a3d986d988d8a7d8b920d8a7d984d985d8aad988d981d8b1d8a920d984d986d8b5d988d8b520d984d988d8b1d98ad98520d8a5d98ad8a8d8b3d988d985d88c20d988d984d983d98620d8a7d984d8bad8a7d984d8a8d98ad8a920d8aad98520d8aad8b9d8afd98ad984d987d8a720d8a8d8b4d983d98420d985d8a720d8b9d8a8d8b120d8a5d8afd8aed8a7d98420d8a8d8b9d8b620d8a7d984d986d988d8a7d8afd8b120d8a3d98820d8a7d984d983d984d985d8a7d8aa20d8a7d984d8b9d8b4d988d8a7d8a6d98ad8a920d8a5d984d98920d8a7d984d986d8b52e20d8a5d98620d983d986d8aa20d8aad8b1d98ad8af20d8a3d98620d8aad8b3d8aad8aed8afd98520d986d8b520d984d988d8b1d98ad98520d8a5d98ad8a8d8b3d988d98520d985d8a7d88c20d8b9d984d98ad98320d8a3d98620d8aad8aad8add982d98220d8a3d988d984d8a7d98b20d8a3d98620d984d98ad8b320d987d986d8a7d98320d8a3d98a20d983d984d985d8a7d8aa20d8a3d98820d8b9d8a8d8a7d8b1d8a7d8aa20d985d8add8b1d8acd8a920d8a3d98820d8bad98ad8b1, '2021-06-13 09:43:03', '2021-06-13 09:43:03'),
(59, 8, 19, NULL, '12:00 PM', '2:30 PM', 'هناك حقيقة مثبتة', 0xefbbbfd986d8a7d984d98320d8a7d984d8b9d8afd98ad8af20d985d98620d8a7d984d8a3d986d988d8a7d8b920d8a7d984d985d8aad988d981d8b1d8a920d984d986d8b5d988d8b520d984d988d8b1d98ad98520d8a5d98ad8a8d8b3d988d985d88c20d988d984d983d98620d8a7d984d8bad8a7d984d8a8d98ad8a920d8aad98520d8aad8b9d8afd98ad984d987d8a720d8a8d8b4d983d98420d985d8a720d8b9d8a8d8b120d8a5d8afd8aed8a7d98420d8a8d8b9d8b620d8a7d984d986d988d8a7d8afd8b120d8a3d98820d8a7d984d983d984d985d8a7d8aa20d8a7d984d8b9d8b4d988d8a7d8a6d98ad8a920d8a5d984d98920d8a7d984d986d8b52e20d8a5d98620d983d986d8aa20d8aad8b1d98ad8af20d8a3d98620d8aad8b3d8aad8aed8afd98520d986d8b520d984d988d8b1d98ad98520d8a5d98ad8a8d8b3d988d98520d985d8a7d88c20d8b9d984d98ad98320d8a3d98620d8aad8aad8add982d98220d8a3d988d984d8a7d98b20d8a3d98620d984d98ad8b320d987d986d8a7d98320d8a3d98a20d983d984d985d8a7d8aa20d8a3d98820d8b9d8a8d8a7d8b1d8a7d8aa20d985d8add8b1d8acd8a920d8a3d98820d8bad98ad8b1, '2021-06-13 09:43:31', '2021-06-13 09:43:31'),
(60, 8, 19, NULL, '4:00 PM', '7:00 PM', 'هناك حقيقة مثبتة', 0xefbbbfd986d8a7d984d98320d8a7d984d8b9d8afd98ad8af20d985d98620d8a7d984d8a3d986d988d8a7d8b920d8a7d984d985d8aad988d981d8b1d8a920d984d986d8b5d988d8b520d984d988d8b1d98ad98520d8a5d98ad8a8d8b3d988d985d88c20d988d984d983d98620d8a7d984d8bad8a7d984d8a8d98ad8a920d8aad98520d8aad8b9d8afd98ad984d987d8a720d8a8d8b4d983d98420d985d8a720d8b9d8a8d8b120d8a5d8afd8aed8a7d98420d8a8d8b9d8b620d8a7d984d986d988d8a7d8afd8b120d8a3d98820d8a7d984d983d984d985d8a7d8aa20d8a7d984d8b9d8b4d988d8a7d8a6d98ad8a920d8a5d984d98920d8a7d984d986d8b52e20d8a5d98620d983d986d8aa20d8aad8b1d98ad8af20d8a3d98620d8aad8b3d8aad8aed8afd98520d986d8b520d984d988d8b1d98ad98520d8a5d98ad8a8d8b3d988d98520d985d8a7d88c20d8b9d984d98ad98320d8a3d98620d8aad8aad8add982d98220d8a3d988d984d8a7d98b20d8a3d98620d984d98ad8b320d987d986d8a7d98320d8a3d98a20d983d984d985d8a7d8aa20d8a3d98820d8b9d8a8d8a7d8b1d8a7d8aa20d985d8add8b1d8acd8a920d8a3d98820d8bad98ad8b1, '2021-06-13 09:44:00', '2021-06-13 09:44:00'),
(61, 8, 20, 1, NULL, NULL, 'هناك حقيقة مثبتة', 0xefbbbfd986d8a7d984d98320d8a7d984d8b9d8afd98ad8af20d985d98620d8a7d984d8a3d986d988d8a7d8b920d8a7d984d985d8aad988d981d8b1d8a920d984d986d8b5d988d8b520d984d988d8b1d98ad98520d8a5d98ad8a8d8b3d988d985d88c20d988d984d983d98620d8a7d984d8bad8a7d984d8a8d98ad8a920d8aad98520d8aad8b9d8afd98ad984d987d8a720d8a8d8b4d983d98420d985d8a720d8b9d8a8d8b120d8a5d8afd8aed8a7d98420d8a8d8b9d8b620d8a7d984d986d988d8a7d8afd8b120d8a3d98820d8a7d984d983d984d985d8a7d8aa20d8a7d984d8b9d8b4d988d8a7d8a6d98ad8a920d8a5d984d98920d8a7d984d986d8b52e20d8a5d98620d983d986d8aa20d8aad8b1d98ad8af20d8a3d98620d8aad8b3d8aad8aed8afd98520d986d8b520d984d988d8b1d98ad98520d8a5d98ad8a8d8b3d988d98520d985d8a7d88c20d8b9d984d98ad98320d8a3d98620d8aad8aad8add982d98220d8a3d988d984d8a7d98b20d8a3d98620d984d98ad8b320d987d986d8a7d98320d8a3d98a20d983d984d985d8a7d8aa20d8a3d98820d8b9d8a8d8a7d8b1d8a7d8aa20d985d8add8b1d8acd8a920d8a3d98820d8bad98ad8b1, '2021-06-13 09:46:47', '2021-06-13 09:46:47'),
(62, 8, 20, 2, NULL, NULL, 'هناك حقيقة مثبتة', 0xefbbbfd986d8a7d984d98320d8a7d984d8b9d8afd98ad8af20d985d98620d8a7d984d8a3d986d988d8a7d8b920d8a7d984d985d8aad988d981d8b1d8a920d984d986d8b5d988d8b520d984d988d8b1d98ad98520d8a5d98ad8a8d8b3d988d985d88c20d988d984d983d98620d8a7d984d8bad8a7d984d8a8d98ad8a920d8aad98520d8aad8b9d8afd98ad984d987d8a720d8a8d8b4d983d98420d985d8a720d8b9d8a8d8b120d8a5d8afd8aed8a7d98420d8a8d8b9d8b620d8a7d984d986d988d8a7d8afd8b120d8a3d98820d8a7d984d983d984d985d8a7d8aa20d8a7d984d8b9d8b4d988d8a7d8a6d98ad8a920d8a5d984d98920d8a7d984d986d8b52e20d8a5d98620d983d986d8aa20d8aad8b1d98ad8af20d8a3d98620d8aad8b3d8aad8aed8afd98520d986d8b520d984d988d8b1d98ad98520d8a5d98ad8a8d8b3d988d98520d985d8a7d88c20d8b9d984d98ad98320d8a3d98620d8aad8aad8add982d98220d8a3d988d984d8a7d98b20d8a3d98620d984d98ad8b320d987d986d8a7d98320d8a3d98a20d983d984d985d8a7d8aa20d8a3d98820d8b9d8a8d8a7d8b1d8a7d8aa20d985d8add8b1d8acd8a920d8a3d98820d8bad98ad8b1, '2021-06-13 09:47:33', '2021-06-13 09:47:33'),
(63, 8, 20, 3, NULL, NULL, 'هناك حقيقة مثبتة', 0xefbbbfd986d8a7d984d98320d8a7d984d8b9d8afd98ad8af20d985d98620d8a7d984d8a3d986d988d8a7d8b920d8a7d984d985d8aad988d981d8b1d8a920d984d986d8b5d988d8b520d984d988d8b1d98ad98520d8a5d98ad8a8d8b3d988d985d88c20d988d984d983d98620d8a7d984d8bad8a7d984d8a8d98ad8a920d8aad98520d8aad8b9d8afd98ad984d987d8a720d8a8d8b4d983d98420d985d8a720d8b9d8a8d8b120d8a5d8afd8aed8a7d98420d8a8d8b9d8b620d8a7d984d986d988d8a7d8afd8b120d8a3d98820d8a7d984d983d984d985d8a7d8aa20d8a7d984d8b9d8b4d988d8a7d8a6d98ad8a920d8a5d984d98920d8a7d984d986d8b52e20d8a5d98620d983d986d8aa20d8aad8b1d98ad8af20d8a3d98620d8aad8b3d8aad8aed8afd98520d986d8b520d984d988d8b1d98ad98520d8a5d98ad8a8d8b3d988d98520d985d8a7d88c20d8b9d984d98ad98320d8a3d98620d8aad8aad8add982d98220d8a3d988d984d8a7d98b20d8a3d98620d984d98ad8b320d987d986d8a7d98320d8a3d98a20d983d984d985d8a7d8aa20d8a3d98820d8b9d8a8d8a7d8b1d8a7d8aa20d985d8add8b1d8acd8a920d8a3d98820d8bad98ad8b1, '2021-06-13 09:48:05', '2021-06-13 09:48:05'),
(64, 8, 21, 1, NULL, NULL, 'هناك حقيقة مثبتة', 0xefbbbfd986d8a7d984d98320d8a7d984d8b9d8afd98ad8af20d985d98620d8a7d984d8a3d986d988d8a7d8b920d8a7d984d985d8aad988d981d8b1d8a920d984d986d8b5d988d8b520d984d988d8b1d98ad98520d8a5d98ad8a8d8b3d988d985d88c20d988d984d983d98620d8a7d984d8bad8a7d984d8a8d98ad8a920d8aad98520d8aad8b9d8afd98ad984d987d8a720d8a8d8b4d983d98420d985d8a720d8b9d8a8d8b120d8a5d8afd8aed8a7d98420d8a8d8b9d8b620d8a7d984d986d988d8a7d8afd8b120d8a3d98820d8a7d984d983d984d985d8a7d8aa20d8a7d984d8b9d8b4d988d8a7d8a6d98ad8a920d8a5d984d98920d8a7d984d986d8b52e20d8a5d98620d983d986d8aa20d8aad8b1d98ad8af20d8a3d98620d8aad8b3d8aad8aed8afd98520d986d8b520d984d988d8b1d98ad98520d8a5d98ad8a8d8b3d988d98520d985d8a7d88c20d8b9d984d98ad98320d8a3d98620d8aad8aad8add982d98220d8a3d988d984d8a7d98b20d8a3d98620d984d98ad8b320d987d986d8a7d98320d8a3d98a20d983d984d985d8a7d8aa20d8a3d98820d8b9d8a8d8a7d8b1d8a7d8aa20d985d8add8b1d8acd8a920d8a3d98820d8bad98ad8b1, '2021-06-13 09:46:47', '2021-06-13 09:46:47'),
(65, 8, 21, 2, NULL, NULL, 'هناك حقيقة مثبتة', 0xefbbbfd986d8a7d984d98320d8a7d984d8b9d8afd98ad8af20d985d98620d8a7d984d8a3d986d988d8a7d8b920d8a7d984d985d8aad988d981d8b1d8a920d984d986d8b5d988d8b520d984d988d8b1d98ad98520d8a5d98ad8a8d8b3d988d985d88c20d988d984d983d98620d8a7d984d8bad8a7d984d8a8d98ad8a920d8aad98520d8aad8b9d8afd98ad984d987d8a720d8a8d8b4d983d98420d985d8a720d8b9d8a8d8b120d8a5d8afd8aed8a7d98420d8a8d8b9d8b620d8a7d984d986d988d8a7d8afd8b120d8a3d98820d8a7d984d983d984d985d8a7d8aa20d8a7d984d8b9d8b4d988d8a7d8a6d98ad8a920d8a5d984d98920d8a7d984d986d8b52e20d8a5d98620d983d986d8aa20d8aad8b1d98ad8af20d8a3d98620d8aad8b3d8aad8aed8afd98520d986d8b520d984d988d8b1d98ad98520d8a5d98ad8a8d8b3d988d98520d985d8a7d88c20d8b9d984d98ad98320d8a3d98620d8aad8aad8add982d98220d8a3d988d984d8a7d98b20d8a3d98620d984d98ad8b320d987d986d8a7d98320d8a3d98a20d983d984d985d8a7d8aa20d8a3d98820d8b9d8a8d8a7d8b1d8a7d8aa20d985d8add8b1d8acd8a920d8a3d98820d8bad98ad8b1, '2021-06-13 09:47:33', '2021-06-13 09:47:33'),
(66, 8, 21, 3, NULL, NULL, 'هناك حقيقة مثبتة', 0xefbbbfd986d8a7d984d98320d8a7d984d8b9d8afd98ad8af20d985d98620d8a7d984d8a3d986d988d8a7d8b920d8a7d984d985d8aad988d981d8b1d8a920d984d986d8b5d988d8b520d984d988d8b1d98ad98520d8a5d98ad8a8d8b3d988d985d88c20d988d984d983d98620d8a7d984d8bad8a7d984d8a8d98ad8a920d8aad98520d8aad8b9d8afd98ad984d987d8a720d8a8d8b4d983d98420d985d8a720d8b9d8a8d8b120d8a5d8afd8aed8a7d98420d8a8d8b9d8b620d8a7d984d986d988d8a7d8afd8b120d8a3d98820d8a7d984d983d984d985d8a7d8aa20d8a7d984d8b9d8b4d988d8a7d8a6d98ad8a920d8a5d984d98920d8a7d984d986d8b52e20d8a5d98620d983d986d8aa20d8aad8b1d98ad8af20d8a3d98620d8aad8b3d8aad8aed8afd98520d986d8b520d984d988d8b1d98ad98520d8a5d98ad8a8d8b3d988d98520d985d8a7d88c20d8b9d984d98ad98320d8a3d98620d8aad8aad8add982d98220d8a3d988d984d8a7d98b20d8a3d98620d984d98ad8b320d987d986d8a7d98320d8a3d98a20d983d984d985d8a7d8aa20d8a3d98820d8b9d8a8d8a7d8b1d8a7d8aa20d985d8add8b1d8acd8a920d8a3d98820d8bad98ad8b1, '2021-06-13 09:48:05', '2021-06-13 09:48:05'),
(67, 8, 22, NULL, '10:00 AM', '11:00 AM', 'هناك حقيقة مثبتة', 0xefbbbfd986d8a7d984d98320d8a7d984d8b9d8afd98ad8af20d985d98620d8a7d984d8a3d986d988d8a7d8b920d8a7d984d985d8aad988d981d8b1d8a920d984d986d8b5d988d8b520d984d988d8b1d98ad98520d8a5d98ad8a8d8b3d988d985d88c20d988d984d983d98620d8a7d984d8bad8a7d984d8a8d98ad8a920d8aad98520d8aad8b9d8afd98ad984d987d8a720d8a8d8b4d983d98420d985d8a720d8b9d8a8d8b120d8a5d8afd8aed8a7d98420d8a8d8b9d8b620d8a7d984d986d988d8a7d8afd8b120d8a3d98820d8a7d984d983d984d985d8a7d8aa20d8a7d984d8b9d8b4d988d8a7d8a6d98ad8a920d8a5d984d98920d8a7d984d986d8b52e20d8a5d98620d983d986d8aa20d8aad8b1d98ad8af20d8a3d98620d8aad8b3d8aad8aed8afd98520d986d8b520d984d988d8b1d98ad98520d8a5d98ad8a8d8b3d988d98520d985d8a7d88c20d8b9d984d98ad98320d8a3d98620d8aad8aad8add982d98220d8a3d988d984d8a7d98b20d8a3d98620d984d98ad8b320d987d986d8a7d98320d8a3d98a20d983d984d985d8a7d8aa20d8a3d98820d8b9d8a8d8a7d8b1d8a7d8aa20d985d8add8b1d8acd8a920d8a3d98820d8bad98ad8b1, '2021-06-13 09:43:03', '2021-06-13 09:43:03'),
(68, 8, 22, NULL, '12:00 PM', '2:30 PM', 'هناك حقيقة مثبتة', 0xefbbbfd986d8a7d984d98320d8a7d984d8b9d8afd98ad8af20d985d98620d8a7d984d8a3d986d988d8a7d8b920d8a7d984d985d8aad988d981d8b1d8a920d984d986d8b5d988d8b520d984d988d8b1d98ad98520d8a5d98ad8a8d8b3d988d985d88c20d988d984d983d98620d8a7d984d8bad8a7d984d8a8d98ad8a920d8aad98520d8aad8b9d8afd98ad984d987d8a720d8a8d8b4d983d98420d985d8a720d8b9d8a8d8b120d8a5d8afd8aed8a7d98420d8a8d8b9d8b620d8a7d984d986d988d8a7d8afd8b120d8a3d98820d8a7d984d983d984d985d8a7d8aa20d8a7d984d8b9d8b4d988d8a7d8a6d98ad8a920d8a5d984d98920d8a7d984d986d8b52e20d8a5d98620d983d986d8aa20d8aad8b1d98ad8af20d8a3d98620d8aad8b3d8aad8aed8afd98520d986d8b520d984d988d8b1d98ad98520d8a5d98ad8a8d8b3d988d98520d985d8a7d88c20d8b9d984d98ad98320d8a3d98620d8aad8aad8add982d98220d8a3d988d984d8a7d98b20d8a3d98620d984d98ad8b320d987d986d8a7d98320d8a3d98a20d983d984d985d8a7d8aa20d8a3d98820d8b9d8a8d8a7d8b1d8a7d8aa20d985d8add8b1d8acd8a920d8a3d98820d8bad98ad8b1, '2021-06-13 09:43:31', '2021-06-13 09:43:31'),
(69, 8, 22, NULL, '4:00 PM', '7:00 PM', 'هناك حقيقة مثبتة', 0xefbbbfd986d8a7d984d98320d8a7d984d8b9d8afd98ad8af20d985d98620d8a7d984d8a3d986d988d8a7d8b920d8a7d984d985d8aad988d981d8b1d8a920d984d986d8b5d988d8b520d984d988d8b1d98ad98520d8a5d98ad8a8d8b3d988d985d88c20d988d984d983d98620d8a7d984d8bad8a7d984d8a8d98ad8a920d8aad98520d8aad8b9d8afd98ad984d987d8a720d8a8d8b4d983d98420d985d8a720d8b9d8a8d8b120d8a5d8afd8aed8a7d98420d8a8d8b9d8b620d8a7d984d986d988d8a7d8afd8b120d8a3d98820d8a7d984d983d984d985d8a7d8aa20d8a7d984d8b9d8b4d988d8a7d8a6d98ad8a920d8a5d984d98920d8a7d984d986d8b52e20d8a5d98620d983d986d8aa20d8aad8b1d98ad8af20d8a3d98620d8aad8b3d8aad8aed8afd98520d986d8b520d984d988d8b1d98ad98520d8a5d98ad8a8d8b3d988d98520d985d8a7d88c20d8b9d984d98ad98320d8a3d98620d8aad8aad8add982d98220d8a3d988d984d8a7d98b20d8a3d98620d984d98ad8b320d987d986d8a7d98320d8a3d98a20d983d984d985d8a7d8aa20d8a3d98820d8b9d8a8d8a7d8b1d8a7d8aa20d985d8add8b1d8acd8a920d8a3d98820d8bad98ad8b1, '2021-06-13 09:44:00', '2021-06-13 09:44:00'),
(70, 8, 23, NULL, '10:00 AM', '11:00 AM', 'هناك حقيقة مثبتة', 0xefbbbfd986d8a7d984d98320d8a7d984d8b9d8afd98ad8af20d985d98620d8a7d984d8a3d986d988d8a7d8b920d8a7d984d985d8aad988d981d8b1d8a920d984d986d8b5d988d8b520d984d988d8b1d98ad98520d8a5d98ad8a8d8b3d988d985d88c20d988d984d983d98620d8a7d984d8bad8a7d984d8a8d98ad8a920d8aad98520d8aad8b9d8afd98ad984d987d8a720d8a8d8b4d983d98420d985d8a720d8b9d8a8d8b120d8a5d8afd8aed8a7d98420d8a8d8b9d8b620d8a7d984d986d988d8a7d8afd8b120d8a3d98820d8a7d984d983d984d985d8a7d8aa20d8a7d984d8b9d8b4d988d8a7d8a6d98ad8a920d8a5d984d98920d8a7d984d986d8b52e20d8a5d98620d983d986d8aa20d8aad8b1d98ad8af20d8a3d98620d8aad8b3d8aad8aed8afd98520d986d8b520d984d988d8b1d98ad98520d8a5d98ad8a8d8b3d988d98520d985d8a7d88c20d8b9d984d98ad98320d8a3d98620d8aad8aad8add982d98220d8a3d988d984d8a7d98b20d8a3d98620d984d98ad8b320d987d986d8a7d98320d8a3d98a20d983d984d985d8a7d8aa20d8a3d98820d8b9d8a8d8a7d8b1d8a7d8aa20d985d8add8b1d8acd8a920d8a3d98820d8bad98ad8b1, '2021-06-13 09:43:03', '2021-06-13 09:43:03'),
(71, 8, 23, NULL, '12:00 PM', '2:30 PM', 'هناك حقيقة مثبتة', 0xefbbbfd986d8a7d984d98320d8a7d984d8b9d8afd98ad8af20d985d98620d8a7d984d8a3d986d988d8a7d8b920d8a7d984d985d8aad988d981d8b1d8a920d984d986d8b5d988d8b520d984d988d8b1d98ad98520d8a5d98ad8a8d8b3d988d985d88c20d988d984d983d98620d8a7d984d8bad8a7d984d8a8d98ad8a920d8aad98520d8aad8b9d8afd98ad984d987d8a720d8a8d8b4d983d98420d985d8a720d8b9d8a8d8b120d8a5d8afd8aed8a7d98420d8a8d8b9d8b620d8a7d984d986d988d8a7d8afd8b120d8a3d98820d8a7d984d983d984d985d8a7d8aa20d8a7d984d8b9d8b4d988d8a7d8a6d98ad8a920d8a5d984d98920d8a7d984d986d8b52e20d8a5d98620d983d986d8aa20d8aad8b1d98ad8af20d8a3d98620d8aad8b3d8aad8aed8afd98520d986d8b520d984d988d8b1d98ad98520d8a5d98ad8a8d8b3d988d98520d985d8a7d88c20d8b9d984d98ad98320d8a3d98620d8aad8aad8add982d98220d8a3d988d984d8a7d98b20d8a3d98620d984d98ad8b320d987d986d8a7d98320d8a3d98a20d983d984d985d8a7d8aa20d8a3d98820d8b9d8a8d8a7d8b1d8a7d8aa20d985d8add8b1d8acd8a920d8a3d98820d8bad98ad8b1, '2021-06-13 09:43:31', '2021-06-13 09:43:31'),
(72, 8, 23, NULL, '4:00 PM', '7:00 PM', 'هناك حقيقة مثبتة', 0xefbbbfd986d8a7d984d98320d8a7d984d8b9d8afd98ad8af20d985d98620d8a7d984d8a3d986d988d8a7d8b920d8a7d984d985d8aad988d981d8b1d8a920d984d986d8b5d988d8b520d984d988d8b1d98ad98520d8a5d98ad8a8d8b3d988d985d88c20d988d984d983d98620d8a7d984d8bad8a7d984d8a8d98ad8a920d8aad98520d8aad8b9d8afd98ad984d987d8a720d8a8d8b4d983d98420d985d8a720d8b9d8a8d8b120d8a5d8afd8aed8a7d98420d8a8d8b9d8b620d8a7d984d986d988d8a7d8afd8b120d8a3d98820d8a7d984d983d984d985d8a7d8aa20d8a7d984d8b9d8b4d988d8a7d8a6d98ad8a920d8a5d984d98920d8a7d984d986d8b52e20d8a5d98620d983d986d8aa20d8aad8b1d98ad8af20d8a3d98620d8aad8b3d8aad8aed8afd98520d986d8b520d984d988d8b1d98ad98520d8a5d98ad8a8d8b3d988d98520d985d8a7d88c20d8b9d984d98ad98320d8a3d98620d8aad8aad8add982d98220d8a3d988d984d8a7d98b20d8a3d98620d984d98ad8b320d987d986d8a7d98320d8a3d98a20d983d984d985d8a7d8aa20d8a3d98820d8b9d8a8d8a7d8b1d8a7d8aa20d985d8add8b1d8acd8a920d8a3d98820d8bad98ad8b1, '2021-06-13 09:44:00', '2021-06-13 09:44:00');

-- --------------------------------------------------------

--
-- Table structure for table `package_reviews`
--

CREATE TABLE `package_reviews` (
  `id` bigint(20) UNSIGNED NOT NULL,
  `user_id` bigint(20) UNSIGNED NOT NULL,
  `package_id` bigint(20) UNSIGNED NOT NULL,
  `rating` smallint(5) UNSIGNED NOT NULL,
  `comment` text COLLATE utf8mb4_unicode_ci,
  `created_at` timestamp NULL DEFAULT NULL,
  `updated_at` timestamp NULL DEFAULT NULL
) ENGINE=InnoDB DEFAULT CHARSET=utf8mb4 COLLATE=utf8mb4_unicode_ci;

-- --------------------------------------------------------

--
-- Table structure for table `pages`
--

CREATE TABLE `pages` (
  `id` bigint(20) UNSIGNED NOT NULL,
  `status` tinyint(4) NOT NULL DEFAULT '1',
  `serial_number` int(11) NOT NULL DEFAULT '0',
  `created_at` timestamp NULL DEFAULT NULL,
  `updated_at` timestamp NULL DEFAULT NULL
) ENGINE=InnoDB DEFAULT CHARSET=utf8mb4 COLLATE=utf8mb4_unicode_ci;

--
-- Dumping data for table `pages`
--

INSERT INTO `pages` (`id`, `status`, `serial_number`, `created_at`, `updated_at`) VALUES
(9, 1, 1, '2020-11-03 09:03:05', '2020-11-03 09:03:05'),
(10, 1, 21, '2020-11-03 09:12:14', '2020-11-03 09:35:31'),
(12, 1, 1, '2021-06-02 02:23:42', '2021-06-02 02:23:42'),
(22, 1, 1, '2021-06-13 08:53:37', '2021-06-13 08:53:37'),
(23, 1, 2, '2021-06-13 08:54:51', '2021-06-13 08:54:51');

-- --------------------------------------------------------

--
-- Table structure for table `page_contents`
--

CREATE TABLE `page_contents` (
  `id` int(11) NOT NULL,
  `language_id` int(11) DEFAULT NULL,
  `page_id` int(11) DEFAULT NULL,
  `name` varchar(255) DEFAULT NULL,
  `slug` varchar(255) DEFAULT NULL,
  `body` blob,
  `meta_keywords` text,
  `meta_description` text
) ENGINE=InnoDB DEFAULT CHARSET=utf8mb4;

--
-- Dumping data for table `page_contents`
--

INSERT INTO `page_contents` (`id`, `language_id`, `page_id`, `name`, `slug`, `body`, `meta_keywords`, `meta_description`) VALUES
(28, 7, 22, 'About Us', 'about-us', 0x3c70207374796c653d22746578742d616c69676e3a6a7573746966793b666f6e742d66616d696c793a274f70656e2053616e73272c20417269616c2c2073616e732d73657269663b223e546865726520617265206d616e7920766172696174696f6e73206f66207061737361676573206f66204c6f72656d20497073756d20617661696c61626c652c2062757420746865206d616a6f72697479206861766520737566666572656420616c7465726174696f6e20696e20736f6d6520666f726d2c20627920696e6a65637465642068756d6f75722c206f722072616e646f6d6973656420776f72647320776869636820646f6e2774206c6f6f6b206576656e20736c696768746c792062656c69657661626c652e20496620796f752061726520676f696e6720746f2075736520612070617373616765206f66204c6f72656d20497073756d2c20796f75206e65656420746f20626520737572652074686572652069736e277420616e797468696e6720656d62617272617373696e672068696464656e20696e20746865206d6964646c65206f6620746578742e20416c6c20746865204c6f72656d20497073756d2067656e657261746f7273206f6e2074686520496e7465726e65742074656e6420746f2072657065617420707265646566696e6564206368756e6b73206173206e65636573736172792c206d616b696e6720746869732074686520666972737420747275652067656e657261746f72206f6e2074686520496e7465726e65742e204974207573657320612064696374696f6e617279206f66206f76657220323030204c6174696e20776f7264732c20636f6d62696e6564207769746820612068616e6466756c206f66206d6f64656c2073656e74656e636520737472756374757265732c20746f2067656e6572617465204c6f72656d20497073756d207768696368206c6f6f6b7320726561736f6e61626c652e205468652067656e657261746564204c6f72656d20497073756d206973207468657265666f726520616c7761797320667265652066726f6d2072657065746974696f6e2c20696e6a65637465642068756d6f75722c206f72206e6f6e2d636861726163746572697374696320776f726473206574632e3c2f703e, 'about,us', 'There are many variations of passages of Lorem Ipsum available, but the majority have suffered alteration in some form, by injected humour, or randomised words which don\'t look even slightly believable'),
(29, 8, 22, 'معلومات عنا', 'معلومات-عنا', 0x3c70207374796c653d22746578742d616c69676e3a6a7573746966793b666f6e742d66616d696c793a274f70656e2053616e73272c20417269616c2c2073616e732d73657269663b223ed8aed984d8a7d981d8a7d98e20d984d984d8a5d8b9d8aad982d8a7d8af20d8a7d984d8b3d8a7d8a6d8af20d981d8a5d98620d984d988d8b1d98ad98520d8a5d98ad8a8d8b3d988d98520d984d98ad8b320d986d8b5d8a7d98e20d8b9d8b4d988d8a7d8a6d98ad8a7d98bd88c20d8a8d98420d8a5d98620d984d98720d8acd8b0d988d8b120d981d98a20d8a7d984d8a3d8afd8a820d8a7d984d984d8a7d8aad98ad986d98a20d8a7d984d983d984d8a7d8b3d98ad983d98a20d985d986d8b020d8a7d984d8b9d8a7d98520343520d982d8a8d98420d8a7d984d985d98ad984d8a7d8afd88c20d985d985d8a720d98ad8acd8b9d984d98720d8a3d983d8abd8b120d985d986203230303020d8b9d8a7d98520d981d98a20d8a7d984d982d8afd9852e20d982d8a7d98520d8a7d984d8a8d8b1d988d981d98ad8b3d988d8b12022d8b1d98ad8aad8b4d8a7d8b1d8af20d985d8a7d98320d984d98ad986d8aad988d98322202852696368617264204d63436c696e746f636b2920d988d987d98820d8a8d8b1d988d981d98ad8b3d988d8b120d8a7d984d984d8bad8a920d8a7d984d984d8a7d8aad98ad986d98ad8a920d981d98a20d8acd8a7d985d8b9d8a920d987d8a7d985d8a8d8afd9862dd8b3d98ad8afd986d98a20d981d98a20d981d98ad8b1d8acd98ad986d98ad8a720d8a8d8a7d984d8a8d8add8ab20d8b9d98620d8a3d8b5d988d98420d983d984d985d8a920d984d8a7d8aad98ad986d98ad8a920d8bad8a7d985d8b6d8a920d981d98a20d986d8b520d984d988d8b1d98ad98520d8a5d98ad8a8d8b3d988d98520d988d987d98a2022636f6e736563746574757222d88c20d988d8aed984d8a7d98420d8aad8aad8a8d8b9d98720d984d987d8b0d98720d8a7d984d983d984d985d8a920d981d98a20d8a7d984d8a3d8afd8a820d8a7d984d984d8a7d8aad98ad986d98a20d8a7d983d8aad8b4d98120d8a7d984d985d8b5d8afd8b120d8a7d984d8bad98ad8b120d982d8a7d8a8d98420d984d984d8b4d9832e20d981d984d982d8af20d8a7d8aad8b6d8ad20d8a3d98620d983d984d985d8a7d8aa20d986d8b520d984d988d8b1d98ad98520d8a5d98ad8a8d8b3d988d98520d8aad8a3d8aad98a20d985d98620d8a7d984d8a3d982d8b3d8a7d98520312e31302e333220d98820312e31302e333320d985d98620d983d8aad8a7d8a82022d8add988d98420d8a3d982d8a7d8b5d98a20d8a7d984d8aed98ad8b120d988d8a7d984d8b4d8b122202864652046696e6962757320426f6e6f72756d206574204d616c6f72756d2920d984d984d985d981d983d8b120d8b4d98ad8b4d98ad8b1d988d986202843696365726f2920d988d8a7d984d8b0d98a20d983d8aad8a8d98720d981d98a20d8b9d8a7d98520343520d982d8a8d98420d8a7d984d985d98ad984d8a7d8af2e20d987d8b0d8a720d8a7d984d983d8aad8a7d8a820d987d98820d8a8d985d8abd8a7d8a8d8a920d985d982d8a7d984d8a920d8b9d984d985d98ad8a920d985d8b7d988d984d8a920d981d98a20d986d8b8d8b1d98ad8a920d8a7d984d8a3d8aed984d8a7d982d88c20d988d983d8a7d98620d984d98720d8b4d8b9d8a8d98ad8a920d983d8a8d98ad8b1d8a920d981d98a20d8b9d8b5d8b120d8a7d984d986d987d8b6d8a92e20d8a7d984d8b3d8b7d8b120d8a7d984d8a3d988d98420d985d98620d984d988d8b1d98ad98520d8a5d98ad8a8d8b3d988d98520224c6f72656d20697073756d20646f6c6f722073697420616d65742e2e2220d98ad8a3d8aad98a20d985d98620d8b3d8b7d8b120d981d98a20d8a7d984d982d8b3d98520312e32302e333220d985d98620d987d8b0d8a720d8a7d984d983d8aad8a7d8a82e3c2f703e, 'معلومات,عنا', 'خلافاَ للإعتقاد السائد فإن لوريم إيبسوم ليس نصاَ عشوائياً، بل إن له جذور في الأدب اللاتيني الكلاسيكي منذ العام 45 قبل الميلاد، مما يجعله أكثر من 2000 عام في القدم. قام البروفيسور \"ريتشارد ماك لينتوك\" (Richard McClintock) وهو بروفيسور اللغة اللاتينية في جامعة'),
(30, 7, 23, 'Terms & Conditions', 'terms-&-conditions', 0x3c70207374796c653d22746578742d616c69676e3a6a7573746966793b666f6e742d66616d696c793a274f70656e2053616e73272c20417269616c2c2073616e732d73657269663b223e436f6e747261727920746f20706f70756c61722062656c6965662c204c6f72656d20497073756d206973206e6f742073696d706c792072616e646f6d20746578742e2049742068617320726f6f747320696e2061207069656365206f6620636c6173736963616c204c6174696e206c6974657261747572652066726f6d2034352042432c206d616b696e67206974206f7665722032303030207965617273206f6c642e2052696368617264204d63436c696e746f636b2c2061204c6174696e2070726f666573736f722061742048616d7064656e2d5379646e657920436f6c6c65676520696e2056697267696e69612c206c6f6f6b6564207570206f6e65206f6620746865206d6f7265206f627363757265204c6174696e20776f7264732c20636f6e73656374657475722c2066726f6d2061204c6f72656d20497073756d20706173736167652c20616e6420676f696e67207468726f75676820746865206369746573206f662074686520776f726420696e20636c6173736963616c206c6974657261747572652c20646973636f76657265642074686520756e646f75627461626c6520736f757263652e204c6f72656d20497073756d20636f6d65732066726f6d2073656374696f6e7320312e31302e333220616e6420312e31302e3333206f66202264652046696e6962757320426f6e6f72756d206574204d616c6f72756d2220285468652045787472656d6573206f6620476f6f6420616e64204576696c292062792043696365726f2c207772697474656e20696e2034352042432e205468697320626f6f6b2069732061207472656174697365206f6e20746865207468656f7279206f66206574686963732c207665727920706f70756c617220647572696e67207468652052656e61697373616e63652e20546865206669727374206c696e65206f66204c6f72656d20497073756d2c20224c6f72656d20697073756d20646f6c6f722073697420616d65742e2e222c20636f6d65732066726f6d2061206c696e6520696e2073656374696f6e20312e31302e33322e3c2f703e, 'terms', 'Contrary to popular belief, Lorem Ipsum is not simply random text. It has roots in a piece of classical Latin literature from 45 BC, making it over 2000 years old. Richard McClintock, a Latin professor at Hampden-Sydney'),
(31, 8, 23, 'البنود و الظروف', 'البنود-و-الظروف', 0x3c703e3c7370616e207374796c653d22666f6e742d66616d696c793a274f70656e2053616e73272c20417269616c2c2073616e732d73657269663b746578742d616c69676e3a6a7573746966793b223ed987d986d8a7d984d98320d8a7d984d8b9d8afd98ad8af20d985d98620d8a7d984d8a3d986d988d8a7d8b920d8a7d984d985d8aad988d981d8b1d8a920d984d986d8b5d988d8b520d984d988d8b1d98ad98520d8a5d98ad8a8d8b3d988d985d88c20d988d984d983d98620d8a7d984d8bad8a7d984d8a8d98ad8a920d8aad98520d8aad8b9d8afd98ad984d987d8a720d8a8d8b4d983d98420d985d8a720d8b9d8a8d8b120d8a5d8afd8aed8a7d98420d8a8d8b9d8b620d8a7d984d986d988d8a7d8afd8b120d8a3d98820d8a7d984d983d984d985d8a7d8aa20d8a7d984d8b9d8b4d988d8a7d8a6d98ad8a920d8a5d984d98920d8a7d984d986d8b52e20d8a5d98620d983d986d8aa20d8aad8b1d98ad8af20d8a3d98620d8aad8b3d8aad8aed8afd98520d986d8b520d984d988d8b1d98ad98520d8a5d98ad8a8d8b3d988d98520d985d8a7d88c20d8b9d984d98ad98320d8a3d98620d8aad8aad8add982d98220d8a3d988d984d8a7d98b20d8a3d98620d984d98ad8b320d987d986d8a7d98320d8a3d98a20d983d984d985d8a7d8aa20d8a3d98820d8b9d8a8d8a7d8b1d8a7d8aa20d985d8add8b1d8acd8a920d8a3d98820d8bad98ad8b120d984d8a7d8a6d982d8a920d985d8aed8a8d8a3d8a920d981d98a20d987d8b0d8a720d8a7d984d986d8b52e20d8a8d98ad986d985d8a720d8aad8b9d985d98420d8acd985d98ad8b920d985d988d984d991d8afd8a7d8aa20d986d8b5d988d8b520d984d988d8b1d98ad98520d8a5d98ad8a8d8b3d988d98520d8b9d984d98920d8a7d984d8a5d986d8aad8b1d986d8aa20d8b9d984d98920d8a5d8b9d8a7d8afd8a920d8aad983d8b1d8a7d8b120d985d982d8a7d8b7d8b920d985d98620d986d8b520d984d988d8b1d98ad98520d8a5d98ad8a8d8b3d988d98520d986d981d8b3d98720d8b9d8afd8a920d985d8b1d8a7d8aa20d8a8d985d8a720d8aad8aad8b7d984d8a8d98720d8a7d984d8add8a7d8acd8a9d88c20d98ad982d988d98520d985d988d984d991d8afd986d8a720d987d8b0d8a720d8a8d8a7d8b3d8aad8aed8afd8a7d98520d983d984d985d8a7d8aa20d985d98620d982d8a7d985d988d8b320d98ad8add988d98a20d8b9d984d98920d8a3d983d8abd8b120d985d9862032303020d983d984d985d8a920d984d8a720d8aad98ad986d98ad8a9d88c20d985d8b6d8a7d98120d8a5d984d98ad987d8a720d985d8acd985d988d8b9d8a920d985d98620d8a7d984d8acd985d98420d8a7d984d986d985d988d8b0d8acd98ad8a9d88c20d984d8aad983d988d98ad98620d986d8b520d984d988d8b1d98ad98520d8a5d98ad8a8d8b3d988d98520d8b0d98820d8b4d983d98420d985d986d8b7d982d98a20d982d8b1d98ad8a820d8a5d984d98920d8a7d984d986d8b520d8a7d984d8add982d98ad982d98a2e20d988d8a8d8a7d984d8aad8a7d984d98a20d98ad983d988d98620d8a7d984d986d8b520d8a7d984d986d8a7d8aad8ad20d8aed8a7d984d98a20d985d98620d8a7d984d8aad983d8b1d8a7d8b1d88c20d8a3d98820d8a3d98a20d983d984d985d8a7d8aa20d8a3d98820d8b9d8a8d8a7d8b1d8a7d8aa20d8bad98ad8b120d984d8a7d8a6d982d8a920d8a3d98820d985d8a720d8b4d8a7d8a8d9872e20d988d987d8b0d8a720d985d8a720d98ad8acd8b9d984d98720d8a3d988d98420d985d988d984d991d8af20d986d8b520d984d988d8b1d98ad98520d8a5d98ad8a8d8b3d988d98520d8add982d98ad982d98a20d8b9d984d98920d8a7d984d8a5d986d8aad8b1d986d8aa2e3c2f7370616e3e3c62723e3c2f703e, NULL, NULL);

-- --------------------------------------------------------

--
-- Table structure for table `page_headings`
--

CREATE TABLE `page_headings` (
  `id` bigint(20) UNSIGNED NOT NULL,
  `language_id` bigint(20) UNSIGNED NOT NULL,
  `blogs_title` varchar(255) COLLATE utf8mb4_unicode_ci NOT NULL,
  `contact_us_title` varchar(255) COLLATE utf8mb4_unicode_ci NOT NULL,
  `faqs_title` varchar(255) COLLATE utf8mb4_unicode_ci NOT NULL,
  `gallery_title` varchar(255) COLLATE utf8mb4_unicode_ci NOT NULL,
  `rooms_title` varchar(255) COLLATE utf8mb4_unicode_ci NOT NULL,
  `services_title` varchar(255) COLLATE utf8mb4_unicode_ci NOT NULL,
  `packages_title` varchar(255) COLLATE utf8mb4_unicode_ci NOT NULL,
  `error_page_title` varchar(255) COLLATE utf8mb4_unicode_ci NOT NULL,
  `created_at` timestamp NULL DEFAULT NULL,
  `updated_at` timestamp NULL DEFAULT NULL
) ENGINE=InnoDB DEFAULT CHARSET=utf8mb4 COLLATE=utf8mb4_unicode_ci;

--
-- Dumping data for table `page_headings`
--

INSERT INTO `page_headings` (`id`, `language_id`, `blogs_title`, `contact_us_title`, `faqs_title`, `gallery_title`, `rooms_title`, `services_title`, `packages_title`, `error_page_title`, `created_at`, `updated_at`) VALUES
(3, 7, 'Blog', 'Contact Us', 'FAQs', 'Gallery', 'Rooms', 'Services', 'Packages', '404 Not Found', '2021-06-14 04:12:25', '2022-04-25 22:07:50'),
(4, 8, 'المدونات', 'اتصل بنا', 'أسئلة وأجوبة', 'صالة عرض', 'غرف', 'خدمات', 'الحزم', '404 غير موجود', '2021-06-14 04:13:43', '2021-06-14 04:13:59');

-- --------------------------------------------------------

--
-- Table structure for table `popups`
--

CREATE TABLE `popups` (
  `id` bigint(20) UNSIGNED NOT NULL,
  `language_id` bigint(20) UNSIGNED NOT NULL,
  `name` varchar(255) COLLATE utf8mb4_unicode_ci DEFAULT NULL,
  `image` varchar(100) COLLATE utf8mb4_unicode_ci DEFAULT NULL,
  `background_image` varchar(100) COLLATE utf8mb4_unicode_ci DEFAULT NULL,
  `background_color` varchar(100) COLLATE utf8mb4_unicode_ci DEFAULT NULL,
  `background_opacity` decimal(8,2) NOT NULL DEFAULT '1.00',
  `title` varchar(255) COLLATE utf8mb4_unicode_ci DEFAULT NULL,
  `text` text COLLATE utf8mb4_unicode_ci,
  `button_text` varchar(255) COLLATE utf8mb4_unicode_ci DEFAULT NULL,
  `button_url` text COLLATE utf8mb4_unicode_ci,
  `button_color` varchar(20) COLLATE utf8mb4_unicode_ci DEFAULT NULL,
  `end_date` varchar(255) COLLATE utf8mb4_unicode_ci DEFAULT NULL,
  `end_time` varchar(255) COLLATE utf8mb4_unicode_ci DEFAULT NULL,
  `delay` int(11) NOT NULL DEFAULT '1000' COMMENT 'in milisconds',
  `serial_number` int(11) NOT NULL DEFAULT '0',
  `type` tinyint(4) NOT NULL DEFAULT '1',
  `created_at` timestamp NULL DEFAULT NULL,
  `updated_at` timestamp NULL DEFAULT NULL,
  `status` tinyint(4) NOT NULL DEFAULT '1' COMMENT '1 - active, 0 - deactive'
) ENGINE=InnoDB DEFAULT CHARSET=utf8mb4 COLLATE=utf8mb4_unicode_ci;

-- --------------------------------------------------------

--
-- Table structure for table `push_subscriptions`
--

CREATE TABLE `push_subscriptions` (
  `id` bigint(20) UNSIGNED NOT NULL,
  `subscribable_type` varchar(255) COLLATE utf8mb4_unicode_ci NOT NULL,
  `subscribable_id` bigint(20) UNSIGNED NOT NULL,
  `endpoint` varchar(500) COLLATE utf8mb4_unicode_ci NOT NULL,
  `public_key` varchar(255) COLLATE utf8mb4_unicode_ci DEFAULT NULL,
  `auth_token` varchar(255) COLLATE utf8mb4_unicode_ci DEFAULT NULL,
  `content_encoding` varchar(255) COLLATE utf8mb4_unicode_ci DEFAULT NULL,
  `created_at` timestamp NULL DEFAULT NULL,
  `updated_at` timestamp NULL DEFAULT NULL
) ENGINE=InnoDB DEFAULT CHARSET=utf8mb4 COLLATE=utf8mb4_unicode_ci;

--
-- Dumping data for table `push_subscriptions`
--

INSERT INTO `push_subscriptions` (`id`, `subscribable_type`, `subscribable_id`, `endpoint`, `public_key`, `auth_token`, `content_encoding`, `created_at`, `updated_at`) VALUES
(2, 'App\\Models\\Guest', 3, 'https://wns2-sg2p.notify.windows.com/w/?token=BQYAAAB7rTbLWkP3IbWzITU8oFaJ4CbKlWDnZspZymK4vGxFAgFcO3B%2bDiQEzF8ZCEwG0fN9GpKT%2fO%2fj8X5AAw9Z%2baWN6jx1ogONRbKp7qdmhDEg5rcRBMrjJj9u690LwD1Dq13KGX95%2fwry7qqCxsLSOF5srRZ0ai4hGg%2bzsrtA1wkI7tqYaRizfE4JtcYxYfOd6h5JIFtMzgCMIStPxsrpSQ5O%2fo8WQ7RFoBPQp0RxgojQeaqBD45Xk6Yt2a9lb%2b8TajoBevTbTrV3bYmo%2blXe9ap67aZP0BZpJ4GrHGu51iHmGaTktkWAztBf1YgedOXMWyk%3d', 'BNfCPEGpKXz_N07yzDLgHjYlgJCVKMdUt68UHf3X-8rav4Vuxmk8Nm1a6FhxJc2c_1LqWI5usNijLYNjQbYQZbQ', 'OpxAnJXNVBVUEGGeaqlIQg', NULL, '2022-04-27 21:59:46', '2022-04-27 21:59:46'),
(3, 'App\\Models\\Guest', 4, 'https://wns2-sg2p.notify.windows.com/w/?token=BQYAAADd0kJ3ZLRZRLhTLtbrQY5pyhqdrYibNVHt%2bt1QTyr757R0%2fJxilzE6JUUpslszLXFkf%2fU1dXZ2omRAuVRXLseLj6nGiinZ%2fGz3ZOmKJpGT%2bgyHWhay0C7Vs4bH0duSxO06A%2fnv4zq%2bvHGzqBmiu1NATdpJPbapF42vQqlIIkfuK6x%2fRL58fwK8Qm3G8nSCr8SHfY2mMgQ8O5EaHLqQocWvxJhedBoOAAJEv4mlbROXGKZK5wi8YtfXKt%2byeOG10I0bFf9f1sNDHi66OnhX2iuUenpLkanJbCFQPXvREn0EzV%2f0gw2EC1qSvEhP%2fP%2ffkp8%3d', 'BPZN3JVUEd1KNpAFrr89mVzn7C8vDM-3ag1Q9u0VuU9nLvlpf_MZH_NliJ-g2Ks_ntz7eP5jhJRJCOOCX_ogtQg', 'dloqTnQAIY7CcQMtF2S5hg', NULL, '2022-04-27 22:00:12', '2022-04-27 22:00:12'),
(4, 'App\\Models\\Guest', 5, 'https://wns2-sg2p.notify.windows.com/w/?token=BQYAAABvvTwRKBolXdzZzPhpLIX9nw3fPA%2blWdmGGK84FZJSbT1%2bkiNf7YjIfYHVr0XPijdQD7o4R%2fxz%2bjKWV3rDMFjyp2uNE6AbLpG%2bWW%2bbZKXDS%2fFbpbTDhnkZKhIcRVqAW0SLeZa0z%2bwLK14MUtAEm1GQWKdrs%2bLh4TEZLBSIbnydJNzTYE55M%2fN%2f58AWtcPX5JaQe4gZGZ7sSBSWD4mcv%2fJX%2fg%2fSm3q8pFsTgETW%2f5KTGh1pY7Icie1qIhjjChtD%2bkcUnMN9FgCxz3EvU%2fvCZBRqqu3X5GHZj%2fTUbYMPMuNyPPX5kWhIEyQXkF6ogmVQvZA%3d', 'BKKY3hQwqA9MvCJZQS8eHsOkdXIoyBgUzw1SPYlrzghMlzbS9wRAg3PPtcclqIatHcy8TKdvH2AU3X7wQDlWmtI', 'XETR2AeFZQCW0YtPnEALvA', NULL, '2022-04-29 21:45:21', '2022-04-29 21:45:21'),
(5, 'App\\Models\\Guest', 6, 'https://fcm.googleapis.com/fcm/send/fbH_YZ6GP1k:APA91bEuZdBhdC9CU3po7i5x9DuvmlvczIYT-wafSuqNboLTZHf9C1N-KxQSTQqaqxVKFz-BjCilhvePp91ehg_W3j11KsLuuZWCNFZKh_UQJkCCzU2f2rQu9q0bfqhbnKoqPy_Y0sVr', 'BD_tc2YIBdCKX14--WoEeUzDYwgIVANLJLmY1-HCd7rwer5fJWZWVU8NAxbkfn28n4u83mwebjhD21YZgrq6f90', 'AXWwYxndje-CvVbxpXuPhQ', NULL, '2022-06-29 01:22:16', '2022-06-29 01:22:16'),
(6, 'App\\Models\\Guest', 7, 'https://wns2-sg2p.notify.windows.com/w/?token=BQYAAAAr8iHytZptw7T%2bvQnS0zSEuAxrPYmXfBYXx%2bXbfiN2hvgl8Lf8YPXGw9gy7l6Gyk4IbpvaEmE5WCL7amKBvolkc%2b%2fZPk2xEkHgARXufqliq%2fYKthtICEFn4itXBVG0LhyKEQftJXU5RuAvEMkQeuzRqhlj6WtWUXTPJactOot9pB7y19bZ5DwygvDGkj21XhiGW3fBffSSmKWUlpZGYLg5hfK%2ba7uWw6fc9VgxVUunn5b4FiwSvkeB6hJnCoUsPYP8YNnYHvjO3xzn%2f7YN85l%2fnzu2I3vduki48D0x4kDi150G0Yy3MqmVavtKAjaMh30%3d', 'BJYMwSUwIyOvysNZyiUnjmrY-S56k7fivpO6xYPvHCmTE9VOji1cE3v0k02T7veIn1wKNNCLlHUtbKg64Rcsh1o', 'D-8_KXgcTsqhUFJIthPSqg', NULL, '2022-06-29 22:18:38', '2022-06-29 22:18:38'),
(7, 'App\\Models\\Guest', 8, 'https://fcm.googleapis.com/fcm/send/fSRjpAukqPw:APA91bE1nl4PQ8gBdjDRG5S8JyNtL733e0h2huLmJQ67izTt9xsCdinVUAuHqpnFLQ7gTWw3jxquNm8cN74SlGNxfG9cQo-vNVMtYGh40WIHcoxbuVo9OXkQN_DL9qf7LS2zTA0zp3x6', 'BAiLIMhJUDBl2-_HXayCt09Fz75WRTtDhjUq_6I2lZ7A2aT2src1FRG6pBLzx92YtPyycVACm6L-xOt1xXmkoTs', '9X-322adzTbg0vL6U-Gk2w', NULL, '2022-06-29 23:20:36', '2022-06-29 23:20:36');

-- --------------------------------------------------------

--
-- Table structure for table `qr_codes`
--

CREATE TABLE `qr_codes` (
  `id` bigint(20) UNSIGNED NOT NULL,
  `name` varchar(255) COLLATE utf8mb4_unicode_ci NOT NULL,
  `url` varchar(255) COLLATE utf8mb4_unicode_ci NOT NULL,
  `image` varchar(255) COLLATE utf8mb4_unicode_ci NOT NULL,
  `created_at` timestamp NULL DEFAULT NULL,
  `updated_at` timestamp NULL DEFAULT NULL
) ENGINE=InnoDB DEFAULT CHARSET=utf8mb4 COLLATE=utf8mb4_unicode_ci;

-- --------------------------------------------------------

--
-- Table structure for table `roles`
--

CREATE TABLE `roles` (
  `id` bigint(20) UNSIGNED NOT NULL,
  `name` varchar(255) COLLATE utf8mb4_unicode_ci DEFAULT NULL,
  `permissions` text COLLATE utf8mb4_unicode_ci,
  `created_at` timestamp NULL DEFAULT NULL,
  `updated_at` timestamp NULL DEFAULT NULL
) ENGINE=InnoDB DEFAULT CHARSET=utf8mb4 COLLATE=utf8mb4_unicode_ci;

--
-- Dumping data for table `roles`
--

INSERT INTO `roles` (`id`, `name`, `permissions`, `created_at`, `updated_at`) VALUES
(3, 'Super Admin', '[\"Dashboard\",\"Rooms Management\",\"Room Bookings\",\"Packages Management\",\"Package Bookings\",\"Home Page Sections\",\"Footer\",\"Services Management\",\"Blogs Management\",\"Gallery Management\",\"FAQ Management\",\"Custom Pages\",\"Announcement Popup\",\"Users Management\",\"Payment Gateways\",\"Theme & Home\",\"Menu Builder\",\"Settings\",\"Language Management\",\"Admins Management\",\"Sitemap\",\"Academic Sessions Management\"]', '2019-10-04 02:52:29', '2021-06-16 10:11:25');

-- --------------------------------------------------------

--
-- Table structure for table `rooms`
--

CREATE TABLE `rooms` (
  `id` bigint(20) UNSIGNED NOT NULL,
  `slider_imgs` text COLLATE utf8mb4_unicode_ci NOT NULL,
  `featured_img` varchar(255) COLLATE utf8mb4_unicode_ci NOT NULL,
  `status` tinyint(3) UNSIGNED NOT NULL,
  `bed` smallint(5) UNSIGNED NOT NULL,
  `bath` smallint(5) UNSIGNED NOT NULL,
  `max_guests` int(11) DEFAULT NULL,
  `rent` decimal(8,2) UNSIGNED NOT NULL,
  `latitude` varchar(255) COLLATE utf8mb4_unicode_ci DEFAULT NULL,
  `longitude` varchar(255) COLLATE utf8mb4_unicode_ci DEFAULT NULL,
  `address` varchar(255) COLLATE utf8mb4_unicode_ci DEFAULT NULL,
  `phone` varchar(50) COLLATE utf8mb4_unicode_ci DEFAULT NULL,
  `email` varchar(100) COLLATE utf8mb4_unicode_ci DEFAULT NULL,
  `is_featured` tinyint(3) UNSIGNED NOT NULL DEFAULT '0' COMMENT '0 means will not show in home page, 1 means will show in home page',
  `avg_rating` decimal(8,2) UNSIGNED DEFAULT NULL,
  `created_at` timestamp NULL DEFAULT NULL,
  `updated_at` timestamp NULL DEFAULT NULL,
  `quantity` int(10) UNSIGNED NOT NULL DEFAULT '1'
) ENGINE=InnoDB DEFAULT CHARSET=utf8mb4 COLLATE=utf8mb4_unicode_ci;

--
-- Dumping data for table `rooms`
--

INSERT INTO `rooms` (`id`, `slider_imgs`, `featured_img`, `status`, `bed`, `bath`, `max_guests`, `rent`, `latitude`, `longitude`, `address`, `phone`, `email`, `is_featured`, `avg_rating`, `created_at`, `updated_at`, `quantity`) VALUES
(31, '[\"60c6e9171a02e.jpg\",\"60c6e9171c625.jpg\",\"60c6e9171d60d.jpg\",\"60c6e9171e309.jpg\",\"60c6e9171f520.jpg\",\"60c6e91720272.jpg\"]', '1623648535.jpg', 1, 2, 2, 5, '20.00', '6.058621676557348', '80.22813253136285', 'Colombo, Srilanka', '+76098479360', 'test@gmail.com', 1, NULL, '2021-06-13 23:28:55', '2021-06-13 23:30:16', 1),
(32, '[\"60c6eb6c9db07.jpg\",\"60c6eb6c9ef98.jpg\",\"60c6eb6c9fbc8.jpg\",\"60c6eb6ca0768.jpg\",\"60c6eb6ca1795.jpg\",\"60c6eb6ca2635.jpg\"]', '1623649132.jpg', 1, 1, 1, 2, '30.00', '6.058621676557348', '80.22813253136285', 'California, USA', '+76098479360', 'test@gmail.com', 1, NULL, '2021-06-13 23:38:52', '2021-06-14 01:47:23', 1),
(33, '[\"60c6ec96a3dfc.jpg\",\"60c6ec96a4e0f.jpg\",\"60c6ec96a5a86.jpg\",\"60c6ec96a6736.jpg\",\"60c6ec96a79d6.jpg\",\"60c6ec96a87a4.jpg\"]', '1623649430.jpg', 1, 4, 2, 8, '30.00', '6.058621676557348', '80.22813253136285', 'Rome, Italy', '+85689306375', 'admin@example.com', 1, NULL, '2021-06-13 23:43:50', '2021-06-14 01:47:26', 1),
(34, '[\"60c6ed6bbd9fa.jpg\",\"60c6ed6bbe67a.jpg\",\"60c6ed6bbf385.jpg\",\"60c6ed6bc0285.jpg\",\"60c6ed6bc1222.jpg\",\"60c6ed6bc2f13.jpg\"]', '1623649643.jpg', 1, 3, 2, 7, '40.00', '6.058621676557348', '80.22813253136285', 'Paris, France', '+76098479360', 'admin@example.com', 1, '5.00', '2021-06-13 23:47:23', '2021-06-14 23:51:18', 1),
(35, '[\"60c6eebc8bf10.jpg\",\"60c6eebc8d86b.jpg\",\"60c6eebc8e7be.jpg\",\"60c6eebc8f7a8.jpg\",\"60c6eebc905c6.jpg\",\"60c6eebc91462.jpg\"]', '1623649980.jpg', 1, 1, 1, 2, '50.00', '6.058621676557348', '80.22813253136285', 'Delhi, India', '+80923763069', 'admin@example.com', 1, '5.00', '2021-06-13 23:53:00', '2021-06-14 08:05:43', 1),
(36, '[\"62bbf4784f4c0.jpg\",\"62bbf4784f9f2.jpg\",\"62bbf4784fcb7.jpg\",\"62bbf4784ff08.jpg\",\"62bbf478501cb.jpg\",\"62bbf47850459.jpg\"]', '1623650331.jpg', 1, 4, 3, 9, '20.00', '6.058621676557348', '80.22813253136285', 'Millan, Italy', '+92690386-7038', 'admin@example.com', 0, '5.00', '2021-06-13 23:58:51', '2022-06-29 00:43:04', 3),
(37, '[\"60c6f0ea37c1b.jpg\",\"60c6f0ea38997.jpg\",\"60c6f0ea39a63.jpg\",\"60c6f0ea3ca55.jpg\",\"60c6f0ea400cb.jpg\",\"60c6f0ea40ed1.jpg\"]', '1623650538.jpg', 1, 5, 3, 1, '100.00', '6.058621676557348', '80.22813253136285', 'New York, USA', '+89374603976', 'admin@example.com', 0, '4.00', '2021-06-14 00:02:18', '2021-06-14 08:06:19', 1),
(38, '[\"60c6f18cf35a6.jpg\",\"60c6f18d00aed.jpg\",\"60c6f18d01fd5.jpg\",\"60c6f18d04664.jpg\",\"60c6f18d05a97.jpg\",\"60c6f18d0703e.jpg\"]', '1623650701.jpg', 1, 4, 2, 10, '70.00', '6.058621676557348', '80.22813253136285', 'California, USA', '+85689306375', 'admin@example.com', 0, '3.00', '2021-06-14 00:05:01', '2021-06-14 08:07:41', 1),
(39, '[\"60c6f251db96f.jpg\",\"60c6f251e3140.jpg\",\"60c6f251ec92c.jpg\",\"60c6f251f0e4b.jpg\",\"60c6f252020db.jpg\",\"60c6f25202f62.jpg\"]', '1623650898.jpg', 1, 3, 3, 8, '120.00', '6.058621676557348', '80.22813253136285', 'New York, USA', '+89374603976', 'admin@example.com', 0, '5.00', '2021-06-14 00:08:18', '2021-06-14 08:08:10', 1),
(40, '[\"6129e924a7217.jpg\",\"6129e924a78b9.jpg\",\"6129e924a7f78.jpg\",\"6129e924a84a2.jpg\",\"6129e924a8a64.jpg\",\"6129e924a925c.jpg\"]', '1623651255.jpg', 1, 3, 2, 6, '80.00', '6.058621676557348', '80.22813253136285', 'Hampshire, England', '+89374603976', 'admin@example.com', 0, '4.00', '2021-06-14 00:14:15', '2021-08-28 01:43:32', 2),
(43, '[\"6264e67c95ee5.jpg\",\"6264e67c9671a.jpg\"]', '1640079042.jpg', 1, 4, 3, 3, '20.00', '36.7783', '119.4179', 'California, USA', '46974904', 'user@gmail.com', 1, '4.00', '2021-12-21 03:30:42', '2022-04-23 23:56:12', 3);

-- --------------------------------------------------------

--
-- Table structure for table `room_amenities`
--

CREATE TABLE `room_amenities` (
  `id` bigint(20) UNSIGNED NOT NULL,
  `language_id` bigint(20) UNSIGNED NOT NULL,
  `name` varchar(255) COLLATE utf8mb4_unicode_ci NOT NULL,
  `serial_number` bigint(20) UNSIGNED NOT NULL,
  `created_at` timestamp NULL DEFAULT NULL,
  `updated_at` timestamp NULL DEFAULT NULL
) ENGINE=InnoDB DEFAULT CHARSET=utf8mb4 COLLATE=utf8mb4_unicode_ci;

--
-- Dumping data for table `room_amenities`
--

INSERT INTO `room_amenities` (`id`, `language_id`, `name`, `serial_number`, `created_at`, `updated_at`) VALUES
(10, 7, 'Free Wifi', 1, '2021-06-13 22:16:18', '2021-06-13 22:16:18'),
(11, 7, 'Parking', 2, '2021-06-13 22:16:29', '2021-06-13 22:16:29'),
(12, 7, 'Family Rooms', 3, '2021-06-13 22:16:44', '2021-06-13 22:16:44'),
(13, 7, 'Non Smoking Rooms', 4, '2021-06-13 22:17:01', '2021-06-13 22:17:01'),
(14, 7, 'Gym / Fitness Centre', 5, '2021-06-13 22:17:21', '2021-06-13 22:17:21'),
(15, 7, 'Pets Allowed', 6, '2021-06-13 22:17:34', '2021-06-13 22:17:34'),
(16, 7, 'Tea/Coffee Maker in All Rooms', 7, '2021-06-13 22:17:34', '2021-06-13 22:17:34'),
(17, 8, 'واى فاى مجانى', 1, '2021-06-13 22:19:14', '2021-06-13 22:19:14'),
(18, 8, 'موقف سيارات', 2, '2021-06-13 22:19:25', '2021-06-13 22:19:25'),
(19, 8, 'غرف عائلية', 3, '2021-06-13 22:19:39', '2021-06-13 22:19:39'),
(20, 8, 'غرف ممنوع فيها التدخين', 4, '2021-06-13 22:19:50', '2021-06-13 22:19:50'),
(21, 8, 'صالة رياضية / مركز لياقة بدنية', 5, '2021-06-13 22:20:00', '2021-06-13 22:20:00'),
(22, 8, 'مسموح بدخول الحيوانات الأليفة', 6, '2021-06-13 22:20:14', '2021-06-13 22:20:14'),
(23, 8, 'ماكينة صنع الشاي / القهوة في جميع الغرف', 7, '2021-06-13 22:20:25', '2021-06-13 22:20:25');

-- --------------------------------------------------------

--
-- Table structure for table `room_bookings`
--

CREATE TABLE `room_bookings` (
  `id` bigint(20) UNSIGNED NOT NULL,
  `booking_number` bigint(20) UNSIGNED NOT NULL,
  `user_id` bigint(20) UNSIGNED DEFAULT NULL,
  `customer_name` varchar(255) COLLATE utf8mb4_unicode_ci NOT NULL,
  `customer_email` varchar(255) COLLATE utf8mb4_unicode_ci NOT NULL,
  `customer_phone` varchar(255) COLLATE utf8mb4_unicode_ci NOT NULL,
  `room_id` bigint(20) UNSIGNED NOT NULL,
  `arrival_date` date NOT NULL,
  `departure_date` date NOT NULL,
  `guests` int(10) UNSIGNED NOT NULL,
  `subtotal` decimal(8,2) UNSIGNED DEFAULT NULL,
  `discount` decimal(8,2) UNSIGNED NOT NULL DEFAULT '0.00',
  `grand_total` decimal(8,2) UNSIGNED NOT NULL,
  `currency_symbol` varchar(255) COLLATE utf8mb4_unicode_ci NOT NULL,
  `currency_symbol_position` varchar(255) COLLATE utf8mb4_unicode_ci NOT NULL,
  `currency_text` varchar(255) COLLATE utf8mb4_unicode_ci NOT NULL,
  `currency_text_position` varchar(255) COLLATE utf8mb4_unicode_ci NOT NULL,
  `payment_method` varchar(255) COLLATE utf8mb4_unicode_ci NOT NULL,
  `gateway_type` varchar(255) COLLATE utf8mb4_unicode_ci NOT NULL,
  `attachment` varchar(255) COLLATE utf8mb4_unicode_ci DEFAULT NULL,
  `invoice` varchar(255) COLLATE utf8mb4_unicode_ci DEFAULT NULL,
  `payment_status` tinyint(3) UNSIGNED NOT NULL DEFAULT '0' COMMENT '0 -> payment incomplete, 1 -> payment complete',
  `created_at` timestamp NULL DEFAULT NULL,
  `updated_at` timestamp NULL DEFAULT NULL
) ENGINE=InnoDB DEFAULT CHARSET=utf8mb4 COLLATE=utf8mb4_unicode_ci;

--
-- Dumping data for table `room_bookings`
--

INSERT INTO `room_bookings` (`id`, `booking_number`, `user_id`, `customer_name`, `customer_email`, `customer_phone`, `room_id`, `arrival_date`, `departure_date`, `guests`, `subtotal`, `discount`, `grand_total`, `currency_symbol`, `currency_symbol_position`, `currency_text`, `currency_text_position`, `payment_method`, `gateway_type`, `attachment`, `invoice`, `payment_status`, `created_at`, `updated_at`) VALUES
(184, 1656586109, 23, 'Md. Sadid Hasan Rakib', 'sadid.hasan14@gmail.com', '01686321356', 40, '2022-07-09', '2022-07-15', 2, '480.00', '0.00', '480.00', '$', 'left', 'USD', 'left', 'Mollie', 'online', NULL, '1656586109.pdf', 1, '2022-06-30 04:48:29', '2022-06-30 04:48:39'),
(185, 1656586196, 23, 'Md. Sadid Hasan Rakib', 'sadid.hasan14@gmail.com', '01686321356', 31, '2022-07-20', '2022-07-25', 1, '100.00', '30.00', '70.00', '$', 'left', 'USD', 'left', 'Mollie', 'online', NULL, '1656586196.pdf', 1, '2022-06-30 04:49:56', '2022-06-30 04:50:06'),
(186, 1656776690, NULL, 'Samiul Alim Pratik', 'pratik.anwar@gmail.com', '3243263413', 38, '2022-07-14', '2022-07-22', 2, '560.00', '60.00', '500.00', '$', 'left', 'USD', 'left', 'PayPal', 'online', NULL, '1656776690.pdf', 1, '2022-07-02 09:44:50', '2022-07-02 09:44:52'),
(187, 1656777285, 23, 'Md. Sadid Hasan Rakib', 'geniustest11@gmail.com', '01686321356', 40, '2022-07-21', '2022-07-29', 2, '640.00', '0.00', '640.00', '$', 'left', 'USD', 'left', 'PayPal', 'online', NULL, '1656777285.pdf', 1, '2022-07-02 09:54:45', '2022-07-02 09:56:07');

-- --------------------------------------------------------

--
-- Table structure for table `room_categories`
--

CREATE TABLE `room_categories` (
  `id` bigint(20) UNSIGNED NOT NULL,
  `language_id` bigint(20) UNSIGNED NOT NULL,
  `name` varchar(255) COLLATE utf8mb4_unicode_ci NOT NULL,
  `status` tinyint(3) UNSIGNED NOT NULL,
  `serial_number` int(10) UNSIGNED NOT NULL,
  `created_at` timestamp NULL DEFAULT NULL,
  `updated_at` timestamp NULL DEFAULT NULL
) ENGINE=InnoDB DEFAULT CHARSET=utf8mb4 COLLATE=utf8mb4_unicode_ci;

--
-- Dumping data for table `room_categories`
--

INSERT INTO `room_categories` (`id`, `language_id`, `name`, `status`, `serial_number`, `created_at`, `updated_at`) VALUES
(9, 7, 'Regular Room', 1, 1, '2021-06-13 22:07:03', '2021-06-13 22:07:03'),
(10, 7, 'Deluxe Room', 1, 2, '2021-06-13 22:07:13', '2021-06-13 22:07:13'),
(11, 7, 'Suite', 1, 3, '2021-06-13 22:07:26', '2021-06-13 22:07:26'),
(12, 8, 'غرفة عادية', 1, 1, '2021-06-13 22:11:11', '2021-06-13 22:11:11'),
(13, 8, 'غرفة ديلوكس', 1, 2, '2021-06-13 22:11:26', '2021-06-13 22:11:26'),
(14, 8, 'جناح', 1, 3, '2021-06-13 22:11:42', '2021-06-13 22:11:42');

-- --------------------------------------------------------

--
-- Table structure for table `room_contents`
--

CREATE TABLE `room_contents` (
  `id` bigint(20) UNSIGNED NOT NULL,
  `language_id` bigint(20) UNSIGNED NOT NULL,
  `room_category_id` bigint(20) UNSIGNED DEFAULT NULL,
  `room_id` bigint(20) UNSIGNED NOT NULL,
  `title` varchar(255) COLLATE utf8mb4_unicode_ci NOT NULL,
  `slug` varchar(255) COLLATE utf8mb4_unicode_ci NOT NULL,
  `summary` text COLLATE utf8mb4_unicode_ci,
  `description` blob NOT NULL,
  `amenities` text COLLATE utf8mb4_unicode_ci NOT NULL,
  `meta_keywords` varchar(255) COLLATE utf8mb4_unicode_ci DEFAULT NULL,
  `meta_description` text COLLATE utf8mb4_unicode_ci,
  `created_at` timestamp NULL DEFAULT NULL,
  `updated_at` timestamp NULL DEFAULT NULL
) ENGINE=InnoDB DEFAULT CHARSET=utf8mb4 COLLATE=utf8mb4_unicode_ci;

--
-- Dumping data for table `room_contents`
--

INSERT INTO `room_contents` (`id`, `language_id`, `room_category_id`, `room_id`, `title`, `slug`, `summary`, `description`, `amenities`, `meta_keywords`, `meta_description`, `created_at`, `updated_at`) VALUES
(64, 7, 9, 31, 'Four Points by Sheraton Manhattan Midtown West', 'four-points-by-sheraton-manhattan-midtown-west', 'Lorem Ipsum is simply dummy text of the printing and typesetting industry. Lorem Ipsum has been the industry', 0x3c703e3c7374726f6e673e4c6f72656d20497073756d3c2f7374726f6e673e3c7370616e207374796c653d22666f6e742d66616d696c793a274f70656e2053616e73272c20417269616c2c2073616e732d73657269663b746578742d616c69676e3a6a7573746966793b223ec2a069732073696d706c792064756d6d792074657874206f6620746865207072696e74696e6720616e64207479706573657474696e6720696e6475737472792e204c6f72656d20497073756d20686173206265656e2074686520696e6475737472792773207374616e646172642064756d6d79207465787420657665722073696e6365207468652031353030732c207768656e20616e20756e6b6e6f776e207072696e74657220746f6f6b20612067616c6c6579206f66207479706520616e6420736372616d626c656420697420746f206d616b65206120747970652073706563696d656e20626f6f6b2e20497420686173207375727669766564206e6f74206f6e6c7920666976652063656e7475726965732c2062757420616c736f20746865206c65617020696e746f20656c656374726f6e6963207479706573657474696e672c2072656d61696e696e6720657373656e7469616c6c7920756e6368616e6765642e2049742077617320706f70756c61726973656420696e207468652031393630732077697468207468652072656c65617365206f66204c657472617365742073686565747320636f6e7461696e696e67204c6f72656d20497073756d2070617373616765732c20616e64206d6f726520726563656e746c792077697468206465736b746f70207075626c697368696e6720736f667477617265206c696b6520416c64757320506167654d616b657220696e636c7564696e672076657273696f6e73206f66204c6f72656d20497073756d3c2f7370616e3e3c62723e3c2f703e, '[\"11\",\"13\",\"14\",\"16\"]', NULL, NULL, '2021-06-13 23:28:55', '2021-06-13 23:28:55'),
(65, 8, 12, 31, 'فور بوينتس باي شيراتون مانهاتن ميدتاون ويست', 'فور-بوينتس-باي-شيراتون-مانهاتن-ميدتاون-ويست', 'نالك العديد من الأنواع المتوفرة لنصوص لوريم إيبسوم، ولكن الغالبية تم تعديلها بشكل ما عبر إدخال بعض النوادر أو الكلمات', 0x3c70207374796c653d22746578742d616c69676e3a6a7573746966793b666f6e742d66616d696c793a274f70656e2053616e73272c20417269616c2c2073616e732d73657269663b223ed987d986d8a7d984d98320d8a7d984d8b9d8afd98ad8af20d985d98620d8a7d984d8a3d986d988d8a7d8b920d8a7d984d985d8aad988d981d8b1d8a920d984d986d8b5d988d8b520d984d988d8b1d98ad98520d8a5d98ad8a8d8b3d988d985d88c20d988d984d983d98620d8a7d984d8bad8a7d984d8a8d98ad8a920d8aad98520d8aad8b9d8afd98ad984d987d8a720d8a8d8b4d983d98420d985d8a720d8b9d8a8d8b120d8a5d8afd8aed8a7d98420d8a8d8b9d8b620d8a7d984d986d988d8a7d8afd8b120d8a3d98820d8a7d984d983d984d985d8a7d8aa20d8a7d984d8b9d8b4d988d8a7d8a6d98ad8a920d8a5d984d98920d8a7d984d986d8b52e20d8a5d98620d983d986d8aa20d8aad8b1d98ad8af20d8a3d98620d8aad8b3d8aad8aed8afd98520d986d8b520d984d988d8b1d98ad98520d8a5d98ad8a8d8b3d988d98520d985d8a7d88c20d8b9d984d98ad98320d8a3d98620d8aad8aad8add982d98220d8a3d988d984d8a7d98b20d8a3d98620d984d98ad8b320d987d986d8a7d98320d8a3d98a20d983d984d985d8a7d8aa20d8a3d98820d8b9d8a8d8a7d8b1d8a7d8aa20d985d8add8b1d8acd8a920d8a3d98820d8bad98ad8b120d984d8a7d8a6d982d8a920d985d8aed8a8d8a3d8a920d981d98a20d987d8b0d8a720d8a7d984d986d8b52e20d8a8d98ad986d985d8a720d8aad8b9d985d98420d8acd985d98ad8b920d985d988d984d991d8afd8a7d8aa20d986d8b5d988d8b520d984d988d8b1d98ad98520d8a5d98ad8a8d8b3d988d98520d8b9d984d98920d8a7d984d8a5d986d8aad8b1d986d8aa20d8b9d984d98920d8a5d8b9d8a7d8afd8a920d8aad983d8b1d8a7d8b120d985d982d8a7d8b7d8b920d985d98620d986d8b520d984d988d8b1d98ad98520d8a5d98ad8a8d8b3d988d98520d986d981d8b3d98720d8b9d8afd8a920d985d8b1d8a7d8aa20d8a8d985d8a720d8aad8aad8b7d984d8a8d98720d8a7d984d8add8a7d8acd8a9d88c20d98ad982d988d98520d985d988d984d991d8afd986d8a720d987d8b0d8a720d8a8d8a7d8b3d8aad8aed8afd8a7d98520d983d984d985d8a7d8aa20d985d98620d982d8a7d985d988d8b320d98ad8add988d98a20d8b9d984d98920d8a3d983d8abd8b120d985d9862032303020d983d984d985d8a920d984d8a720d8aad98ad986d98ad8a9d88c20d985d8b6d8a7d98120d8a5d984d98ad987d8a720d985d8acd985d988d8b9d8a920d985d98620d8a7d984d8acd985d98420d8a7d984d986d985d988d8b0d8acd98ad8a9d88c20d984d8aad983d988d98ad98620d986d8b520d984d988d8b1d98ad98520d8a5d98ad8a8d8b3d988d98520d8b0d98820d8b4d983d98420d985d986d8b7d982d98a20d982d8b1d98ad8a820d8a5d984d98920d8a7d984d986d8b520d8a7d984d8add982d98ad982d98a2e20d988d8a8d8a7d984d8aad8a7d984d98a20d98ad983d988d98620d8a7d984d986d8b520d8a7d984d986d8a7d8aad8ad20d8aed8a7d984d98a20d985d98620d8a7d984d8aad983d8b1d8a7d8b1d88c20d8a3d98820d8a3d98a20d983d984d985d8a7d8aa20d8a3d98820d8b9d8a8d8a7d8b1d8a7d8aa20d8bad98ad8b120d984d8a7d8a6d982d8a920d8a3d98820d985d8a720d8b4d8a7d8a8d9872e20d988d987d8b0d8a720d985d8a720d98ad8acd8b9d984d98720d8a3d988d98420d985d988d984d991d8af20d986d8b520d984d988d8b1d98ad98520d8a5d98ad8a8d8b3d988d98520d8add982d98ad982d98a20d8b9d984d98920d8a7d984d8a5d986d8aad8b1d986d8aa2e3c2f703e, '[\"18\",\"20\",\"21\",\"22\"]', NULL, NULL, '2021-06-13 23:28:55', '2021-06-13 23:28:55'),
(66, 7, 9, 32, 'Hyatt Place New York City/Times Square', 'hyatt-place-new-york-citytimes-square', 'It is a long established fact that a reader will be distracted by the readable content of a page when looking at its layout', 0x3c70207374796c653d22746578742d616c69676e3a6a7573746966793b666f6e742d66616d696c793a274f70656e2053616e73272c20417269616c2c2073616e732d73657269663b223e49742069732061206c6f6e672065737461626c6973686564206661637420746861742061207265616465722077696c6c206265206469737472616374656420627920746865207265616461626c6520636f6e74656e74206f6620612070616765207768656e206c6f6f6b696e6720617420697473206c61796f75742e2054686520706f696e74206f66207573696e67204c6f72656d20497073756d2069732074686174206974206861732061206d6f72652d6f722d6c657373206e6f726d616c20646973747269627574696f6e206f66206c6574746572732c206173206f70706f73656420746f207573696e672027436f6e74656e7420686572652c20636f6e74656e742068657265272c206d616b696e67206974206c6f6f6b206c696b65207265616461626c6520456e676c6973682e204d616e79206465736b746f70207075626c697368696e67207061636b6167657320616e6420776562207061676520656469746f7273206e6f7720757365204c6f72656d20497073756d2061732074686569722064656661756c74206d6f64656c20746578742c20616e6420612073656172636820666f7220276c6f72656d20697073756d272077696c6c20756e636f766572206d616e7920776562207369746573207374696c6c20696e20746865697220696e66616e63792e20566172696f75732076657273696f6e7320686176652065766f6c766564206f766572207468652079656172732c20736f6d6574696d6573206279206163636964656e742c20736f6d6574696d6573206f6e20707572706f73652028696e6a65637465642068756d6f757220616e6420746865206c696b65292e3c2f703e, '[\"10\",\"11\",\"12\",\"13\"]', NULL, NULL, '2021-06-13 23:38:52', '2021-06-13 23:38:52'),
(67, 8, 12, 32, 'حياة بليس نيويورك سيتي / تايمز سكوير', 'حياة-بليس-نيويورك-سيتي--تايمز-سكوير', 'نالك العديد من الأنواع المتوفرة لنصوص لوريم إيبسوم، ولكن الغالبية تم تعديلها بشكل ما عبر إدخال بعض النوادر أو الكلمات', 0x3c70207374796c653d22746578742d616c69676e3a6a7573746966793b666f6e742d66616d696c793a274f70656e2053616e73272c20417269616c2c2073616e732d73657269663b223ed987d986d8a7d984d98320d8a7d984d8b9d8afd98ad8af20d985d98620d8a7d984d8a3d986d988d8a7d8b920d8a7d984d985d8aad988d981d8b1d8a920d984d986d8b5d988d8b520d984d988d8b1d98ad98520d8a5d98ad8a8d8b3d988d985d88c20d988d984d983d98620d8a7d984d8bad8a7d984d8a8d98ad8a920d8aad98520d8aad8b9d8afd98ad984d987d8a720d8a8d8b4d983d98420d985d8a720d8b9d8a8d8b120d8a5d8afd8aed8a7d98420d8a8d8b9d8b620d8a7d984d986d988d8a7d8afd8b120d8a3d98820d8a7d984d983d984d985d8a7d8aa20d8a7d984d8b9d8b4d988d8a7d8a6d98ad8a920d8a5d984d98920d8a7d984d986d8b52e20d8a5d98620d983d986d8aa20d8aad8b1d98ad8af20d8a3d98620d8aad8b3d8aad8aed8afd98520d986d8b520d984d988d8b1d98ad98520d8a5d98ad8a8d8b3d988d98520d985d8a7d88c20d8b9d984d98ad98320d8a3d98620d8aad8aad8add982d98220d8a3d988d984d8a7d98b20d8a3d98620d984d98ad8b320d987d986d8a7d98320d8a3d98a20d983d984d985d8a7d8aa20d8a3d98820d8b9d8a8d8a7d8b1d8a7d8aa20d985d8add8b1d8acd8a920d8a3d98820d8bad98ad8b120d984d8a7d8a6d982d8a920d985d8aed8a8d8a3d8a920d981d98a20d987d8b0d8a720d8a7d984d986d8b52e20d8a8d98ad986d985d8a720d8aad8b9d985d98420d8acd985d98ad8b920d985d988d984d991d8afd8a7d8aa20d986d8b5d988d8b520d984d988d8b1d98ad98520d8a5d98ad8a8d8b3d988d98520d8b9d984d98920d8a7d984d8a5d986d8aad8b1d986d8aa20d8b9d984d98920d8a5d8b9d8a7d8afd8a920d8aad983d8b1d8a7d8b120d985d982d8a7d8b7d8b920d985d98620d986d8b520d984d988d8b1d98ad98520d8a5d98ad8a8d8b3d988d98520d986d981d8b3d98720d8b9d8afd8a920d985d8b1d8a7d8aa20d8a8d985d8a720d8aad8aad8b7d984d8a8d98720d8a7d984d8add8a7d8acd8a9d88c20d98ad982d988d98520d985d988d984d991d8afd986d8a720d987d8b0d8a720d8a8d8a7d8b3d8aad8aed8afd8a7d98520d983d984d985d8a7d8aa20d985d98620d982d8a7d985d988d8b320d98ad8add988d98a20d8b9d984d98920d8a3d983d8abd8b120d985d9862032303020d983d984d985d8a920d984d8a720d8aad98ad986d98ad8a9d88c20d985d8b6d8a7d98120d8a5d984d98ad987d8a720d985d8acd985d988d8b9d8a920d985d98620d8a7d984d8acd985d98420d8a7d984d986d985d988d8b0d8acd98ad8a9d88c20d984d8aad983d988d98ad98620d986d8b520d984d988d8b1d98ad98520d8a5d98ad8a8d8b3d988d98520d8b0d98820d8b4d983d98420d985d986d8b7d982d98a20d982d8b1d98ad8a820d8a5d984d98920d8a7d984d986d8b520d8a7d984d8add982d98ad982d98a2e20d988d8a8d8a7d984d8aad8a7d984d98a20d98ad983d988d98620d8a7d984d986d8b520d8a7d984d986d8a7d8aad8ad20d8aed8a7d984d98a20d985d98620d8a7d984d8aad983d8b1d8a7d8b1d88c20d8a3d98820d8a3d98a20d983d984d985d8a7d8aa20d8a3d98820d8b9d8a8d8a7d8b1d8a7d8aa20d8bad98ad8b120d984d8a7d8a6d982d8a920d8a3d98820d985d8a720d8b4d8a7d8a8d9872e20d988d987d8b0d8a720d985d8a720d98ad8acd8b9d984d98720d8a3d988d98420d985d988d984d991d8af20d986d8b520d984d988d8b1d98ad98520d8a5d98ad8a8d8b3d988d98520d8add982d98ad982d98a20d8b9d984d98920d8a7d984d8a5d986d8aad8b1d986d8aa2e3c2f703e, '[\"17\",\"18\",\"19\",\"20\"]', NULL, NULL, '2021-06-13 23:38:52', '2021-06-13 23:38:52'),
(68, 7, 10, 33, 'M Social Hotel Times Square New York', 'm-social-hotel-times-square-new-york', 'Contrary to popular belief, Lorem Ipsum is not simply random text. It has roots in a piece of classical Latin literature', 0x3c70207374796c653d22746578742d616c69676e3a6a7573746966793b666f6e742d66616d696c793a274f70656e2053616e73272c20417269616c2c2073616e732d73657269663b223e436f6e747261727920746f20706f70756c61722062656c6965662c204c6f72656d20497073756d206973206e6f742073696d706c792072616e646f6d20746578742e2049742068617320726f6f747320696e2061207069656365206f6620636c6173736963616c204c6174696e206c6974657261747572652066726f6d2034352042432c206d616b696e67206974206f7665722032303030207965617273206f6c642e2052696368617264204d63436c696e746f636b2c2061204c6174696e2070726f666573736f722061742048616d7064656e2d5379646e657920436f6c6c65676520696e2056697267696e69612c206c6f6f6b6564207570206f6e65206f6620746865206d6f7265206f627363757265204c6174696e20776f7264732c20636f6e73656374657475722c2066726f6d2061204c6f72656d20497073756d20706173736167652c20616e6420676f696e67207468726f75676820746865206369746573206f662074686520776f726420696e20636c6173736963616c206c6974657261747572652c20646973636f76657265642074686520756e646f75627461626c6520736f757263652e204c6f72656d20497073756d20636f6d65732066726f6d2073656374696f6e7320312e31302e333220616e6420312e31302e3333206f66202264652046696e6962757320426f6e6f72756d206574204d616c6f72756d2220285468652045787472656d6573206f6620476f6f6420616e64204576696c292062792043696365726f2c207772697474656e20696e2034352042432e205468697320626f6f6b2069732061207472656174697365206f6e20746865207468656f7279206f66206574686963732c207665727920706f70756c617220647572696e67207468652052656e61697373616e63652e20546865206669727374206c696e65206f66204c6f72656d20497073756d2c20224c6f72656d20697073756d20646f6c6f722073697420616d65742e2e222c20636f6d65732066726f6d2061206c696e6520696e2073656374696f6e20312e31302e33322e3c2f703e, '[\"12\",\"13\",\"14\",\"15\"]', NULL, NULL, '2021-06-13 23:43:50', '2021-06-13 23:43:50'),
(69, 8, 13, 33, 'فندق إم سوشيال تايمز سكوير نيويورك', 'فندق-إم-سوشيال-تايمز-سكوير-نيويورك', 'هنالك العديد من الأنواع المتوفرة لنصوص لوريم إيبسوم، ولكن الغالبية تم تعديلها بشكل ما عبر إدخال بعض النوادر أو الكلمات العشوائية إلى النص', 0x3c70207374796c653d22746578742d616c69676e3a6a7573746966793b666f6e742d66616d696c793a274f70656e2053616e73272c20417269616c2c2073616e732d73657269663b223ed987d986d8a7d984d98320d8a7d984d8b9d8afd98ad8af20d985d98620d8a7d984d8a3d986d988d8a7d8b920d8a7d984d985d8aad988d981d8b1d8a920d984d986d8b5d988d8b520d984d988d8b1d98ad98520d8a5d98ad8a8d8b3d988d985d88c20d988d984d983d98620d8a7d984d8bad8a7d984d8a8d98ad8a920d8aad98520d8aad8b9d8afd98ad984d987d8a720d8a8d8b4d983d98420d985d8a720d8b9d8a8d8b120d8a5d8afd8aed8a7d98420d8a8d8b9d8b620d8a7d984d986d988d8a7d8afd8b120d8a3d98820d8a7d984d983d984d985d8a7d8aa20d8a7d984d8b9d8b4d988d8a7d8a6d98ad8a920d8a5d984d98920d8a7d984d986d8b52e20d8a5d98620d983d986d8aa20d8aad8b1d98ad8af20d8a3d98620d8aad8b3d8aad8aed8afd98520d986d8b520d984d988d8b1d98ad98520d8a5d98ad8a8d8b3d988d98520d985d8a7d88c20d8b9d984d98ad98320d8a3d98620d8aad8aad8add982d98220d8a3d988d984d8a7d98b20d8a3d98620d984d98ad8b320d987d986d8a7d98320d8a3d98a20d983d984d985d8a7d8aa20d8a3d98820d8b9d8a8d8a7d8b1d8a7d8aa20d985d8add8b1d8acd8a920d8a3d98820d8bad98ad8b120d984d8a7d8a6d982d8a920d985d8aed8a8d8a3d8a920d981d98a20d987d8b0d8a720d8a7d984d986d8b52e20d8a8d98ad986d985d8a720d8aad8b9d985d98420d8acd985d98ad8b920d985d988d984d991d8afd8a7d8aa20d986d8b5d988d8b520d984d988d8b1d98ad98520d8a5d98ad8a8d8b3d988d98520d8b9d984d98920d8a7d984d8a5d986d8aad8b1d986d8aa20d8b9d984d98920d8a5d8b9d8a7d8afd8a920d8aad983d8b1d8a7d8b120d985d982d8a7d8b7d8b920d985d98620d986d8b520d984d988d8b1d98ad98520d8a5d98ad8a8d8b3d988d98520d986d981d8b3d98720d8b9d8afd8a920d985d8b1d8a7d8aa20d8a8d985d8a720d8aad8aad8b7d984d8a8d98720d8a7d984d8add8a7d8acd8a9d88c20d98ad982d988d98520d985d988d984d991d8afd986d8a720d987d8b0d8a720d8a8d8a7d8b3d8aad8aed8afd8a7d98520d983d984d985d8a7d8aa20d985d98620d982d8a7d985d988d8b320d98ad8add988d98a20d8b9d984d98920d8a3d983d8abd8b120d985d9862032303020d983d984d985d8a920d984d8a720d8aad98ad986d98ad8a9d88c20d985d8b6d8a7d98120d8a5d984d98ad987d8a720d985d8acd985d988d8b9d8a920d985d98620d8a7d984d8acd985d98420d8a7d984d986d985d988d8b0d8acd98ad8a9d88c20d984d8aad983d988d98ad98620d986d8b520d984d988d8b1d98ad98520d8a5d98ad8a8d8b3d988d98520d8b0d98820d8b4d983d98420d985d986d8b7d982d98a20d982d8b1d98ad8a820d8a5d984d98920d8a7d984d986d8b520d8a7d984d8add982d98ad982d98a2e20d988d8a8d8a7d984d8aad8a7d984d98a20d98ad983d988d98620d8a7d984d986d8b520d8a7d984d986d8a7d8aad8ad20d8aed8a7d984d98a20d985d98620d8a7d984d8aad983d8b1d8a7d8b1d88c20d8a3d98820d8a3d98a20d983d984d985d8a7d8aa20d8a3d98820d8b9d8a8d8a7d8b1d8a7d8aa20d8bad98ad8b120d984d8a7d8a6d982d8a920d8a3d98820d985d8a720d8b4d8a7d8a8d9872e20d988d987d8b0d8a720d985d8a720d98ad8acd8b9d984d98720d8a3d988d98420d985d988d984d991d8af20d986d8b520d984d988d8b1d98ad98520d8a5d98ad8a8d8b3d988d98520d8add982d98ad982d98a20d8b9d984d98920d8a7d984d8a5d986d8aad8b1d986d8aa2e3c2f703e, '[\"19\",\"21\",\"22\"]', NULL, NULL, '2021-06-13 23:43:50', '2021-06-13 23:43:50'),
(70, 7, 11, 34, 'Iroquois New York Times Square', 'iroquois-new-york-times-square', 'It is a long established fact that a reader will be distracted by the readable content of a page when looking', 0x3c70207374796c653d22746578742d616c69676e3a6a7573746966793b666f6e742d66616d696c793a274f70656e2053616e73272c20417269616c2c2073616e732d73657269663b223e49742069732061206c6f6e672065737461626c6973686564206661637420746861742061207265616465722077696c6c206265206469737472616374656420627920746865207265616461626c6520636f6e74656e74206f6620612070616765207768656e206c6f6f6b696e6720617420697473206c61796f75742e2054686520706f696e74206f66207573696e67204c6f72656d20497073756d2069732074686174206974206861732061206d6f72652d6f722d6c657373206e6f726d616c20646973747269627574696f6e206f66206c6574746572732c206173206f70706f73656420746f207573696e672027436f6e74656e7420686572652c20636f6e74656e742068657265272c206d616b696e67206974206c6f6f6b206c696b65207265616461626c6520456e676c6973682e204d616e79206465736b746f70207075626c697368696e67207061636b6167657320616e6420776562207061676520656469746f7273206e6f7720757365204c6f72656d20497073756d2061732074686569722064656661756c74206d6f64656c20746578742c20616e6420612073656172636820666f7220276c6f72656d20697073756d272077696c6c20756e636f766572206d616e7920776562207369746573207374696c6c20696e20746865697220696e66616e63792e20566172696f75732076657273696f6e7320686176652065766f6c766564206f766572207468652079656172732c20736f6d6574696d6573206279206163636964656e742c20736f6d6574696d6573206f6e20707572706f73652028696e6a65637465642068756d6f757220616e6420746865206c696b65292e3c2f703e, '[\"13\",\"14\",\"15\",\"16\"]', NULL, NULL, '2021-06-13 23:47:23', '2021-06-13 23:47:23'),
(71, 8, 14, 34, 'إيروكوا نيويورك تايمز سكوير', 'إيروكوا-نيويورك-تايمز-سكوير', 'لوريم إيبسوم(Lorem Ipsum) هو ببساطة نص شكلي (بمعنى أن الغاية هي الشكل وليس المحتوى) ويُستخدم في صناعات المطابع', 0x3c70207374796c653d22746578742d616c69676e3a6a7573746966793b666f6e742d66616d696c793a274f70656e2053616e73272c20417269616c2c2073616e732d73657269663b223ed984d988d8b1d98ad98520d8a5d98ad8a8d8b3d988d985284c6f72656d20497073756d2920d987d98820d8a8d8a8d8b3d8a7d8b7d8a920d986d8b520d8b4d983d984d98a2028d8a8d985d8b9d986d98920d8a3d98620d8a7d984d8bad8a7d98ad8a920d987d98a20d8a7d984d8b4d983d98420d988d984d98ad8b320d8a7d984d985d8add8aad988d9892920d988d98ad98fd8b3d8aad8aed8afd98520d981d98a20d8b5d986d8a7d8b9d8a7d8aa20d8a7d984d985d8b7d8a7d8a8d8b920d988d8afd988d8b120d8a7d984d986d8b4d8b12e20d983d8a7d98620d984d988d8b1d98ad98520d8a5d98ad8a8d8b3d988d98520d988d984d8a7d98ad8b2d8a7d98420d8a7d984d985d8b9d98ad8a7d8b120d984d984d986d8b520d8a7d984d8b4d983d984d98a20d985d986d8b020d8a7d984d982d8b1d98620d8a7d984d8aed8a7d985d8b320d8b9d8b4d8b120d8b9d986d8afd985d8a720d982d8a7d985d8aa20d985d8b7d8a8d8b9d8a920d985d8acd987d988d984d8a920d8a8d8b1d8b520d985d8acd985d988d8b9d8a920d985d98620d8a7d984d8a3d8add8b1d98120d8a8d8b4d983d98420d8b9d8b4d988d8a7d8a6d98a20d8a3d8aed8b0d8aad987d8a720d985d98620d986d8b5d88c20d984d8aad983d988d991d98620d983d8aad98ad991d8a820d8a8d985d8abd8a7d8a8d8a920d8afd984d98ad98420d8a3d98820d985d8b1d8acd8b920d8b4d983d984d98a20d984d987d8b0d98720d8a7d984d8a3d8add8b1d9812e20d8aed985d8b3d8a920d982d8b1d988d98620d985d98620d8a7d984d8b2d985d98620d984d98520d8aad982d8b6d98a20d8b9d984d98920d987d8b0d8a720d8a7d984d986d8b5d88c20d8a8d98420d8a7d986d98720d8add8aad98920d8b5d8a7d8b120d985d8b3d8aad8aed8afd985d8a7d98b20d988d8a8d8b4d983d984d98720d8a7d984d8a3d8b5d984d98a20d981d98a20d8a7d984d8b7d8a8d8a7d8b9d8a920d988d8a7d984d8aad986d8b6d98ad8af20d8a7d984d8a5d984d983d8aad8b1d988d986d98a2e20d8a7d986d8aad8b4d8b120d8a8d8b4d983d98420d983d8a8d98ad8b120d981d98a20d8b3d8aad98ad986d98ad991d8a7d8aa20d987d8b0d8a720d8a7d984d982d8b1d98620d985d8b920d8a5d8b5d8afd8a7d8b120d8b1d982d8a7d8a6d9822022d984d98ad8aad8b1d8a7d8b3d98ad8aa2220284c657472617365742920d8a7d984d8a8d984d8a7d8b3d8aad98ad983d98ad8a920d8aad8add988d98a20d985d982d8a7d8b7d8b920d985d98620d987d8b0d8a720d8a7d984d986d8b5d88c20d988d8b9d8a7d8af20d984d98ad986d8aad8b4d8b120d985d8b1d8a920d8a3d8aed8b1d98920d985d8a4d8aed8b1d8a7d98e20d985d8b920d8b8d987d988d8b120d8a8d8b1d8a7d985d8ac20d8a7d984d986d8b4d8b120d8a7d984d8a5d984d983d8aad8b1d988d986d98a20d985d8abd9842022d8a3d984d8afd988d8b320d8a8d8a7d98ad8ac20d985d8a7d98ad983d8b1222028416c64757320506167654d616b65722920d988d8a7d984d8aad98a20d8add988d8aa20d8a3d98ad8b6d8a7d98b20d8b9d984d98920d986d8b3d8ae20d985d98620d986d8b520d984d988d8b1d98ad98520d8a5d98ad8a8d8b3d988d9852e3c2f703e, '[\"20\",\"21\",\"22\",\"23\"]', NULL, NULL, '2021-06-13 23:47:23', '2021-06-13 23:47:23'),
(72, 7, 10, 35, 'Hampton Inn Times Square Central', 'hampton-inn-times-square-central', 'Contrary to popular belief, Lorem Ipsum is not simply random text. It has roots in a piece of classical Latin literature', 0x3c70207374796c653d22746578742d616c69676e3a6a7573746966793b666f6e742d66616d696c793a274f70656e2053616e73272c20417269616c2c2073616e732d73657269663b223e436f6e747261727920746f20706f70756c61722062656c6965662c204c6f72656d20497073756d206973206e6f742073696d706c792072616e646f6d20746578742e2049742068617320726f6f747320696e2061207069656365206f6620636c6173736963616c204c6174696e206c6974657261747572652066726f6d2034352042432c206d616b696e67206974206f7665722032303030207965617273206f6c642e2052696368617264204d63436c696e746f636b2c2061204c6174696e2070726f666573736f722061742048616d7064656e2d5379646e657920436f6c6c65676520696e2056697267696e69612c206c6f6f6b6564207570206f6e65206f6620746865206d6f7265206f627363757265204c6174696e20776f7264732c20636f6e73656374657475722c2066726f6d2061204c6f72656d20497073756d20706173736167652c20616e6420676f696e67207468726f75676820746865206369746573206f662074686520776f726420696e20636c6173736963616c206c6974657261747572652c20646973636f76657265642074686520756e646f75627461626c6520736f757263652e204c6f72656d20497073756d20636f6d65732066726f6d2073656374696f6e7320312e31302e333220616e6420312e31302e3333206f66202264652046696e6962757320426f6e6f72756d206574204d616c6f72756d2220285468652045787472656d6573206f6620476f6f6420616e64204576696c292062792043696365726f2c207772697474656e20696e2034352042432e205468697320626f6f6b2069732061207472656174697365206f6e20746865207468656f7279206f66206574686963732c207665727920706f70756c617220647572696e67207468652052656e61697373616e63652e20546865206669727374206c696e65206f66204c6f72656d20497073756d2c20224c6f72656d20697073756d20646f6c6f722073697420616d65742e2e222c20636f6d65732066726f6d2061206c696e6520696e2073656374696f6e20312e31302e33322e3c2f703e, '[\"10\",\"11\",\"12\",\"13\",\"14\"]', NULL, NULL, '2021-06-13 23:53:00', '2021-06-13 23:53:00'),
(73, 8, 13, 35, 'هامبتون إن تايمز سكوير سنترال', 'هامبتون-إن-تايمز-سكوير-سنترال', 'هنالك العديد من الأنواع المتوفرة لنصوص لوريم إيبسوم، ولكن الغالبية تم تعديلها بشكل ما عبر إدخال بعض النوادر أو الكلمات العشو', 0x3c70207374796c653d22746578742d616c69676e3a6a7573746966793b666f6e742d66616d696c793a274f70656e2053616e73272c20417269616c2c2073616e732d73657269663b223ed987d986d8a7d984d98320d8a7d984d8b9d8afd98ad8af20d985d98620d8a7d984d8a3d986d988d8a7d8b920d8a7d984d985d8aad988d981d8b1d8a920d984d986d8b5d988d8b520d984d988d8b1d98ad98520d8a5d98ad8a8d8b3d988d985d88c20d988d984d983d98620d8a7d984d8bad8a7d984d8a8d98ad8a920d8aad98520d8aad8b9d8afd98ad984d987d8a720d8a8d8b4d983d98420d985d8a720d8b9d8a8d8b120d8a5d8afd8aed8a7d98420d8a8d8b9d8b620d8a7d984d986d988d8a7d8afd8b120d8a3d98820d8a7d984d983d984d985d8a7d8aa20d8a7d984d8b9d8b4d988d8a7d8a6d98ad8a920d8a5d984d98920d8a7d984d986d8b52e20d8a5d98620d983d986d8aa20d8aad8b1d98ad8af20d8a3d98620d8aad8b3d8aad8aed8afd98520d986d8b520d984d988d8b1d98ad98520d8a5d98ad8a8d8b3d988d98520d985d8a7d88c20d8b9d984d98ad98320d8a3d98620d8aad8aad8add982d98220d8a3d988d984d8a7d98b20d8a3d98620d984d98ad8b320d987d986d8a7d98320d8a3d98a20d983d984d985d8a7d8aa20d8a3d98820d8b9d8a8d8a7d8b1d8a7d8aa20d985d8add8b1d8acd8a920d8a3d98820d8bad98ad8b120d984d8a7d8a6d982d8a920d985d8aed8a8d8a3d8a920d981d98a20d987d8b0d8a720d8a7d984d986d8b52e20d8a8d98ad986d985d8a720d8aad8b9d985d98420d8acd985d98ad8b920d985d988d984d991d8afd8a7d8aa20d986d8b5d988d8b520d984d988d8b1d98ad98520d8a5d98ad8a8d8b3d988d98520d8b9d984d98920d8a7d984d8a5d986d8aad8b1d986d8aa20d8b9d984d98920d8a5d8b9d8a7d8afd8a920d8aad983d8b1d8a7d8b120d985d982d8a7d8b7d8b920d985d98620d986d8b520d984d988d8b1d98ad98520d8a5d98ad8a8d8b3d988d98520d986d981d8b3d98720d8b9d8afd8a920d985d8b1d8a7d8aa20d8a8d985d8a720d8aad8aad8b7d984d8a8d98720d8a7d984d8add8a7d8acd8a9d88c20d98ad982d988d98520d985d988d984d991d8afd986d8a720d987d8b0d8a720d8a8d8a7d8b3d8aad8aed8afd8a7d98520d983d984d985d8a7d8aa20d985d98620d982d8a7d985d988d8b320d98ad8add988d98a20d8b9d984d98920d8a3d983d8abd8b120d985d9862032303020d983d984d985d8a920d984d8a720d8aad98ad986d98ad8a9d88c20d985d8b6d8a7d98120d8a5d984d98ad987d8a720d985d8acd985d988d8b9d8a920d985d98620d8a7d984d8acd985d98420d8a7d984d986d985d988d8b0d8acd98ad8a9d88c20d984d8aad983d988d98ad98620d986d8b520d984d988d8b1d98ad98520d8a5d98ad8a8d8b3d988d98520d8b0d98820d8b4d983d98420d985d986d8b7d982d98a20d982d8b1d98ad8a820d8a5d984d98920d8a7d984d986d8b520d8a7d984d8add982d98ad982d98a2e20d988d8a8d8a7d984d8aad8a7d984d98a20d98ad983d988d98620d8a7d984d986d8b520d8a7d984d986d8a7d8aad8ad20d8aed8a7d984d98a20d985d98620d8a7d984d8aad983d8b1d8a7d8b1d88c20d8a3d98820d8a3d98a20d983d984d985d8a7d8aa20d8a3d98820d8b9d8a8d8a7d8b1d8a7d8aa20d8bad98ad8b120d984d8a7d8a6d982d8a920d8a3d98820d985d8a720d8b4d8a7d8a8d9872e20d988d987d8b0d8a720d985d8a720d98ad8acd8b9d984d98720d8a3d988d98420d985d988d984d991d8af20d986d8b520d984d988d8b1d98ad98520d8a5d98ad8a8d8b3d988d98520d8add982d98ad982d98a20d8b9d984d98920d8a7d984d8a5d986d8aad8b1d986d8aa2e3c2f703e, '[\"17\",\"18\",\"19\",\"20\",\"21\"]', NULL, NULL, '2021-06-13 23:53:00', '2021-06-13 23:53:00'),
(74, 7, 10, 36, 'Hilton New York Fashion District', 'hilton-new-york-fashion-district', 'It is a long established fact that a reader will be distracted by the readable content of a page when looking at its layout', 0x3c70207374796c653d22746578742d616c69676e3a6a7573746966793b666f6e742d66616d696c793a274f70656e2053616e73272c20417269616c2c2073616e732d73657269663b223e49742069732061206c6f6e672065737461626c6973686564206661637420746861742061207265616465722077696c6c206265206469737472616374656420627920746865207265616461626c6520636f6e74656e74206f6620612070616765207768656e206c6f6f6b696e6720617420697473206c61796f75742e2054686520706f696e74206f66207573696e67204c6f72656d20497073756d2069732074686174206974206861732061206d6f72652d6f722d6c657373206e6f726d616c20646973747269627574696f6e206f66206c6574746572732c206173206f70706f73656420746f207573696e672027436f6e74656e7420686572652c20636f6e74656e742068657265272c206d616b696e67206974206c6f6f6b206c696b65207265616461626c6520456e676c6973682e204d616e79206465736b746f70207075626c697368696e67207061636b6167657320616e6420776562207061676520656469746f7273206e6f7720757365204c6f72656d20497073756d2061732074686569722064656661756c74206d6f64656c20746578742c20616e6420612073656172636820666f7220276c6f72656d20697073756d272077696c6c20756e636f766572206d616e7920776562207369746573207374696c6c20696e20746865697220696e66616e63792e20566172696f75732076657273696f6e7320686176652065766f6c766564206f766572207468652079656172732c20736f6d6574696d6573206279206163636964656e742c20736f6d6574696d6573206f6e20707572706f73652028696e6a65637465642068756d6f757220616e6420746865206c696b65292e3c2f703e, '[\"12\",\"13\",\"14\",\"15\"]', NULL, NULL, '2021-06-13 23:58:51', '2021-06-13 23:58:51'),
(75, 8, 13, 36, 'هيلتون نيويورك فاشون ديستريكت', 'هيلتون-نيويورك-فاشون-ديستريكت', 'هناك حقيقة مثبتة منذ زمن طويل وهي أن المحتوى المقروء لصفحة ما سيلهي القارئ عن التركيز على الشكل الخارجي للنص أو', 0x3c6469763ed987d986d8a7d98320d8add982d98ad982d8a920d985d8abd8a8d8aad8a920d985d986d8b020d8b2d985d98620d8b7d988d98ad98420d988d987d98a20d8a3d98620d8a7d984d985d8add8aad988d98920d8a7d984d985d982d8b1d988d8a120d984d8b5d981d8add8a920d985d8a720d8b3d98ad984d987d98a20d8a7d984d982d8a7d8b1d8a620d8b9d98620d8a7d984d8aad8b1d983d98ad8b220d8b9d984d98920d8a7d984d8b4d983d98420d8a7d984d8aed8a7d8b1d8acd98a20d984d984d986d8b520d8a3d98820d8b4d983d98420d8aad988d8b6d8b920d8a7d984d981d982d8b1d8a7d8aa20d981d98a20d8a7d984d8b5d981d8add8a920d8a7d984d8aad98a20d98ad982d8b1d8a3d987d8a72e20d988d984d8b0d984d98320d98ad8aad98520d8a7d8b3d8aad8aed8afd8a7d98520d8b7d8b1d98ad982d8a920d984d988d8b1d98ad98520d8a5d98ad8a8d8b3d988d98520d984d8a3d986d987d8a720d8aad8b9d8b7d98a20d8aad988d8b2d98ad8b9d8a7d98e20d8b7d8a8d98ad8b9d98ad8a7d98e202dd8a5d984d98920d8add8af20d985d8a72d20d984d984d8a3d8add8b1d98120d8b9d988d8b6d8a7d98b20d8b9d98620d8a7d8b3d8aad8aed8afd8a7d9852022d987d986d8a720d98ad988d8acd8af20d985d8add8aad988d98920d986d8b5d98ad88c20d987d986d8a720d98ad988d8acd8af20d985d8add8aad988d98920d986d8b5d98a2220d981d8aad8acd8b9d984d987d8a720d8aad8a8d8afd9882028d8a3d98a20d8a7d984d8a3d8add8b1d9812920d988d983d8a3d986d987d8a720d986d8b520d985d982d8b1d988d8a12e20d8a7d984d8b9d8afd98ad8af20d985d98620d8a8d8b1d8a7d985d8ad20d8a7d984d986d8b4d8b120d8a7d984d985d983d8aad8a8d98a20d988d8a8d8b1d8a7d985d8ad20d8aad8add8b1d98ad8b120d8b5d981d8add8a7d8aa20d8a7d984d988d98ad8a820d8aad8b3d8aad8aed8afd98520d984d988d8b1d98ad98520d8a5d98ad8a8d8b3d988d98520d8a8d8b4d983d98420d8a5d981d8aad8b1d8a7d8b6d98a20d983d986d985d988d8b0d8ac20d8b9d98620d8a7d984d986d8b5d88c20d988d8a5d8b0d8a720d982d985d8aa20d8a8d8a5d8afd8aed8a7d98420226c6f72656d20697073756d2220d981d98a20d8a3d98a20d985d8add8b1d98320d8a8d8add8ab20d8b3d8aad8b8d987d8b120d8a7d984d8b9d8afd98ad8af20d985d98620d8a7d984d985d988d8a7d982d8b920d8a7d984d8add8afd98ad8abd8a920d8a7d984d8b9d987d8af20d981d98a20d986d8aad8a7d8a6d8ac20d8a7d984d8a8d8add8ab2e20d8b9d984d98920d985d8afd98920d8a7d984d8b3d986d98ad98620d8b8d987d8b1d8aa20d986d8b3d8ae20d8acd8afd98ad8afd8a920d988d985d8aed8aad984d981d8a920d985d98620d986d8b520d984d988d8b1d98ad98520d8a5d98ad8a8d8b3d988d985d88c20d8a3d8add98ad8a7d986d8a7d98b20d8b9d98620d8b7d8b1d98ad98220d8a7d984d8b5d8afd981d8a9d88c20d988d8a3d8add98ad8a7d986d8a7d98b20d8b9d98620d8b9d985d8af20d983d8a5d8afd8aed8a7d98420d8a8d8b9d8b620d8a7d984d8b9d8a8d8a7d8b1d8a7d8aa20d8a7d984d981d983d8a7d987d98ad8a920d8a5d984d98ad987d8a72e3c2f6469763e, '[\"19\",\"20\",\"21\",\"22\"]', NULL, NULL, '2021-06-13 23:58:51', '2021-06-13 23:58:51'),
(76, 7, 11, 37, 'The Gallivant Times Square', 'the-gallivant-times-square', 'There are many variations of passages of Lorem Ipsum available, but the majority have suffered alteration in some', 0x3c70207374796c653d22746578742d616c69676e3a6a7573746966793b666f6e742d66616d696c793a274f70656e2053616e73272c20417269616c2c2073616e732d73657269663b223e546865726520617265206d616e7920766172696174696f6e73206f66207061737361676573206f66204c6f72656d20497073756d20617661696c61626c652c2062757420746865206d616a6f72697479206861766520737566666572656420616c7465726174696f6e20696e20736f6d6520666f726d2c20627920696e6a65637465642068756d6f75722c206f722072616e646f6d6973656420776f72647320776869636820646f6e2774206c6f6f6b206576656e20736c696768746c792062656c69657661626c652e20496620796f752061726520676f696e6720746f2075736520612070617373616765206f66204c6f72656d20497073756d2c20796f75206e65656420746f20626520737572652074686572652069736e277420616e797468696e6720656d62617272617373696e672068696464656e20696e20746865206d6964646c65206f6620746578742e20416c6c20746865204c6f72656d20497073756d2067656e657261746f7273206f6e2074686520496e7465726e65742074656e6420746f2072657065617420707265646566696e6564206368756e6b73206173206e65636573736172792c206d616b696e6720746869732074686520666972737420747275652067656e657261746f72206f6e2074686520496e7465726e65742e204974207573657320612064696374696f6e617279206f66206f76657220323030204c6174696e20776f7264732c20636f6d62696e6564207769746820612068616e6466756c206f66206d6f64656c2073656e74656e636520737472756374757265732c20746f2067656e6572617465204c6f72656d20497073756d207768696368206c6f6f6b7320726561736f6e61626c652e205468652067656e657261746564204c6f72656d20497073756d206973207468657265666f726520616c7761797320667265652066726f6d2072657065746974696f6e2c20696e6a65637465642068756d6f75722c206f72206e6f6e2d636861726163746572697374696320776f726473206574632e3c2f703e, '[\"10\",\"11\",\"12\"]', NULL, NULL, '2021-06-14 00:02:18', '2021-06-14 00:02:18'),
(77, 8, 14, 37, 'ميدان جاليفانت تايمز سكوير', 'ميدان-جاليفانت-تايمز-سكوير', 'ناك حقيقة مثبتة منذ زمن طويل وهي أن المحتوى المقروء لصفحة ما سيلهي القارئ عن التركيز على الشكل الخارجي للنص أو شكل', 0x3c70207374796c653d22746578742d616c69676e3a6a7573746966793b666f6e742d66616d696c793a274f70656e2053616e73272c20417269616c2c2073616e732d73657269663b223ed984d988d8b1d98ad98520d8a5d98ad8a8d8b3d988d985284c6f72656d20497073756d2920d987d98820d8a8d8a8d8b3d8a7d8b7d8a920d986d8b520d8b4d983d984d98a2028d8a8d985d8b9d986d98920d8a3d98620d8a7d984d8bad8a7d98ad8a920d987d98a20d8a7d984d8b4d983d98420d988d984d98ad8b320d8a7d984d985d8add8aad988d9892920d988d98ad98fd8b3d8aad8aed8afd98520d981d98a20d8b5d986d8a7d8b9d8a7d8aa20d8a7d984d985d8b7d8a7d8a8d8b920d988d8afd988d8b120d8a7d984d986d8b4d8b12e20d983d8a7d98620d984d988d8b1d98ad98520d8a5d98ad8a8d8b3d988d98520d988d984d8a7d98ad8b2d8a7d98420d8a7d984d985d8b9d98ad8a7d8b120d984d984d986d8b520d8a7d984d8b4d983d984d98a20d985d986d8b020d8a7d984d982d8b1d98620d8a7d984d8aed8a7d985d8b320d8b9d8b4d8b120d8b9d986d8afd985d8a720d982d8a7d985d8aa20d985d8b7d8a8d8b9d8a920d985d8acd987d988d984d8a920d8a8d8b1d8b520d985d8acd985d988d8b9d8a920d985d98620d8a7d984d8a3d8add8b1d98120d8a8d8b4d983d98420d8b9d8b4d988d8a7d8a6d98a20d8a3d8aed8b0d8aad987d8a720d985d98620d986d8b5d88c20d984d8aad983d988d991d98620d983d8aad98ad991d8a820d8a8d985d8abd8a7d8a8d8a920d8afd984d98ad98420d8a3d98820d985d8b1d8acd8b920d8b4d983d984d98a20d984d987d8b0d98720d8a7d984d8a3d8add8b1d9812e20d8aed985d8b3d8a920d982d8b1d988d98620d985d98620d8a7d984d8b2d985d98620d984d98520d8aad982d8b6d98a20d8b9d984d98920d987d8b0d8a720d8a7d984d986d8b5d88c20d8a8d98420d8a7d986d98720d8add8aad98920d8b5d8a7d8b120d985d8b3d8aad8aed8afd985d8a7d98b20d988d8a8d8b4d983d984d98720d8a7d984d8a3d8b5d984d98a20d981d98a20d8a7d984d8b7d8a8d8a7d8b9d8a920d988d8a7d984d8aad986d8b6d98ad8af20d8a7d984d8a5d984d983d8aad8b1d988d986d98a2e20d8a7d986d8aad8b4d8b120d8a8d8b4d983d98420d983d8a8d98ad8b120d981d98a20d8b3d8aad98ad986d98ad991d8a7d8aa20d987d8b0d8a720d8a7d984d982d8b1d98620d985d8b920d8a5d8b5d8afd8a7d8b120d8b1d982d8a7d8a6d9822022d984d98ad8aad8b1d8a7d8b3d98ad8aa2220284c657472617365742920d8a7d984d8a8d984d8a7d8b3d8aad98ad983d98ad8a920d8aad8add988d98a20d985d982d8a7d8b7d8b920d985d98620d987d8b0d8a720d8a7d984d986d8b5d88c20d988d8b9d8a7d8af20d984d98ad986d8aad8b4d8b120d985d8b1d8a920d8a3d8aed8b1d98920d985d8a4d8aed8b1d8a7d98e20d985d8b920d8b8d987d988d8b120d8a8d8b1d8a7d985d8ac20d8a7d984d986d8b4d8b120d8a7d984d8a5d984d983d8aad8b1d988d986d98a20d985d8abd9842022d8a3d984d8afd988d8b320d8a8d8a7d98ad8ac20d985d8a7d98ad983d8b1222028416c64757320506167654d616b65722920d988d8a7d984d8aad98a20d8add988d8aa20d8a3d98ad8b6d8a7d98b20d8b9d984d98920d986d8b3d8ae20d985d98620d986d8b520d984d988d8b1d98ad98520d8a5d98ad8a8d8b3d988d9852e3c2f703e, '[\"17\",\"18\",\"19\"]', NULL, NULL, '2021-06-14 00:02:18', '2021-06-14 00:02:18'),
(78, 7, 9, 38, 'Cambria Hotel New York - Chelsea', 'cambria-hotel-new-york---chelsea', 'Contrary to popular belief, Lorem Ipsum is not simply random text. It has roots in a piece of classical Latin', 0x3c70207374796c653d22746578742d616c69676e3a6a7573746966793b666f6e742d66616d696c793a274f70656e2053616e73272c20417269616c2c2073616e732d73657269663b223e436f6e747261727920746f20706f70756c61722062656c6965662c204c6f72656d20497073756d206973206e6f742073696d706c792072616e646f6d20746578742e2049742068617320726f6f747320696e2061207069656365206f6620636c6173736963616c204c6174696e206c6974657261747572652066726f6d2034352042432c206d616b696e67206974206f7665722032303030207965617273206f6c642e2052696368617264204d63436c696e746f636b2c2061204c6174696e2070726f666573736f722061742048616d7064656e2d5379646e657920436f6c6c65676520696e2056697267696e69612c206c6f6f6b6564207570206f6e65206f6620746865206d6f7265206f627363757265204c6174696e20776f7264732c20636f6e73656374657475722c2066726f6d2061204c6f72656d20497073756d20706173736167652c20616e6420676f696e67207468726f75676820746865206369746573206f662074686520776f726420696e20636c6173736963616c206c6974657261747572652c20646973636f76657265642074686520756e646f75627461626c6520736f757263652e204c6f72656d20497073756d20636f6d65732066726f6d2073656374696f6e7320312e31302e333220616e6420312e31302e3333206f66202264652046696e6962757320426f6e6f72756d206574204d616c6f72756d2220285468652045787472656d6573206f6620476f6f6420616e64204576696c292062792043696365726f2c207772697474656e20696e2034352042432e205468697320626f6f6b2069732061207472656174697365206f6e20746865207468656f7279206f66206574686963732c207665727920706f70756c617220647572696e67207468652052656e61697373616e63652e20546865206669727374206c696e65206f66204c6f72656d20497073756d2c20224c6f72656d20697073756d20646f6c6f722073697420616d65742e2e222c20636f6d65732066726f6d2061206c696e6520696e2073656374696f6e20312e31302e33322e3c2f703e, '[\"12\",\"13\",\"14\",\"15\"]', NULL, NULL, '2021-06-14 00:05:01', '2021-06-14 00:05:01'),
(79, 8, 12, 38, 'فندق كامبريا نيويورك - تشيلسي', 'فندق-كامبريا-نيويورك---تشيلسي', 'هناك حقيقة مثبتة منذ زمن طويل وهي أن المحتوى المقروء لصفحة ما سيلهي القارئ عن التركيز على الشكل الخارجي للنص أو شكل', 0x3c70207374796c653d22746578742d616c69676e3a6a7573746966793b666f6e742d66616d696c793a274f70656e2053616e73272c20417269616c2c2073616e732d73657269663b223ed984d988d8b1d98ad98520d8a5d98ad8a8d8b3d988d985284c6f72656d20497073756d2920d987d98820d8a8d8a8d8b3d8a7d8b7d8a920d986d8b520d8b4d983d984d98a2028d8a8d985d8b9d986d98920d8a3d98620d8a7d984d8bad8a7d98ad8a920d987d98a20d8a7d984d8b4d983d98420d988d984d98ad8b320d8a7d984d985d8add8aad988d9892920d988d98ad98fd8b3d8aad8aed8afd98520d981d98a20d8b5d986d8a7d8b9d8a7d8aa20d8a7d984d985d8b7d8a7d8a8d8b920d988d8afd988d8b120d8a7d984d986d8b4d8b12e20d983d8a7d98620d984d988d8b1d98ad98520d8a5d98ad8a8d8b3d988d98520d988d984d8a7d98ad8b2d8a7d98420d8a7d984d985d8b9d98ad8a7d8b120d984d984d986d8b520d8a7d984d8b4d983d984d98a20d985d986d8b020d8a7d984d982d8b1d98620d8a7d984d8aed8a7d985d8b320d8b9d8b4d8b120d8b9d986d8afd985d8a720d982d8a7d985d8aa20d985d8b7d8a8d8b9d8a920d985d8acd987d988d984d8a920d8a8d8b1d8b520d985d8acd985d988d8b9d8a920d985d98620d8a7d984d8a3d8add8b1d98120d8a8d8b4d983d98420d8b9d8b4d988d8a7d8a6d98a20d8a3d8aed8b0d8aad987d8a720d985d98620d986d8b5d88c20d984d8aad983d988d991d98620d983d8aad98ad991d8a820d8a8d985d8abd8a7d8a8d8a920d8afd984d98ad98420d8a3d98820d985d8b1d8acd8b920d8b4d983d984d98a20d984d987d8b0d98720d8a7d984d8a3d8add8b1d9812e20d8aed985d8b3d8a920d982d8b1d988d98620d985d98620d8a7d984d8b2d985d98620d984d98520d8aad982d8b6d98a20d8b9d984d98920d987d8b0d8a720d8a7d984d986d8b5d88c20d8a8d98420d8a7d986d98720d8add8aad98920d8b5d8a7d8b120d985d8b3d8aad8aed8afd985d8a7d98b20d988d8a8d8b4d983d984d98720d8a7d984d8a3d8b5d984d98a20d981d98a20d8a7d984d8b7d8a8d8a7d8b9d8a920d988d8a7d984d8aad986d8b6d98ad8af20d8a7d984d8a5d984d983d8aad8b1d988d986d98a2e20d8a7d986d8aad8b4d8b120d8a8d8b4d983d98420d983d8a8d98ad8b120d981d98a20d8b3d8aad98ad986d98ad991d8a7d8aa20d987d8b0d8a720d8a7d984d982d8b1d98620d985d8b920d8a5d8b5d8afd8a7d8b120d8b1d982d8a7d8a6d9822022d984d98ad8aad8b1d8a7d8b3d98ad8aa2220284c657472617365742920d8a7d984d8a8d984d8a7d8b3d8aad98ad983d98ad8a920d8aad8add988d98a20d985d982d8a7d8b7d8b920d985d98620d987d8b0d8a720d8a7d984d986d8b5d88c20d988d8b9d8a7d8af20d984d98ad986d8aad8b4d8b120d985d8b1d8a920d8a3d8aed8b1d98920d985d8a4d8aed8b1d8a7d98e20d985d8b920d8b8d987d988d8b120d8a8d8b1d8a7d985d8ac20d8a7d984d986d8b4d8b120d8a7d984d8a5d984d983d8aad8b1d988d986d98a20d985d8abd9842022d8a3d984d8afd988d8b320d8a8d8a7d98ad8ac20d985d8a7d98ad983d8b1222028416c64757320506167654d616b65722920d988d8a7d984d8aad98a20d8add988d8aa20d8a3d98ad8b6d8a7d98b20d8b9d984d98920d986d8b3d8ae20d985d98620d986d8b520d984d988d8b1d98ad98520d8a5d98ad8a8d8b3d988d9852e3c2f703e3c6469763e3d3c2f6469763e, '[\"19\",\"20\",\"21\",\"22\"]', NULL, NULL, '2021-06-14 00:05:01', '2021-06-14 00:05:01'),
(80, 7, 9, 39, 'Hilton Garden Inn NYC Financial Center/Manhattan Downtown', 'hilton-garden-inn-nyc-financial-centermanhattan-downtown', 'There are many variations of passages of Lorem Ipsum available, but the majority have suffered alteration in some', 0x3c70207374796c653d22746578742d616c69676e3a6a7573746966793b666f6e742d66616d696c793a274f70656e2053616e73272c20417269616c2c2073616e732d73657269663b223e546865726520617265206d616e7920766172696174696f6e73206f66207061737361676573206f66204c6f72656d20497073756d20617661696c61626c652c2062757420746865206d616a6f72697479206861766520737566666572656420616c7465726174696f6e20696e20736f6d6520666f726d2c20627920696e6a65637465642068756d6f75722c206f722072616e646f6d6973656420776f72647320776869636820646f6e2774206c6f6f6b206576656e20736c696768746c792062656c69657661626c652e20496620796f752061726520676f696e6720746f2075736520612070617373616765206f66204c6f72656d20497073756d2c20796f75206e65656420746f20626520737572652074686572652069736e277420616e797468696e6720656d62617272617373696e672068696464656e20696e20746865206d6964646c65206f6620746578742e20416c6c20746865204c6f72656d20497073756d2067656e657261746f7273206f6e2074686520496e7465726e65742074656e6420746f2072657065617420707265646566696e6564206368756e6b73206173206e65636573736172792c206d616b696e6720746869732074686520666972737420747275652067656e657261746f72206f6e2074686520496e7465726e65742e204974207573657320612064696374696f6e617279206f66206f76657220323030204c6174696e20776f7264732c20636f6d62696e6564207769746820612068616e6466756c206f66206d6f64656c2073656e74656e636520737472756374757265732c20746f2067656e6572617465204c6f72656d20497073756d207768696368206c6f6f6b7320726561736f6e61626c652e205468652067656e657261746564204c6f72656d20497073756d206973207468657265666f726520616c7761797320667265652066726f6d2072657065746974696f6e2c20696e6a65637465642068756d6f75722c206f72206e6f6e2d636861726163746572697374696320776f726473206574632e3c2f703e, '[\"13\",\"14\",\"15\",\"16\"]', NULL, NULL, '2021-06-14 00:08:18', '2021-06-14 00:08:18'),
(81, 8, 12, 39, 'هيلتون جاردن إن نيويورك فاينانشال سنتر / مانهاتن داون تاون', 'هيلتون-جاردن-إن-نيويورك-فاينانشال-سنتر--مانهاتن-داون-تاون', 'خلافاَ للإعتقاد السائد فإن لوريم إيبسوم ليس نصاَ عشوائياً، بل إن له جذور في الأدب اللاتيني الكلاسيكي منذ العام 45 قبل الميلاد،', 0x3c70207374796c653d22746578742d616c69676e3a6a7573746966793b666f6e742d66616d696c793a274f70656e2053616e73272c20417269616c2c2073616e732d73657269663b223ed8aed984d8a7d981d8a7d98e20d984d984d8a5d8b9d8aad982d8a7d8af20d8a7d984d8b3d8a7d8a6d8af20d981d8a5d98620d984d988d8b1d98ad98520d8a5d98ad8a8d8b3d988d98520d984d98ad8b320d986d8b5d8a7d98e20d8b9d8b4d988d8a7d8a6d98ad8a7d98bd88c20d8a8d98420d8a5d98620d984d98720d8acd8b0d988d8b120d981d98a20d8a7d984d8a3d8afd8a820d8a7d984d984d8a7d8aad98ad986d98a20d8a7d984d983d984d8a7d8b3d98ad983d98a20d985d986d8b020d8a7d984d8b9d8a7d98520343520d982d8a8d98420d8a7d984d985d98ad984d8a7d8afd88c20d985d985d8a720d98ad8acd8b9d984d98720d8a3d983d8abd8b120d985d986203230303020d8b9d8a7d98520d981d98a20d8a7d984d982d8afd9852e20d982d8a7d98520d8a7d984d8a8d8b1d988d981d98ad8b3d988d8b12022d8b1d98ad8aad8b4d8a7d8b1d8af20d985d8a7d98320d984d98ad986d8aad988d98322202852696368617264204d63436c696e746f636b2920d988d987d98820d8a8d8b1d988d981d98ad8b3d988d8b120d8a7d984d984d8bad8a920d8a7d984d984d8a7d8aad98ad986d98ad8a920d981d98a20d8acd8a7d985d8b9d8a920d987d8a7d985d8a8d8afd9862dd8b3d98ad8afd986d98a20d981d98a20d981d98ad8b1d8acd98ad986d98ad8a720d8a8d8a7d984d8a8d8add8ab20d8b9d98620d8a3d8b5d988d98420d983d984d985d8a920d984d8a7d8aad98ad986d98ad8a920d8bad8a7d985d8b6d8a920d981d98a20d986d8b520d984d988d8b1d98ad98520d8a5d98ad8a8d8b3d988d98520d988d987d98a2022636f6e736563746574757222d88c20d988d8aed984d8a7d98420d8aad8aad8a8d8b9d98720d984d987d8b0d98720d8a7d984d983d984d985d8a920d981d98a20d8a7d984d8a3d8afd8a820d8a7d984d984d8a7d8aad98ad986d98a20d8a7d983d8aad8b4d98120d8a7d984d985d8b5d8afd8b120d8a7d984d8bad98ad8b120d982d8a7d8a8d98420d984d984d8b4d9832e20d981d984d982d8af20d8a7d8aad8b6d8ad20d8a3d98620d983d984d985d8a7d8aa20d986d8b520d984d988d8b1d98ad98520d8a5d98ad8a8d8b3d988d98520d8aad8a3d8aad98a20d985d98620d8a7d984d8a3d982d8b3d8a7d98520312e31302e333220d98820312e31302e333320d985d98620d983d8aad8a7d8a82022d8add988d98420d8a3d982d8a7d8b5d98a20d8a7d984d8aed98ad8b120d988d8a7d984d8b4d8b122202864652046696e6962757320426f6e6f72756d206574204d616c6f72756d2920d984d984d985d981d983d8b120d8b4d98ad8b4d98ad8b1d988d986202843696365726f2920d988d8a7d984d8b0d98a20d983d8aad8a8d98720d981d98a20d8b9d8a7d98520343520d982d8a8d98420d8a7d984d985d98ad984d8a7d8af2e20d987d8b0d8a720d8a7d984d983d8aad8a7d8a820d987d98820d8a8d985d8abd8a7d8a8d8a920d985d982d8a7d984d8a920d8b9d984d985d98ad8a920d985d8b7d988d984d8a920d981d98a20d986d8b8d8b1d98ad8a920d8a7d984d8a3d8aed984d8a7d982d88c20d988d983d8a7d98620d984d98720d8b4d8b9d8a8d98ad8a920d983d8a8d98ad8b1d8a920d981d98a20d8b9d8b5d8b120d8a7d984d986d987d8b6d8a92e20d8a7d984d8b3d8b7d8b120d8a7d984d8a3d988d98420d985d98620d984d988d8b1d98ad98520d8a5d98ad8a8d8b3d988d98520224c6f72656d20697073756d20646f6c6f722073697420616d65742e2e2220d98ad8a3d8aad98a20d985d98620d8b3d8b7d8b120d981d98a20d8a7d984d982d8b3d98520312e32302e333220d985d98620d987d8b0d8a720d8a7d984d983d8aad8a7d8a82e3c2f703e, '[\"20\",\"21\",\"22\",\"23\"]', NULL, NULL, '2021-06-14 00:08:18', '2021-06-14 00:08:18'),
(82, 7, 10, 40, 'Radisson Hotel New York Times Square', 'radisson-hotel-new-york-times-square', 'There are many variations of passages of Lorem Ipsum available, but the majority have suffered alteration in some', 0x3c70207374796c653d22746578742d616c69676e3a6a7573746966793b666f6e742d66616d696c793a274f70656e2053616e73272c20417269616c2c2073616e732d73657269663b223e546865726520617265206d616e7920766172696174696f6e73206f66207061737361676573206f66204c6f72656d20497073756d20617661696c61626c652c2062757420746865206d616a6f72697479206861766520737566666572656420616c7465726174696f6e20696e20736f6d6520666f726d2c20627920696e6a65637465642068756d6f75722c206f722072616e646f6d6973656420776f72647320776869636820646f6e2774206c6f6f6b206576656e20736c696768746c792062656c69657661626c652e20496620796f752061726520676f696e6720746f2075736520612070617373616765206f66204c6f72656d20497073756d2c20796f75206e65656420746f20626520737572652074686572652069736e277420616e797468696e6720656d62617272617373696e672068696464656e20696e20746865206d6964646c65206f6620746578742e20416c6c20746865204c6f72656d20497073756d2067656e657261746f7273206f6e2074686520496e7465726e65742074656e6420746f2072657065617420707265646566696e6564206368756e6b73206173206e65636573736172792c206d616b696e6720746869732074686520666972737420747275652067656e657261746f72206f6e2074686520496e7465726e65742e204974207573657320612064696374696f6e617279206f66206f76657220323030204c6174696e20776f7264732c20636f6d62696e6564207769746820612068616e6466756c206f66206d6f64656c2073656e74656e636520737472756374757265732c20746f2067656e6572617465204c6f72656d20497073756d207768696368206c6f6f6b7320726561736f6e61626c652e205468652067656e657261746564204c6f72656d20497073756d206973207468657265666f726520616c7761797320667265652066726f6d2072657065746974696f6e2c20696e6a65637465642068756d6f75722c206f72206e6f6e2d636861726163746572697374696320776f726473206574633c2f703e3c70207374796c653d22746578742d616c69676e3a6a7573746966793b666f6e742d66616d696c793a274f70656e2053616e73272c20417269616c2c2073616e732d73657269663b223e3c696d67207372633d2268747470733a2f2f6c6f63616c686f73742f686f74656c69612f776974686f75742d696e7374616c6c65722f686f74656c69612d312e302f6173736574732f696d672f73756d6d65726e6f74652f363132396539313264386331662e6a70672220616c743d22363132396539313264386331662e6a7067223e3c696d67207372633d2268747470733a2f2f6c6f63616c686f73742f686f74656c69612f776974686f75742d696e7374616c6c65722f686f74656c69612d312e302f6173736574732f696d672f73756d6d65726e6f74652f363132396539313264393365342e6a70672220616c743d22363132396539313264393365342e6a7067223e3c62723e3c2f703e, '[\"10\",\"11\",\"12\",\"13\",\"14\",\"15\",\"16\"]', NULL, NULL, '2021-06-14 00:14:15', '2021-08-28 01:43:33'),
(83, 8, 13, 40, 'فندق راديسون نيويورك تايمز سكوير', 'فندق-راديسون-نيويورك-تايمز-سكوير', 'لوريم إيبسوم(Lorem Ipsum) هو ببساطة نص شكلي (بمعنى أن الغاية هي الشكل وليس المحتوى) ويُستخدم في صناعات المطابع', 0x3c70207374796c653d22746578742d616c69676e3a6a7573746966793b666f6e742d66616d696c793a274f70656e2053616e73272c20417269616c2c2073616e732d73657269663b223ed984d988d8b1d98ad98520d8a5d98ad8a8d8b3d988d985284c6f72656d20497073756d2920d987d98820d8a8d8a8d8b3d8a7d8b7d8a920d986d8b520d8b4d983d984d98a2028d8a8d985d8b9d986d98920d8a3d98620d8a7d984d8bad8a7d98ad8a920d987d98a20d8a7d984d8b4d983d98420d988d984d98ad8b320d8a7d984d985d8add8aad988d9892920d988d98ad98fd8b3d8aad8aed8afd98520d981d98a20d8b5d986d8a7d8b9d8a7d8aa20d8a7d984d985d8b7d8a7d8a8d8b920d988d8afd988d8b120d8a7d984d986d8b4d8b12e20d983d8a7d98620d984d988d8b1d98ad98520d8a5d98ad8a8d8b3d988d98520d988d984d8a7d98ad8b2d8a7d98420d8a7d984d985d8b9d98ad8a7d8b120d984d984d986d8b520d8a7d984d8b4d983d984d98a20d985d986d8b020d8a7d984d982d8b1d98620d8a7d984d8aed8a7d985d8b320d8b9d8b4d8b120d8b9d986d8afd985d8a720d982d8a7d985d8aa20d985d8b7d8a8d8b9d8a920d985d8acd987d988d984d8a920d8a8d8b1d8b520d985d8acd985d988d8b9d8a920d985d98620d8a7d984d8a3d8add8b1d98120d8a8d8b4d983d98420d8b9d8b4d988d8a7d8a6d98a20d8a3d8aed8b0d8aad987d8a720d985d98620d986d8b5d88c20d984d8aad983d988d991d98620d983d8aad98ad991d8a820d8a8d985d8abd8a7d8a8d8a920d8afd984d98ad98420d8a3d98820d985d8b1d8acd8b920d8b4d983d984d98a20d984d987d8b0d98720d8a7d984d8a3d8add8b1d9812e20d8aed985d8b3d8a920d982d8b1d988d98620d985d98620d8a7d984d8b2d985d98620d984d98520d8aad982d8b6d98a20d8b9d984d98920d987d8b0d8a720d8a7d984d986d8b5d88c20d8a8d98420d8a7d986d98720d8add8aad98920d8b5d8a7d8b120d985d8b3d8aad8aed8afd985d8a7d98b20d988d8a8d8b4d983d984d98720d8a7d984d8a3d8b5d984d98a20d981d98a20d8a7d984d8b7d8a8d8a7d8b9d8a920d988d8a7d984d8aad986d8b6d98ad8af20d8a7d984d8a5d984d983d8aad8b1d988d986d98a2e20d8a7d986d8aad8b4d8b120d8a8d8b4d983d98420d983d8a8d98ad8b120d981d98a20d8b3d8aad98ad986d98ad991d8a7d8aa20d987d8b0d8a720d8a7d984d982d8b1d98620d985d8b920d8a5d8b5d8afd8a7d8b120d8b1d982d8a7d8a6d9822022d984d98ad8aad8b1d8a7d8b3d98ad8aa2220284c657472617365742920d8a7d984d8a8d984d8a7d8b3d8aad98ad983d98ad8a920d8aad8add988d98a20d985d982d8a7d8b7d8b920d985d98620d987d8b0d8a720d8a7d984d986d8b5d88c20d988d8b9d8a7d8af20d984d98ad986d8aad8b4d8b120d985d8b1d8a920d8a3d8aed8b1d98920d985d8a4d8aed8b1d8a7d98e20d985d8b920d8b8d987d988d8b120d8a8d8b1d8a7d985d8ac20d8a7d984d986d8b4d8b120d8a7d984d8a5d984d983d8aad8b1d988d986d98a20d985d8abd9842022d8a3d984d8afd988d8b320d8a8d8a7d98ad8ac20d985d8a7d98ad983d8b1222028416c64757320506167654d616b65722920d988d8a7d984d8aad98a20d8add988d8aa20d8a3d98ad8b6d8a7d98b20d8b9d984d98920d986d8b3d8ae20d985d98620d986d8b520d984d988d8b1d98ad98520d8a5d98ad8a8d8b3d988d9852e3c2f703e, '[\"17\",\"18\",\"19\",\"20\",\"21\",\"22\",\"23\"]', NULL, NULL, '2021-06-14 00:14:15', '2021-06-14 00:14:15');
INSERT INTO `room_contents` (`id`, `language_id`, `room_category_id`, `room_id`, `title`, `slug`, `summary`, `description`, `amenities`, `meta_keywords`, `meta_description`, `created_at`, `updated_at`) VALUES
(88, 7, 10, 43, 'Hotel Shalimar Motijheel - Centre of City', 'hotel-shalimar-motijheel---centre-of-city', 'Lorem Ipsum is simply dummy text of the printing and typesetting industry. Lorem Ipsum has been', 0x3c70207374796c653d22746578742d616c69676e3a6a7573746966793b666f6e742d66616d696c793a274f70656e2053616e73272c20417269616c2c2073616e732d73657269663b223e49742069732061206c6f6e672065737461626c6973686564206661637420746861742061207265616465722077696c6c206265206469737472616374656420627920746865207265616461626c6520636f6e74656e74206f6620612070616765207768656e206c6f6f6b696e6720617420697473206c61796f75742e2054686520706f696e74206f66207573696e67204c6f72656d20497073756d2069732074686174206974206861732061206d6f72652d6f722d6c657373206e6f726d616c20646973747269627574696f6e206f66206c6574746572732c206173206f70706f73656420746f207573696e672027436f6e74656e7420686572652c20636f6e74656e742068657265272c206d616b696e67206974206c6f6f6b206c696b65207265616461626c6520456e676c6973682e204d616e79206465736b746f70207075626c697368696e67207061636b6167657320616e6420776562207061676520656469746f7273206e6f7720757365204c6f72656d20497073756d2061732074686569722064656661756c74206d6f64656c20746578742c20616e6420612073656172636820666f7220276c6f72656d20697073756d272077696c6c20756e636f766572206d616e7920776562207369746573207374696c6c20696e20746865697220696e66616e63792e20566172696f75732076657273696f6e7320686176652065766f6c766564206f766572207468652079656172732c20736f6d6574696d6573206279206163636964656e742c20736f6d6574696d6573206f6e20707572706f73652028696e6a65637465642068756d6f757220616e6420746865206c696b65292e3c2f703e, '[\"12\",\"13\",\"14\"]', NULL, NULL, '2021-12-21 03:30:42', '2021-12-22 02:44:40'),
(89, 8, 13, 43, 'Hotel Shalimar Motijheel - Centre of City', 'hotel-shalimar-motijheel---centre-of-city', 'Lorem Ipsum is simply dummy text of the printing and typesetting industry. Lorem Ipsum has been the industry\'s standard dummy text ever since the 1500s', 0x3c70207374796c653d22746578742d616c69676e3a6a7573746966793b666f6e742d66616d696c793a274f70656e2053616e73272c20417269616c2c2073616e732d73657269663b223e49742069732061206c6f6e672065737461626c6973686564206661637420746861742061207265616465722077696c6c206265206469737472616374656420627920746865207265616461626c6520636f6e74656e74206f6620612070616765207768656e206c6f6f6b696e6720617420697473206c61796f75742e2054686520706f696e74206f66207573696e67204c6f72656d20497073756d2069732074686174206974206861732061206d6f72652d6f722d6c657373206e6f726d616c20646973747269627574696f6e206f66206c6574746572732c206173206f70706f73656420746f207573696e672027436f6e74656e7420686572652c20636f6e74656e742068657265272c206d616b696e67206974206c6f6f6b206c696b65207265616461626c6520456e676c6973682e204d616e79206465736b746f70207075626c697368696e67207061636b6167657320616e6420776562207061676520656469746f7273206e6f7720757365204c6f72656d20497073756d2061732074686569722064656661756c74206d6f64656c20746578742c20616e6420612073656172636820666f7220276c6f72656d20697073756d272077696c6c20756e636f766572206d616e7920776562207369746573207374696c6c20696e20746865697220696e66616e63792e20566172696f75732076657273696f6e7320686176652065766f6c766564206f766572207468652079656172732c20736f6d6574696d6573206279206163636964656e742c20736f6d6574696d6573206f6e20707572706f73652028696e6a65637465642068756d6f757220616e6420746865206c696b65292e3c2f703e, '[\"17\",\"20\",\"21\"]', NULL, NULL, '2021-12-21 03:30:42', '2021-12-21 03:30:42');

-- --------------------------------------------------------

--
-- Table structure for table `room_coupons`
--

CREATE TABLE `room_coupons` (
  `id` bigint(20) UNSIGNED NOT NULL,
  `name` varchar(255) COLLATE utf8mb4_unicode_ci NOT NULL,
  `code` varchar(255) COLLATE utf8mb4_unicode_ci NOT NULL,
  `type` varchar(255) COLLATE utf8mb4_unicode_ci NOT NULL,
  `value` decimal(8,2) UNSIGNED NOT NULL,
  `start_date` date NOT NULL,
  `end_date` date NOT NULL,
  `serial_number` int(10) UNSIGNED NOT NULL,
  `rooms` text COLLATE utf8mb4_unicode_ci,
  `created_at` timestamp NULL DEFAULT NULL,
  `updated_at` timestamp NULL DEFAULT NULL
) ENGINE=InnoDB DEFAULT CHARSET=utf8mb4 COLLATE=utf8mb4_unicode_ci;

--
-- Dumping data for table `room_coupons`
--

INSERT INTO `room_coupons` (`id`, `name`, `code`, `type`, `value`, `start_date`, `end_date`, `serial_number`, `rooms`, `created_at`, `updated_at`) VALUES
(1, 'Eid Offer', 'save30', 'fixed', '30.00', '2022-04-25', '2022-09-24', 1, '[\"32\",\"33\"]', '2022-04-28 00:55:49', '2022-07-02 01:36:35');

-- --------------------------------------------------------

--
-- Table structure for table `room_reviews`
--

CREATE TABLE `room_reviews` (
  `id` bigint(20) UNSIGNED NOT NULL,
  `user_id` bigint(20) UNSIGNED NOT NULL,
  `room_id` bigint(20) UNSIGNED NOT NULL,
  `rating` smallint(5) UNSIGNED NOT NULL,
  `comment` text COLLATE utf8mb4_unicode_ci,
  `created_at` timestamp NULL DEFAULT NULL,
  `updated_at` timestamp NULL DEFAULT NULL
) ENGINE=InnoDB DEFAULT CHARSET=utf8mb4 COLLATE=utf8mb4_unicode_ci;

--
-- Dumping data for table `room_reviews`
--

INSERT INTO `room_reviews` (`id`, `user_id`, `room_id`, `rating`, `comment`, `created_at`, `updated_at`) VALUES
(1, 23, 43, 4, 'Great Service. Will book again', '2021-12-22 02:48:48', '2021-12-22 02:48:48');

-- --------------------------------------------------------

--
-- Table structure for table `section_headings`
--

CREATE TABLE `section_headings` (
  `id` bigint(20) UNSIGNED NOT NULL,
  `language_id` bigint(20) UNSIGNED NOT NULL,
  `room_section_title` varchar(255) COLLATE utf8mb4_unicode_ci DEFAULT NULL,
  `room_section_subtitle` varchar(255) COLLATE utf8mb4_unicode_ci DEFAULT NULL,
  `room_section_text` text COLLATE utf8mb4_unicode_ci,
  `service_section_title` varchar(255) COLLATE utf8mb4_unicode_ci DEFAULT NULL,
  `service_section_subtitle` varchar(255) COLLATE utf8mb4_unicode_ci DEFAULT NULL,
  `booking_section_title` varchar(255) COLLATE utf8mb4_unicode_ci DEFAULT NULL,
  `booking_section_subtitle` varchar(255) COLLATE utf8mb4_unicode_ci DEFAULT NULL,
  `booking_section_button` varchar(255) COLLATE utf8mb4_unicode_ci DEFAULT NULL,
  `booking_section_button_url` varchar(255) COLLATE utf8mb4_unicode_ci DEFAULT NULL,
  `booking_section_video_url` varchar(255) COLLATE utf8mb4_unicode_ci DEFAULT NULL,
  `package_section_title` varchar(255) COLLATE utf8mb4_unicode_ci DEFAULT NULL,
  `package_section_subtitle` varchar(255) COLLATE utf8mb4_unicode_ci DEFAULT NULL,
  `facility_section_title` varchar(255) COLLATE utf8mb4_unicode_ci DEFAULT NULL,
  `facility_section_subtitle` varchar(255) COLLATE utf8mb4_unicode_ci DEFAULT NULL,
  `facility_section_image` varchar(255) COLLATE utf8mb4_unicode_ci DEFAULT NULL,
  `testimonial_section_title` varchar(255) COLLATE utf8mb4_unicode_ci DEFAULT NULL,
  `testimonial_section_subtitle` varchar(255) COLLATE utf8mb4_unicode_ci DEFAULT NULL,
  `testimonial_section_image` varchar(255) COLLATE utf8mb4_unicode_ci DEFAULT NULL,
  `faq_section_title` varchar(255) COLLATE utf8mb4_unicode_ci DEFAULT NULL,
  `faq_section_subtitle` varchar(255) COLLATE utf8mb4_unicode_ci DEFAULT NULL,
  `faq_section_image` varchar(255) COLLATE utf8mb4_unicode_ci DEFAULT NULL,
  `blog_section_title` varchar(255) COLLATE utf8mb4_unicode_ci DEFAULT NULL,
  `blog_section_subtitle` varchar(255) COLLATE utf8mb4_unicode_ci DEFAULT NULL,
  `created_at` timestamp NULL DEFAULT NULL,
  `updated_at` timestamp NULL DEFAULT NULL
) ENGINE=InnoDB DEFAULT CHARSET=utf8mb4 COLLATE=utf8mb4_unicode_ci;

--
-- Dumping data for table `section_headings`
--

INSERT INTO `section_headings` (`id`, `language_id`, `room_section_title`, `room_section_subtitle`, `room_section_text`, `service_section_title`, `service_section_subtitle`, `booking_section_title`, `booking_section_subtitle`, `booking_section_button`, `booking_section_button_url`, `booking_section_video_url`, `package_section_title`, `package_section_subtitle`, `facility_section_title`, `facility_section_subtitle`, `facility_section_image`, `testimonial_section_title`, `testimonial_section_subtitle`, `testimonial_section_image`, `faq_section_title`, `faq_section_subtitle`, `faq_section_image`, `blog_section_title`, `blog_section_subtitle`, `created_at`, `updated_at`) VALUES
(4, 7, 'Featured Rooms', 'Modern Hotel & Room For Luxury Living', 'Ullam corporis suscipit laboriosam nisi ut aliqucoe modi consequatur Quis autem vel eum iure repreh nderitqui in ea voluptate velit esse quam nihil molestiae', 'Our Services', 'We Provide Most Exclusive Hotel & Room Services', 'Looking For Luxury Hotel', 'Book Right Now', 'Book Now', 'http://example.com/', 'https://www.youtube.com/watch?v=4eJ8sJGh5dA', 'Featured Tour Packages', 'Take a Look at Our Awesome Packages', 'Why Choose Us', 'We Care You & We Feel What’s Needs For Good Living', '1623656923.jpg', 'Clients Feedback', 'What Our Satisfied Clients Say About Us', '1623664651.jpg', 'Frequently Asked Questions', 'Since1990 We Provides Professional Service', '1623653751.jpg', 'Latest Blogs', 'Take a Look at Our Awesome Blogs', '2021-06-13 09:20:26', '2021-06-14 04:06:26'),
(5, 8, 'غرف مميزة', 'فندق وغرفة حديثة للعيش الفاخر', 'ولكن من سيتعهد في أي وقت مضى ، ولكن من أجل التخلص من أنماط عواقب أي من الجسد أو قانونه فيه ، متعة لا تحمل أي تبرير مزعج nderitqui', 'خدماتنا', 'نحن نقدم خدمات الفنادق والغرف الأكثر تميزًا', 'البحث عن فندق فاخر', 'احجز الآن', 'احجز الآن', 'http://example.com/', 'https://www.youtube.com/watch?v=4eJ8sJGh5dA', 'حزم جولة مميزة', 'ألق نظرة على حزمنا الرائعة', 'لماذا أخترتنا', 'نحن نهتم بك ونشعر بما تحتاجه لحياة جيدة', '1623657342.jpg', 'ملاحظات العملاء', 'ماذا يقول عملاؤنا الراضون عنا', '1623664996.jpg', 'أسئلة مكررة', 'منذ 1990 نحن نقدم خدمة احترافية', '1623654589.jpg', NULL, NULL, '2021-06-14 01:09:49', '2021-06-14 04:03:16');

-- --------------------------------------------------------

--
-- Table structure for table `seos`
--

CREATE TABLE `seos` (
  `id` bigint(20) UNSIGNED NOT NULL,
  `language_id` bigint(20) UNSIGNED NOT NULL,
  `meta_keyword_home` varchar(255) COLLATE utf8mb4_unicode_ci DEFAULT NULL,
  `meta_description_home` text COLLATE utf8mb4_unicode_ci,
  `meta_keyword_blogs` varchar(255) COLLATE utf8mb4_unicode_ci DEFAULT NULL,
  `meta_description_blogs` text COLLATE utf8mb4_unicode_ci,
  `meta_keyword_contact_us` varchar(255) COLLATE utf8mb4_unicode_ci DEFAULT NULL,
  `meta_description_contact_us` text COLLATE utf8mb4_unicode_ci,
  `meta_keyword_gallery` varchar(255) COLLATE utf8mb4_unicode_ci DEFAULT NULL,
  `meta_description_gallery` text COLLATE utf8mb4_unicode_ci,
  `meta_keyword_rooms` varchar(255) COLLATE utf8mb4_unicode_ci DEFAULT NULL,
  `meta_description_rooms` text COLLATE utf8mb4_unicode_ci,
  `meta_keyword_services` varchar(255) COLLATE utf8mb4_unicode_ci DEFAULT NULL,
  `meta_description_services` text COLLATE utf8mb4_unicode_ci,
  `meta_keyword_packages` varchar(255) COLLATE utf8mb4_unicode_ci DEFAULT NULL,
  `meta_description_packages` text COLLATE utf8mb4_unicode_ci,
  `meta_keyword_error_page` varchar(255) COLLATE utf8mb4_unicode_ci DEFAULT NULL,
  `meta_description_error_page` text COLLATE utf8mb4_unicode_ci,
  `meta_keyword_registration` varchar(255) COLLATE utf8mb4_unicode_ci DEFAULT NULL,
  `meta_description_registration` text COLLATE utf8mb4_unicode_ci,
  `meta_keyword_login` varchar(255) COLLATE utf8mb4_unicode_ci DEFAULT NULL,
  `meta_description_login` text COLLATE utf8mb4_unicode_ci,
  `meta_keyword_forget_password` varchar(255) COLLATE utf8mb4_unicode_ci DEFAULT NULL,
  `meta_description_forget_password` text COLLATE utf8mb4_unicode_ci,
  `created_at` timestamp NULL DEFAULT NULL,
  `updated_at` timestamp NULL DEFAULT NULL,
  `meta_keyword_faq` text COLLATE utf8mb4_unicode_ci,
  `meta_description_faq` text COLLATE utf8mb4_unicode_ci
) ENGINE=InnoDB DEFAULT CHARSET=utf8mb4 COLLATE=utf8mb4_unicode_ci;

-- --------------------------------------------------------

--
-- Table structure for table `services`
--

CREATE TABLE `services` (
  `id` bigint(20) UNSIGNED NOT NULL,
  `service_icon` varchar(255) COLLATE utf8mb4_unicode_ci NOT NULL,
  `details_page_status` tinyint(4) NOT NULL COMMENT '0 - disable, 1 - enable',
  `serial_number` int(11) NOT NULL,
  `is_featured` tinyint(4) NOT NULL DEFAULT '0' COMMENT '0 - will not show in home page, 1 - will show in home page',
  `created_at` timestamp NULL DEFAULT NULL,
  `updated_at` timestamp NULL DEFAULT NULL
) ENGINE=InnoDB DEFAULT CHARSET=utf8mb4 COLLATE=utf8mb4_unicode_ci;

--
-- Dumping data for table `services`
--

INSERT INTO `services` (`id`, `service_icon`, `details_page_status`, `serial_number`, `is_featured`, `created_at`, `updated_at`) VALUES
(7, 'far fa-building', 1, 1, 1, '2021-06-13 09:07:09', '2021-06-13 09:16:23'),
(8, 'far fa-lemon iconpicker-component', 1, 2, 1, '2021-06-13 09:10:12', '2021-06-13 09:17:21'),
(9, 'fas fa-hiking', 1, 3, 1, '2021-06-13 09:11:44', '2021-06-13 09:16:18'),
(10, 'fas fa-headset', 0, 4, 1, '2021-06-13 09:13:31', '2021-06-13 09:16:16'),
(11, 'far fa-calendar-alt', 0, 5, 1, '2021-06-13 09:14:32', '2021-06-13 09:16:14'),
(12, 'fas fa-dumbbell iconpicker-component', 0, 6, 1, '2021-06-13 09:15:50', '2021-06-13 09:16:56');

-- --------------------------------------------------------

--
-- Table structure for table `service_contents`
--

CREATE TABLE `service_contents` (
  `id` bigint(20) UNSIGNED NOT NULL,
  `language_id` bigint(20) UNSIGNED NOT NULL,
  `service_id` bigint(20) UNSIGNED NOT NULL,
  `title` varchar(255) COLLATE utf8mb4_unicode_ci NOT NULL,
  `slug` varchar(255) COLLATE utf8mb4_unicode_ci NOT NULL,
  `summary` text COLLATE utf8mb4_unicode_ci NOT NULL,
  `content` blob,
  `meta_keywords` varchar(255) COLLATE utf8mb4_unicode_ci DEFAULT NULL,
  `meta_description` text COLLATE utf8mb4_unicode_ci,
  `created_at` timestamp NULL DEFAULT NULL,
  `updated_at` timestamp NULL DEFAULT NULL
) ENGINE=InnoDB DEFAULT CHARSET=utf8mb4 COLLATE=utf8mb4_unicode_ci;

--
-- Dumping data for table `service_contents`
--

INSERT INTO `service_contents` (`id`, `language_id`, `service_id`, `title`, `slug`, `summary`, `content`, `meta_keywords`, `meta_description`, `created_at`, `updated_at`) VALUES
(17, 7, 7, 'Rooms & Appartment', 'rooms-&-appartment', 'Great explorer of the truth the ter-blde human happiness one reject', 0x3c70207374796c653d22746578742d616c69676e3a6a7573746966793b666f6e742d66616d696c793a274f70656e2053616e73272c20417269616c2c2073616e732d73657269663b223e436f6e747261727920746f20706f70756c61722062656c6965662c204c6f72656d20497073756d206973206e6f742073696d706c792072616e646f6d20746578742e2049742068617320726f6f747320696e2061207069656365206f6620636c6173736963616c204c6174696e206c6974657261747572652066726f6d2034352042432c206d616b696e67206974206f7665722032303030207965617273206f6c642e2052696368617264204d63436c696e746f636b2c2061204c6174696e2070726f666573736f722061742048616d7064656e2d5379646e657920436f6c6c65676520696e2056697267696e69612c206c6f6f6b6564207570206f6e65206f6620746865206d6f7265206f627363757265204c6174696e20776f7264732c20636f6e73656374657475722c2066726f6d2061204c6f72656d20497073756d20706173736167652c20616e6420676f696e67207468726f75676820746865206369746573206f662074686520776f726420696e20636c6173736963616c206c6974657261747572652c20646973636f76657265642074686520756e646f75627461626c6520736f757263652e204c6f72656d20497073756d20636f6d65732066726f6d2073656374696f6e7320312e31302e333220616e6420312e31302e3333206f66202264652046696e6962757320426f6e6f72756d206574204d616c6f72756d2220285468652045787472656d6573206f6620476f6f6420616e64204576696c292062792043696365726f2c207772697474656e20696e2034352042432e205468697320626f6f6b2069732061207472656174697365206f6e20746865207468656f7279206f66206574686963732c207665727920706f70756c617220647572696e67207468652052656e61697373616e63652e20546865206669727374206c696e65206f66204c6f72656d20497073756d2c20224c6f72656d20697073756d20646f6c6f722073697420616d65742e2e222c20636f6d65732066726f6d2061206c696e6520696e2073656374696f6e20312e31302e33322e3c2f703e, NULL, NULL, '2021-06-13 09:07:09', '2021-06-13 09:07:09'),
(18, 8, 7, 'الغرف والشقق', 'الغرف-والشقق', 'المستكشف العظيم للحقيقة ، السعادة البشرية التي يرفضها المرء', 0x3c703e3c7370616e207374796c653d22666f6e742d66616d696c793a274f70656e2053616e73272c20417269616c2c2073616e732d73657269663b746578742d616c69676e3a6a7573746966793b223ed987d986d8a7d984d98320d8a7d984d8b9d8afd98ad8af20d985d98620d8a7d984d8a3d986d988d8a7d8b920d8a7d984d985d8aad988d981d8b1d8a920d984d986d8b5d988d8b520d984d988d8b1d98ad98520d8a5d98ad8a8d8b3d988d985d88c20d988d984d983d98620d8a7d984d8bad8a7d984d8a8d98ad8a920d8aad98520d8aad8b9d8afd98ad984d987d8a720d8a8d8b4d983d98420d985d8a720d8b9d8a8d8b120d8a5d8afd8aed8a7d98420d8a8d8b9d8b620d8a7d984d986d988d8a7d8afd8b120d8a3d98820d8a7d984d983d984d985d8a7d8aa20d8a7d984d8b9d8b4d988d8a7d8a6d98ad8a920d8a5d984d98920d8a7d984d986d8b52e20d8a5d98620d983d986d8aa20d8aad8b1d98ad8af20d8a3d98620d8aad8b3d8aad8aed8afd98520d986d8b520d984d988d8b1d98ad98520d8a5d98ad8a8d8b3d988d98520d985d8a7d88c20d8b9d984d98ad98320d8a3d98620d8aad8aad8add982d98220d8a3d988d984d8a7d98b20d8a3d98620d984d98ad8b320d987d986d8a7d98320d8a3d98a20d983d984d985d8a7d8aa20d8a3d98820d8b9d8a8d8a7d8b1d8a7d8aa20d985d8add8b1d8acd8a920d8a3d98820d8bad98ad8b120d984d8a7d8a6d982d8a920d985d8aed8a8d8a3d8a920d981d98a20d987d8b0d8a720d8a7d984d986d8b52e20d8a8d98ad986d985d8a720d8aad8b9d985d98420d8acd985d98ad8b920d985d988d984d991d8afd8a7d8aa20d986d8b5d988d8b520d984d988d8b1d98ad98520d8a5d98ad8a8d8b3d988d98520d8b9d984d98920d8a7d984d8a5d986d8aad8b1d986d8aa20d8b9d984d98920d8a5d8b9d8a7d8afd8a920d8aad983d8b1d8a7d8b120d985d982d8a7d8b7d8b920d985d98620d986d8b520d984d988d8b1d98ad98520d8a5d98ad8a8d8b3d988d98520d986d981d8b3d98720d8b9d8afd8a920d985d8b1d8a7d8aa20d8a8d985d8a720d8aad8aad8b7d984d8a8d98720d8a7d984d8add8a7d8acd8a9d88c20d98ad982d988d98520d985d988d984d991d8afd986d8a720d987d8b0d8a720d8a8d8a7d8b3d8aad8aed8afd8a7d98520d983d984d985d8a7d8aa20d985d98620d982d8a7d985d988d8b320d98ad8add988d98a20d8b9d984d98920d8a3d983d8abd8b120d985d9862032303020d983d984d985d8a920d984d8a720d8aad98ad986d98ad8a9d88c20d985d8b6d8a7d98120d8a5d984d98ad987d8a720d985d8acd985d988d8b9d8a920d985d98620d8a7d984d8acd985d98420d8a7d984d986d985d988d8b0d8acd98ad8a9d88c20d984d8aad983d988d98ad98620d986d8b520d984d988d8b1d98ad98520d8a5d98ad8a8d8b3d988d98520d8b0d98820d8b4d983d98420d985d986d8b7d982d98a20d982d8b1d98ad8a820d8a5d984d98920d8a7d984d986d8b520d8a7d984d8add982d98ad982d98a2e20d988d8a8d8a7d984d8aad8a7d984d98a20d98ad983d988d98620d8a7d984d986d8b520d8a7d984d986d8a7d8aad8ad20d8aed8a7d984d98a20d985d98620d8a7d984d8aad983d8b1d8a7d8b1d88c20d8a3d98820d8a3d98a20d983d984d985d8a7d8aa20d8a3d98820d8b9d8a8d8a7d8b1d8a7d8aa20d8bad98ad8b120d984d8a7d8a6d982d8a920d8a3d98820d985d8a720d8b4d8a7d8a8d9872e20d988d987d8b0d8a720d985d8a720d98ad8acd8b9d984d98720d8a3d988d98420d985d988d984d991d8af20d986d8b520d984d988d8b1d98ad98520d8a5d98ad8a8d8b3d988d98520d8add982d98ad982d98a20d8b9d984d98920d8a7d984d8a5d986d8aad8b1d986d8aa2e3c2f7370616e3e3c62723e3c2f703e, NULL, NULL, '2021-06-13 09:07:09', '2021-06-13 09:07:09'),
(19, 7, 8, 'Food & Restaurant', 'food-&-restaurant', 'Great explorer of the truth the ter-blde human happiness one reject', 0x3c703e3c7370616e207374796c653d22666f6e742d66616d696c793a274f70656e2053616e73272c20417269616c2c2073616e732d73657269663b746578742d616c69676e3a6a7573746966793b223e436f6e747261727920746f20706f70756c61722062656c6965662c204c6f72656d20497073756d206973206e6f742073696d706c792072616e646f6d20746578742e2049742068617320726f6f747320696e2061207069656365206f6620636c6173736963616c204c6174696e206c6974657261747572652066726f6d2034352042432c206d616b696e67206974206f7665722032303030207965617273206f6c642e2052696368617264204d63436c696e746f636b2c2061204c6174696e2070726f666573736f722061742048616d7064656e2d5379646e657920436f6c6c65676520696e2056697267696e69612c206c6f6f6b6564207570206f6e65206f6620746865206d6f7265206f627363757265204c6174696e20776f7264732c20636f6e73656374657475722c2066726f6d2061204c6f72656d20497073756d20706173736167652c20616e6420676f696e67207468726f75676820746865206369746573206f662074686520776f726420696e20636c6173736963616c206c6974657261747572652c20646973636f76657265642074686520756e646f75627461626c6520736f757263652e204c6f72656d20497073756d20636f6d65732066726f6d2073656374696f6e7320312e31302e333220616e6420312e31302e3333206f66202264652046696e6962757320426f6e6f72756d206574204d616c6f72756d2220285468652045787472656d6573206f6620476f6f6420616e64204576696c292062792043696365726f2c207772697474656e20696e2034352042432e205468697320626f6f6b2069732061207472656174697365206f6e20746865207468656f7279206f66206574686963732c207665727920706f70756c617220647572696e67207468652052656e61697373616e63652e20546865206669727374206c696e65206f66204c6f72656d20497073756d2c20224c6f72656d20697073756d20646f6c6f722073697420616d65742e2e222c20636f6d65732066726f6d2061206c696e6520696e2073656374696f6e20312e31302e33322e3c2f7370616e3e3c62723e3c2f703e, NULL, NULL, '2021-06-13 09:10:12', '2021-06-13 09:17:21'),
(20, 8, 8, 'طعام ومطعم', 'طعام-ومطعم', 'المستكشف العظيم للحقيقة ، السعادة البشرية التي يرفضها المرء', 0x3c703e3c7370616e207374796c653d22666f6e742d66616d696c793a274f70656e2053616e73272c20417269616c2c2073616e732d73657269663b746578742d616c69676e3a6a7573746966793b223ed987d986d8a7d984d98320d8a7d984d8b9d8afd98ad8af20d985d98620d8a7d984d8a3d986d988d8a7d8b920d8a7d984d985d8aad988d981d8b1d8a920d984d986d8b5d988d8b520d984d988d8b1d98ad98520d8a5d98ad8a8d8b3d988d985d88c20d988d984d983d98620d8a7d984d8bad8a7d984d8a8d98ad8a920d8aad98520d8aad8b9d8afd98ad984d987d8a720d8a8d8b4d983d98420d985d8a720d8b9d8a8d8b120d8a5d8afd8aed8a7d98420d8a8d8b9d8b620d8a7d984d986d988d8a7d8afd8b120d8a3d98820d8a7d984d983d984d985d8a7d8aa20d8a7d984d8b9d8b4d988d8a7d8a6d98ad8a920d8a5d984d98920d8a7d984d986d8b52e20d8a5d98620d983d986d8aa20d8aad8b1d98ad8af20d8a3d98620d8aad8b3d8aad8aed8afd98520d986d8b520d984d988d8b1d98ad98520d8a5d98ad8a8d8b3d988d98520d985d8a7d88c20d8b9d984d98ad98320d8a3d98620d8aad8aad8add982d98220d8a3d988d984d8a7d98b20d8a3d98620d984d98ad8b320d987d986d8a7d98320d8a3d98a20d983d984d985d8a7d8aa20d8a3d98820d8b9d8a8d8a7d8b1d8a7d8aa20d985d8add8b1d8acd8a920d8a3d98820d8bad98ad8b120d984d8a7d8a6d982d8a920d985d8aed8a8d8a3d8a920d981d98a20d987d8b0d8a720d8a7d984d986d8b52e20d8a8d98ad986d985d8a720d8aad8b9d985d98420d8acd985d98ad8b920d985d988d984d991d8afd8a7d8aa20d986d8b5d988d8b520d984d988d8b1d98ad98520d8a5d98ad8a8d8b3d988d98520d8b9d984d98920d8a7d984d8a5d986d8aad8b1d986d8aa20d8b9d984d98920d8a5d8b9d8a7d8afd8a920d8aad983d8b1d8a7d8b120d985d982d8a7d8b7d8b920d985d98620d986d8b520d984d988d8b1d98ad98520d8a5d98ad8a8d8b3d988d98520d986d981d8b3d98720d8b9d8afd8a920d985d8b1d8a7d8aa20d8a8d985d8a720d8aad8aad8b7d984d8a8d98720d8a7d984d8add8a7d8acd8a9d88c20d98ad982d988d98520d985d988d984d991d8afd986d8a720d987d8b0d8a720d8a8d8a7d8b3d8aad8aed8afd8a7d98520d983d984d985d8a7d8aa20d985d98620d982d8a7d985d988d8b320d98ad8add988d98a20d8b9d984d98920d8a3d983d8abd8b120d985d9862032303020d983d984d985d8a920d984d8a720d8aad98ad986d98ad8a9d88c20d985d8b6d8a7d98120d8a5d984d98ad987d8a720d985d8acd985d988d8b9d8a920d985d98620d8a7d984d8acd985d98420d8a7d984d986d985d988d8b0d8acd98ad8a9d88c20d984d8aad983d988d98ad98620d986d8b520d984d988d8b1d98ad98520d8a5d98ad8a8d8b3d988d98520d8b0d98820d8b4d983d98420d985d986d8b7d982d98a20d982d8b1d98ad8a820d8a5d984d98920d8a7d984d986d8b520d8a7d984d8add982d98ad982d98a2e20d988d8a8d8a7d984d8aad8a7d984d98a20d98ad983d988d98620d8a7d984d986d8b520d8a7d984d986d8a7d8aad8ad20d8aed8a7d984d98a20d985d98620d8a7d984d8aad983d8b1d8a7d8b1d88c20d8a3d98820d8a3d98a20d983d984d985d8a7d8aa20d8a3d98820d8b9d8a8d8a7d8b1d8a7d8aa20d8bad98ad8b120d984d8a7d8a6d982d8a920d8a3d98820d985d8a720d8b4d8a7d8a8d9872e20d988d987d8b0d8a720d985d8a720d98ad8acd8b9d984d98720d8a3d988d98420d985d988d984d991d8af20d986d8b520d984d988d8b1d98ad98520d8a5d98ad8a8d8b3d988d98520d8add982d98ad982d98a20d8b9d984d98920d8a7d984d8a5d986d8aad8b1d986d8aa2e3c2f7370616e3e3c62723e3c2f703e, NULL, NULL, '2021-06-13 09:10:12', '2021-06-13 09:17:21'),
(21, 7, 9, 'Spa & Fitness', 'spa-&-fitness', 'Great explorer of the truth the ter-blde human happiness one reject', 0x3c70207374796c653d22746578742d616c69676e3a6a7573746966793b666f6e742d66616d696c793a274f70656e2053616e73272c20417269616c2c2073616e732d73657269663b223e436f6e747261727920746f20706f70756c61722062656c6965662c204c6f72656d20497073756d206973206e6f742073696d706c792072616e646f6d20746578742e2049742068617320726f6f747320696e2061207069656365206f6620636c6173736963616c204c6174696e206c6974657261747572652066726f6d2034352042432c206d616b696e67206974206f7665722032303030207965617273206f6c642e2052696368617264204d63436c696e746f636b2c2061204c6174696e2070726f666573736f722061742048616d7064656e2d5379646e657920436f6c6c65676520696e2056697267696e69612c206c6f6f6b6564207570206f6e65206f6620746865206d6f7265206f627363757265204c6174696e20776f7264732c20636f6e73656374657475722c2066726f6d2061204c6f72656d20497073756d20706173736167652c20616e6420676f696e67207468726f75676820746865206369746573206f662074686520776f726420696e20636c6173736963616c206c6974657261747572652c20646973636f76657265642074686520756e646f75627461626c6520736f757263652e204c6f72656d20497073756d20636f6d65732066726f6d2073656374696f6e7320312e31302e333220616e6420312e31302e3333206f66202264652046696e6962757320426f6e6f72756d206574204d616c6f72756d2220285468652045787472656d6573206f6620476f6f6420616e64204576696c292062792043696365726f2c207772697474656e20696e2034352042432e205468697320626f6f6b2069732061207472656174697365206f6e20746865207468656f7279206f66206574686963732c207665727920706f70756c617220647572696e67207468652052656e61697373616e63652e20546865206669727374206c696e65206f66204c6f72656d20497073756d2c20224c6f72656d20697073756d20646f6c6f722073697420616d65742e2e222c20636f6d65732066726f6d2061206c696e6520696e2073656374696f6e20312e31302e33322e3c2f703e, NULL, NULL, '2021-06-13 09:11:44', '2021-06-13 09:11:44'),
(22, 8, 9, 'سبا ولياقة بدنية', 'سبا-ولياقة-بدنية', 'المستكشف العظيم للحقيقة ، السعادة البشرية التي يرفضها المرء', 0x3c703e3c7370616e207374796c653d22666f6e742d66616d696c793a274f70656e2053616e73272c20417269616c2c2073616e732d73657269663b746578742d616c69676e3a6a7573746966793b223ed987d986d8a7d984d98320d8a7d984d8b9d8afd98ad8af20d985d98620d8a7d984d8a3d986d988d8a7d8b920d8a7d984d985d8aad988d981d8b1d8a920d984d986d8b5d988d8b520d984d988d8b1d98ad98520d8a5d98ad8a8d8b3d988d985d88c20d988d984d983d98620d8a7d984d8bad8a7d984d8a8d98ad8a920d8aad98520d8aad8b9d8afd98ad984d987d8a720d8a8d8b4d983d98420d985d8a720d8b9d8a8d8b120d8a5d8afd8aed8a7d98420d8a8d8b9d8b620d8a7d984d986d988d8a7d8afd8b120d8a3d98820d8a7d984d983d984d985d8a7d8aa20d8a7d984d8b9d8b4d988d8a7d8a6d98ad8a920d8a5d984d98920d8a7d984d986d8b52e20d8a5d98620d983d986d8aa20d8aad8b1d98ad8af20d8a3d98620d8aad8b3d8aad8aed8afd98520d986d8b520d984d988d8b1d98ad98520d8a5d98ad8a8d8b3d988d98520d985d8a7d88c20d8b9d984d98ad98320d8a3d98620d8aad8aad8add982d98220d8a3d988d984d8a7d98b20d8a3d98620d984d98ad8b320d987d986d8a7d98320d8a3d98a20d983d984d985d8a7d8aa20d8a3d98820d8b9d8a8d8a7d8b1d8a7d8aa20d985d8add8b1d8acd8a920d8a3d98820d8bad98ad8b120d984d8a7d8a6d982d8a920d985d8aed8a8d8a3d8a920d981d98a20d987d8b0d8a720d8a7d984d986d8b52e20d8a8d98ad986d985d8a720d8aad8b9d985d98420d8acd985d98ad8b920d985d988d984d991d8afd8a7d8aa20d986d8b5d988d8b520d984d988d8b1d98ad98520d8a5d98ad8a8d8b3d988d98520d8b9d984d98920d8a7d984d8a5d986d8aad8b1d986d8aa20d8b9d984d98920d8a5d8b9d8a7d8afd8a920d8aad983d8b1d8a7d8b120d985d982d8a7d8b7d8b920d985d98620d986d8b520d984d988d8b1d98ad98520d8a5d98ad8a8d8b3d988d98520d986d981d8b3d98720d8b9d8afd8a920d985d8b1d8a7d8aa20d8a8d985d8a720d8aad8aad8b7d984d8a8d98720d8a7d984d8add8a7d8acd8a9d88c20d98ad982d988d98520d985d988d984d991d8afd986d8a720d987d8b0d8a720d8a8d8a7d8b3d8aad8aed8afd8a7d98520d983d984d985d8a7d8aa20d985d98620d982d8a7d985d988d8b320d98ad8add988d98a20d8b9d984d98920d8a3d983d8abd8b120d985d9862032303020d983d984d985d8a920d984d8a720d8aad98ad986d98ad8a9d88c20d985d8b6d8a7d98120d8a5d984d98ad987d8a720d985d8acd985d988d8b9d8a920d985d98620d8a7d984d8acd985d98420d8a7d984d986d985d988d8b0d8acd98ad8a9d88c20d984d8aad983d988d98ad98620d986d8b520d984d988d8b1d98ad98520d8a5d98ad8a8d8b3d988d98520d8b0d98820d8b4d983d98420d985d986d8b7d982d98a20d982d8b1d98ad8a820d8a5d984d98920d8a7d984d986d8b520d8a7d984d8add982d98ad982d98a2e20d988d8a8d8a7d984d8aad8a7d984d98a20d98ad983d988d98620d8a7d984d986d8b520d8a7d984d986d8a7d8aad8ad20d8aed8a7d984d98a20d985d98620d8a7d984d8aad983d8b1d8a7d8b1d88c20d8a3d98820d8a3d98a20d983d984d985d8a7d8aa20d8a3d98820d8b9d8a8d8a7d8b1d8a7d8aa20d8bad98ad8b120d984d8a7d8a6d982d8a920d8a3d98820d985d8a720d8b4d8a7d8a8d9872e20d988d987d8b0d8a720d985d8a720d98ad8acd8b9d984d98720d8a3d988d98420d985d988d984d991d8af20d986d8b520d984d988d8b1d98ad98520d8a5d98ad8a8d8b3d988d98520d8add982d98ad982d98a20d8b9d984d98920d8a7d984d8a5d986d8aad8b1d986d8aa2e3c2f7370616e3e3c62723e3c2f703e, NULL, NULL, '2021-06-13 09:11:44', '2021-06-13 09:11:44'),
(23, 7, 10, 'Sports & Gaming', 'sports-&-gaming', 'Great explorer of the truth the ter-blde human happiness one reject', '', NULL, NULL, '2021-06-13 09:13:31', '2021-06-13 09:13:31'),
(24, 8, 10, 'رياضة وألعاب', 'رياضة-وألعاب', 'المستكشف العظيم للحقيقة ، السعادة البشرية التي يرفضها المرء', '', NULL, NULL, '2021-06-13 09:13:31', '2021-06-13 09:13:31'),
(25, 7, 11, 'Event & Party', 'event-&-party', 'Great explorer of the truth the ter-blde human happiness one reject', '', NULL, NULL, '2021-06-13 09:14:32', '2021-06-13 09:14:32'),
(26, 8, 11, 'حدث وحفل', 'حدث-وحفل', 'المستكشف العظيم للحقيقة ، السعادة البشرية التي يرفضها المرء', '', NULL, NULL, '2021-06-13 09:14:32', '2021-06-13 09:14:32'),
(27, 7, 12, 'GYM & Yoga', 'gym-&-yoga', 'Great explorer of the truth the ter-blde human happiness one reject', '', NULL, NULL, '2021-06-13 09:15:50', '2021-06-13 09:16:56'),
(28, 8, 12, 'رياضة ويوجا', 'رياضة-ويوجا', 'المستكشف العظيم للحقيقة ، السعادة البشرية التي يرفضها المرء', '', NULL, NULL, '2021-06-13 09:15:50', '2021-06-13 09:16:56');

-- --------------------------------------------------------

--
-- Table structure for table `sitemaps`
--

CREATE TABLE `sitemaps` (
  `id` bigint(20) UNSIGNED NOT NULL,
  `sitemap_url` varchar(255) COLLATE utf8mb4_unicode_ci DEFAULT NULL,
  `filename` varchar(255) COLLATE utf8mb4_unicode_ci DEFAULT NULL,
  `created_at` timestamp NULL DEFAULT NULL,
  `updated_at` timestamp NULL DEFAULT NULL
) ENGINE=InnoDB DEFAULT CHARSET=utf8mb4 COLLATE=utf8mb4_unicode_ci;

-- --------------------------------------------------------

--
-- Table structure for table `social_links`
--

CREATE TABLE `social_links` (
  `id` bigint(20) UNSIGNED NOT NULL,
  `icon` varchar(255) COLLATE utf8mb4_unicode_ci NOT NULL,
  `url` varchar(255) COLLATE utf8mb4_unicode_ci NOT NULL,
  `serial_number` int(11) NOT NULL,
  `created_at` timestamp NULL DEFAULT NULL,
  `updated_at` timestamp NULL DEFAULT NULL
) ENGINE=InnoDB DEFAULT CHARSET=utf8mb4 COLLATE=utf8mb4_unicode_ci;

--
-- Dumping data for table `social_links`
--

INSERT INTO `social_links` (`id`, `icon`, `url`, `serial_number`, `created_at`, `updated_at`) VALUES
(1, 'fab fa-facebook-f', 'https://www.facebook.com', 1, '2021-04-12 07:15:06', '2021-04-12 07:15:06'),
(2, 'fab fa-google', 'https://www.google.com', 2, '2021-04-12 07:16:01', '2021-04-12 07:16:01'),
(3, 'fab fa-instagram', 'https://www.instagram.com', 3, '2021-04-12 07:16:44', '2021-04-12 07:16:44'),
(4, 'fab fa-twitter', 'https://www.twitter.com', 4, '2021-04-12 07:17:19', '2021-04-12 07:17:19');

-- --------------------------------------------------------

--
-- Table structure for table `subscribers`
--

CREATE TABLE `subscribers` (
  `id` int(11) NOT NULL,
  `email` varchar(255) DEFAULT NULL
) ENGINE=InnoDB DEFAULT CHARSET=utf8mb4;

-- --------------------------------------------------------

--
-- Table structure for table `testimonials`
--

CREATE TABLE `testimonials` (
  `id` bigint(20) UNSIGNED NOT NULL,
  `language_id` bigint(20) UNSIGNED NOT NULL,
  `client_image` varchar(255) COLLATE utf8mb4_unicode_ci DEFAULT NULL,
  `client_name` varchar(255) COLLATE utf8mb4_unicode_ci NOT NULL,
  `client_designation` varchar(255) COLLATE utf8mb4_unicode_ci DEFAULT NULL,
  `comment` text COLLATE utf8mb4_unicode_ci NOT NULL,
  `serial_number` int(11) NOT NULL,
  `created_at` timestamp NULL DEFAULT NULL,
  `updated_at` timestamp NULL DEFAULT NULL
) ENGINE=InnoDB DEFAULT CHARSET=utf8mb4 COLLATE=utf8mb4_unicode_ci;

--
-- Dumping data for table `testimonials`
--

INSERT INTO `testimonials` (`id`, `language_id`, `client_image`, `client_name`, `client_designation`, `comment`, `serial_number`, `created_at`, `updated_at`) VALUES
(24, 7, '1623664784.jpg', 'James M. Varney', 'Managing Director, Summly', 'Omnis voluptas assumde est omnis dolor reporibus autem quidam et aut ciise debitiset arerum neces tibus saep on ways feels like ways.', 1, '2021-06-14 02:00:35', '2021-06-14 03:59:44'),
(25, 7, '1623664805.jpg', 'David K. Vinson', 'CEO, Madchef', 'At vero eos et accusamu way set iusto odio dignis ducimus qui bpraes enum voluptatum deleniti atque corrupti quos dolores others worlds.', 2, '2021-06-14 02:01:16', '2021-06-14 04:00:05'),
(26, 7, '1623664825.jpg', 'James M. Varney', 'Researcher, MIT', 'Omnis voluptas assumde est omnis dolor reporibus autem quidam et aut ciise debitiset arerum neces tibus saep on ways feels like ways.', 3, '2021-06-14 02:01:44', '2021-06-14 04:00:25'),
(27, 8, '1623665064.jpg', 'جيمس م. فارني', 'العضو المنتدب ، Summly', 'يفترض Omnis voluptas أن هناك مجموعة شاملة من الأدوات والآليات المتعلقة بالطرق التي تبدو وكأنها طرق.', 1, '2021-06-14 02:02:54', '2021-06-14 04:04:24'),
(28, 8, '1623665091.jpg', 'جيمس م. فارني', 'الرئيس التنفيذي ، Madchef', 'يفترض Omnis voluptas أن هناك مجموعة شاملة من الأدوات والآليات المتعلقة بالطرق التي تبدو وكأنها طرق.', 1, '2021-06-14 02:02:54', '2021-06-14 04:04:51'),
(29, 8, '1623665134.jpg', 'جيمس م. فارني', 'باحث ، معهد ماساتشوستس للتكنولوجيا', 'يفترض Omnis voluptas أن هناك مجموعة شاملة من الأدوات والآليات المتعلقة بالطرق التي تبدو وكأنها طرق.', 1, '2021-06-14 02:02:54', '2021-06-14 04:05:34');

-- --------------------------------------------------------

--
-- Table structure for table `users`
--

CREATE TABLE `users` (
  `id` bigint(20) UNSIGNED NOT NULL,
  `first_name` varchar(255) COLLATE utf8mb4_unicode_ci DEFAULT NULL,
  `last_name` varchar(255) COLLATE utf8mb4_unicode_ci DEFAULT NULL,
  `image` varchar(255) COLLATE utf8mb4_unicode_ci DEFAULT NULL,
  `username` varchar(255) COLLATE utf8mb4_unicode_ci DEFAULT NULL,
  `email` varchar(255) COLLATE utf8mb4_unicode_ci NOT NULL,
  `email_verified` tinyint(4) NOT NULL DEFAULT '0' COMMENT '0 - unverified, 1 - verified',
  `email_verified_at` timestamp NULL DEFAULT NULL,
  `password` varchar(255) COLLATE utf8mb4_unicode_ci DEFAULT NULL,
  `password_code` varchar(255) COLLATE utf8mb4_unicode_ci DEFAULT NULL,
  `contact_number` varchar(255) COLLATE utf8mb4_unicode_ci DEFAULT NULL,
  `address` varchar(255) COLLATE utf8mb4_unicode_ci DEFAULT NULL,
  `city` varchar(255) COLLATE utf8mb4_unicode_ci DEFAULT NULL,
  `state` varchar(255) COLLATE utf8mb4_unicode_ci DEFAULT NULL,
  `country` varchar(255) COLLATE utf8mb4_unicode_ci DEFAULT NULL,
  `status` tinyint(4) NOT NULL DEFAULT '1' COMMENT '1 - active, 0 - banned',
  `verification_token` varchar(255) COLLATE utf8mb4_unicode_ci DEFAULT NULL,
  `remember_token` varchar(100) COLLATE utf8mb4_unicode_ci DEFAULT NULL,
  `created_at` timestamp NULL DEFAULT NULL,
  `updated_at` timestamp NULL DEFAULT NULL,
  `provider` varchar(255) COLLATE utf8mb4_unicode_ci DEFAULT NULL,
  `provider_id` varchar(255) COLLATE utf8mb4_unicode_ci DEFAULT NULL
) ENGINE=InnoDB DEFAULT CHARSET=utf8mb4 COLLATE=utf8mb4_unicode_ci;

--
-- Dumping data for table `users`
--

INSERT INTO `users` (`id`, `first_name`, `last_name`, `image`, `username`, `email`, `email_verified`, `email_verified_at`, `password`, `password_code`, `contact_number`, `address`, `city`, `state`, `country`, `status`, `verification_token`, `remember_token`, `created_at`, `updated_at`, `provider`, `provider_id`) VALUES
(23, 'Md. Sadid Hasan', 'Rakib', NULL, 'genius', 'geniustest11@gmail.com', 1, '2021-12-21 03:38:39', '$2a$12$wa2XNWTxH4tGzDxnatMWwOFNhchQn0Jd53A/SCgptEUTdAzvEyDcm', NULL, '01686321356', 'Mirpur 12, Pallabi', 'Dhaka', 'None', 'Bangladesh', 1, 'c30f4cbb55d99081a885a27811a92e77', NULL, '2021-12-21 03:38:25', '2022-07-02 10:02:58', NULL, NULL);

--
-- Indexes for dumped tables
--

--
-- Indexes for table `admins`
--
ALTER TABLE `admins`
  ADD PRIMARY KEY (`id`),
  ADD UNIQUE KEY `admins_username_unique` (`username`),
  ADD UNIQUE KEY `admins_email_unique` (`email`);

--
-- Indexes for table `basic_settings`
--
ALTER TABLE `basic_settings`
  ADD PRIMARY KEY (`id`);

--
-- Indexes for table `blogs`
--
ALTER TABLE `blogs`
  ADD PRIMARY KEY (`id`);

--
-- Indexes for table `blog_categories`
--
ALTER TABLE `blog_categories`
  ADD PRIMARY KEY (`id`),
  ADD KEY `blog_categories_language_id_foreign` (`language_id`);

--
-- Indexes for table `blog_contents`
--
ALTER TABLE `blog_contents`
  ADD PRIMARY KEY (`id`),
  ADD KEY `blog_contents_language_id_foreign` (`language_id`),
  ADD KEY `blog_contents_blog_category_id_foreign` (`blog_category_id`),
  ADD KEY `blog_contents_blog_id_foreign` (`blog_id`);

--
-- Indexes for table `brands`
--
ALTER TABLE `brands`
  ADD PRIMARY KEY (`id`),
  ADD KEY `brands_language_id_foreign` (`language_id`);

--
-- Indexes for table `cookie_alerts`
--
ALTER TABLE `cookie_alerts`
  ADD PRIMARY KEY (`id`),
  ADD KEY `cookie_alerts_language_id_foreign` (`language_id`);

--
-- Indexes for table `facilities`
--
ALTER TABLE `facilities`
  ADD PRIMARY KEY (`id`),
  ADD KEY `facilities_language_id_foreign` (`language_id`);

--
-- Indexes for table `faqs`
--
ALTER TABLE `faqs`
  ADD PRIMARY KEY (`id`),
  ADD KEY `faqs_language_id_foreign` (`language_id`);

--
-- Indexes for table `footer_quick_links`
--
ALTER TABLE `footer_quick_links`
  ADD PRIMARY KEY (`id`),
  ADD KEY `footer_quick_links_language_id_foreign` (`language_id`);

--
-- Indexes for table `footer_texts`
--
ALTER TABLE `footer_texts`
  ADD PRIMARY KEY (`id`),
  ADD KEY `footer_texts_language_id_foreign` (`language_id`);

--
-- Indexes for table `gallery_categories`
--
ALTER TABLE `gallery_categories`
  ADD PRIMARY KEY (`id`),
  ADD KEY `gallery_categories_language_id_foreign` (`language_id`);

--
-- Indexes for table `gallery_images`
--
ALTER TABLE `gallery_images`
  ADD PRIMARY KEY (`id`),
  ADD KEY `gallery_images_language_id_foreign` (`language_id`),
  ADD KEY `gallery_images_gallery_category_id_foreign` (`gallery_category_id`);

--
-- Indexes for table `guests`
--
ALTER TABLE `guests`
  ADD PRIMARY KEY (`id`);

--
-- Indexes for table `hero_sliders`
--
ALTER TABLE `hero_sliders`
  ADD PRIMARY KEY (`id`),
  ADD KEY `hero_sliders_language_id_foreign` (`language_id`);

--
-- Indexes for table `hero_statics`
--
ALTER TABLE `hero_statics`
  ADD PRIMARY KEY (`id`),
  ADD KEY `hero_statics_language_id_foreign` (`language_id`);

--
-- Indexes for table `home_sections`
--
ALTER TABLE `home_sections`
  ADD PRIMARY KEY (`id`);

--
-- Indexes for table `intro_count_infos`
--
ALTER TABLE `intro_count_infos`
  ADD PRIMARY KEY (`id`),
  ADD KEY `intro_count_infos_language_id_foreign` (`language_id`);

--
-- Indexes for table `intro_sections`
--
ALTER TABLE `intro_sections`
  ADD PRIMARY KEY (`id`),
  ADD KEY `intro_sections_language_id_foreign` (`language_id`);

--
-- Indexes for table `languages`
--
ALTER TABLE `languages`
  ADD PRIMARY KEY (`id`);

--
-- Indexes for table `mail_templates`
--
ALTER TABLE `mail_templates`
  ADD PRIMARY KEY (`id`);

--
-- Indexes for table `menus`
--
ALTER TABLE `menus`
  ADD PRIMARY KEY (`id`);

--
-- Indexes for table `migrations`
--
ALTER TABLE `migrations`
  ADD PRIMARY KEY (`id`);

--
-- Indexes for table `offline_gateways`
--
ALTER TABLE `offline_gateways`
  ADD PRIMARY KEY (`id`);

--
-- Indexes for table `online_gateways`
--
ALTER TABLE `online_gateways`
  ADD PRIMARY KEY (`id`);

--
-- Indexes for table `packages`
--
ALTER TABLE `packages`
  ADD PRIMARY KEY (`id`);

--
-- Indexes for table `package_bookings`
--
ALTER TABLE `package_bookings`
  ADD PRIMARY KEY (`id`),
  ADD KEY `package_bookings_package_id_foreign` (`package_id`),
  ADD KEY `package_bookings_user_id_foreign` (`user_id`);

--
-- Indexes for table `package_categories`
--
ALTER TABLE `package_categories`
  ADD PRIMARY KEY (`id`),
  ADD KEY `package_categories_language_id_foreign` (`language_id`);

--
-- Indexes for table `package_contents`
--
ALTER TABLE `package_contents`
  ADD PRIMARY KEY (`id`),
  ADD KEY `package_contents_language_id_foreign` (`language_id`),
  ADD KEY `package_contents_package_category_id_foreign` (`package_category_id`),
  ADD KEY `package_contents_package_id_foreign` (`package_id`);

--
-- Indexes for table `package_coupons`
--
ALTER TABLE `package_coupons`
  ADD PRIMARY KEY (`id`);

--
-- Indexes for table `package_locations`
--
ALTER TABLE `package_locations`
  ADD PRIMARY KEY (`id`),
  ADD KEY `package_locations_language_id_foreign` (`language_id`),
  ADD KEY `package_locations_package_id_foreign` (`package_id`);

--
-- Indexes for table `package_plans`
--
ALTER TABLE `package_plans`
  ADD PRIMARY KEY (`id`),
  ADD KEY `package_plans_language_id_foreign` (`language_id`),
  ADD KEY `package_plans_package_id_foreign` (`package_id`);

--
-- Indexes for table `package_reviews`
--
ALTER TABLE `package_reviews`
  ADD PRIMARY KEY (`id`),
  ADD KEY `package_reviews_package_id_foreign` (`package_id`),
  ADD KEY `package_reviews_user_id_foreign` (`user_id`);

--
-- Indexes for table `pages`
--
ALTER TABLE `pages`
  ADD PRIMARY KEY (`id`);

--
-- Indexes for table `page_contents`
--
ALTER TABLE `page_contents`
  ADD PRIMARY KEY (`id`);

--
-- Indexes for table `page_headings`
--
ALTER TABLE `page_headings`
  ADD PRIMARY KEY (`id`),
  ADD KEY `page_headings_language_id_foreign` (`language_id`);

--
-- Indexes for table `popups`
--
ALTER TABLE `popups`
  ADD PRIMARY KEY (`id`),
  ADD KEY `popups_language_id_foreign` (`language_id`);

--
-- Indexes for table `push_subscriptions`
--
ALTER TABLE `push_subscriptions`
  ADD PRIMARY KEY (`id`),
  ADD UNIQUE KEY `push_subscriptions_endpoint_unique` (`endpoint`),
  ADD KEY `push_subscriptions_subscribable_type_subscribable_id_index` (`subscribable_type`,`subscribable_id`);

--
-- Indexes for table `qr_codes`
--
ALTER TABLE `qr_codes`
  ADD PRIMARY KEY (`id`);

--
-- Indexes for table `roles`
--
ALTER TABLE `roles`
  ADD PRIMARY KEY (`id`);

--
-- Indexes for table `rooms`
--
ALTER TABLE `rooms`
  ADD PRIMARY KEY (`id`);

--
-- Indexes for table `room_amenities`
--
ALTER TABLE `room_amenities`
  ADD PRIMARY KEY (`id`),
  ADD KEY `room_amenities_language_id_foreign` (`language_id`);

--
-- Indexes for table `room_bookings`
--
ALTER TABLE `room_bookings`
  ADD PRIMARY KEY (`id`),
  ADD KEY `room_bookings_room_id_foreign` (`room_id`),
  ADD KEY `room_bookings_user_id_foreign` (`user_id`);

--
-- Indexes for table `room_categories`
--
ALTER TABLE `room_categories`
  ADD PRIMARY KEY (`id`),
  ADD KEY `room_categories_language_id_foreign` (`language_id`);

--
-- Indexes for table `room_contents`
--
ALTER TABLE `room_contents`
  ADD PRIMARY KEY (`id`),
  ADD KEY `room_contents_language_id_foreign` (`language_id`),
  ADD KEY `room_contents_room_category_id_foreign` (`room_category_id`),
  ADD KEY `room_contents_room_id_foreign` (`room_id`);

--
-- Indexes for table `room_coupons`
--
ALTER TABLE `room_coupons`
  ADD PRIMARY KEY (`id`);

--
-- Indexes for table `room_reviews`
--
ALTER TABLE `room_reviews`
  ADD PRIMARY KEY (`id`),
  ADD KEY `room_reviews_room_id_foreign` (`room_id`),
  ADD KEY `room_reviews_user_id_foreign` (`user_id`);

--
-- Indexes for table `section_headings`
--
ALTER TABLE `section_headings`
  ADD PRIMARY KEY (`id`),
  ADD KEY `section_headings_language_id_foreign` (`language_id`);

--
-- Indexes for table `seos`
--
ALTER TABLE `seos`
  ADD PRIMARY KEY (`id`),
  ADD KEY `seos_language_id_foreign` (`language_id`);

--
-- Indexes for table `services`
--
ALTER TABLE `services`
  ADD PRIMARY KEY (`id`);

--
-- Indexes for table `service_contents`
--
ALTER TABLE `service_contents`
  ADD PRIMARY KEY (`id`),
  ADD KEY `service_contents_language_id_foreign` (`language_id`),
  ADD KEY `service_contents_service_id_foreign` (`service_id`);

--
-- Indexes for table `sitemaps`
--
ALTER TABLE `sitemaps`
  ADD PRIMARY KEY (`id`);

--
-- Indexes for table `social_links`
--
ALTER TABLE `social_links`
  ADD PRIMARY KEY (`id`);

--
-- Indexes for table `subscribers`
--
ALTER TABLE `subscribers`
  ADD PRIMARY KEY (`id`);

--
-- Indexes for table `testimonials`
--
ALTER TABLE `testimonials`
  ADD PRIMARY KEY (`id`),
  ADD KEY `testimonials_language_id_foreign` (`language_id`);

--
-- Indexes for table `users`
--
ALTER TABLE `users`
  ADD PRIMARY KEY (`id`),
  ADD UNIQUE KEY `users_email_unique` (`email`),
  ADD UNIQUE KEY `users_username_unique` (`username`);

--
-- AUTO_INCREMENT for dumped tables
--

--
-- AUTO_INCREMENT for table `admins`
--
ALTER TABLE `admins`
  MODIFY `id` bigint(20) UNSIGNED NOT NULL AUTO_INCREMENT, AUTO_INCREMENT=2;

--
-- AUTO_INCREMENT for table `basic_settings`
--
ALTER TABLE `basic_settings`
  MODIFY `id` bigint(20) UNSIGNED NOT NULL AUTO_INCREMENT, AUTO_INCREMENT=2;

--
-- AUTO_INCREMENT for table `blogs`
--
ALTER TABLE `blogs`
  MODIFY `id` bigint(20) UNSIGNED NOT NULL AUTO_INCREMENT, AUTO_INCREMENT=17;

--
-- AUTO_INCREMENT for table `blog_categories`
--
ALTER TABLE `blog_categories`
  MODIFY `id` bigint(20) UNSIGNED NOT NULL AUTO_INCREMENT, AUTO_INCREMENT=15;

--
-- AUTO_INCREMENT for table `blog_contents`
--
ALTER TABLE `blog_contents`
  MODIFY `id` bigint(20) UNSIGNED NOT NULL AUTO_INCREMENT, AUTO_INCREMENT=35;

--
-- AUTO_INCREMENT for table `brands`
--
ALTER TABLE `brands`
  MODIFY `id` bigint(20) UNSIGNED NOT NULL AUTO_INCREMENT, AUTO_INCREMENT=40;

--
-- AUTO_INCREMENT for table `cookie_alerts`
--
ALTER TABLE `cookie_alerts`
  MODIFY `id` bigint(20) UNSIGNED NOT NULL AUTO_INCREMENT;

--
-- AUTO_INCREMENT for table `facilities`
--
ALTER TABLE `facilities`
  MODIFY `id` bigint(20) UNSIGNED NOT NULL AUTO_INCREMENT, AUTO_INCREMENT=14;

--
-- AUTO_INCREMENT for table `faqs`
--
ALTER TABLE `faqs`
  MODIFY `id` bigint(20) UNSIGNED NOT NULL AUTO_INCREMENT, AUTO_INCREMENT=19;

--
-- AUTO_INCREMENT for table `footer_quick_links`
--
ALTER TABLE `footer_quick_links`
  MODIFY `id` bigint(20) UNSIGNED NOT NULL AUTO_INCREMENT, AUTO_INCREMENT=18;

--
-- AUTO_INCREMENT for table `footer_texts`
--
ALTER TABLE `footer_texts`
  MODIFY `id` bigint(20) UNSIGNED NOT NULL AUTO_INCREMENT, AUTO_INCREMENT=4;

--
-- AUTO_INCREMENT for table `gallery_categories`
--
ALTER TABLE `gallery_categories`
  MODIFY `id` bigint(20) UNSIGNED NOT NULL AUTO_INCREMENT;

--
-- AUTO_INCREMENT for table `gallery_images`
--
ALTER TABLE `gallery_images`
  MODIFY `id` bigint(20) UNSIGNED NOT NULL AUTO_INCREMENT;

--
-- AUTO_INCREMENT for table `guests`
--
ALTER TABLE `guests`
  MODIFY `id` bigint(20) UNSIGNED NOT NULL AUTO_INCREMENT, AUTO_INCREMENT=9;

--
-- AUTO_INCREMENT for table `hero_sliders`
--
ALTER TABLE `hero_sliders`
  MODIFY `id` bigint(20) UNSIGNED NOT NULL AUTO_INCREMENT, AUTO_INCREMENT=24;

--
-- AUTO_INCREMENT for table `hero_statics`
--
ALTER TABLE `hero_statics`
  MODIFY `id` bigint(20) UNSIGNED NOT NULL AUTO_INCREMENT, AUTO_INCREMENT=6;

--
-- AUTO_INCREMENT for table `home_sections`
--
ALTER TABLE `home_sections`
  MODIFY `id` int(11) NOT NULL AUTO_INCREMENT, AUTO_INCREMENT=2;

--
-- AUTO_INCREMENT for table `intro_count_infos`
--
ALTER TABLE `intro_count_infos`
  MODIFY `id` bigint(20) UNSIGNED NOT NULL AUTO_INCREMENT, AUTO_INCREMENT=18;

--
-- AUTO_INCREMENT for table `intro_sections`
--
ALTER TABLE `intro_sections`
  MODIFY `id` bigint(20) UNSIGNED NOT NULL AUTO_INCREMENT, AUTO_INCREMENT=6;

--
-- AUTO_INCREMENT for table `languages`
--
ALTER TABLE `languages`
  MODIFY `id` bigint(20) UNSIGNED NOT NULL AUTO_INCREMENT, AUTO_INCREMENT=9;

--
-- AUTO_INCREMENT for table `mail_templates`
--
ALTER TABLE `mail_templates`
  MODIFY `id` int(11) NOT NULL AUTO_INCREMENT, AUTO_INCREMENT=8;

--
-- AUTO_INCREMENT for table `menus`
--
ALTER TABLE `menus`
  MODIFY `id` bigint(20) UNSIGNED NOT NULL AUTO_INCREMENT, AUTO_INCREMENT=245;

--
-- AUTO_INCREMENT for table `migrations`
--
ALTER TABLE `migrations`
  MODIFY `id` int(10) UNSIGNED NOT NULL AUTO_INCREMENT, AUTO_INCREMENT=28;

--
-- AUTO_INCREMENT for table `offline_gateways`
--
ALTER TABLE `offline_gateways`
  MODIFY `id` bigint(20) UNSIGNED NOT NULL AUTO_INCREMENT, AUTO_INCREMENT=3;

--
-- AUTO_INCREMENT for table `online_gateways`
--
ALTER TABLE `online_gateways`
  MODIFY `id` int(10) UNSIGNED NOT NULL AUTO_INCREMENT, AUTO_INCREMENT=10;

--
-- AUTO_INCREMENT for table `packages`
--
ALTER TABLE `packages`
  MODIFY `id` bigint(20) UNSIGNED NOT NULL AUTO_INCREMENT, AUTO_INCREMENT=24;

--
-- AUTO_INCREMENT for table `package_bookings`
--
ALTER TABLE `package_bookings`
  MODIFY `id` bigint(20) UNSIGNED NOT NULL AUTO_INCREMENT, AUTO_INCREMENT=23;

--
-- AUTO_INCREMENT for table `package_categories`
--
ALTER TABLE `package_categories`
  MODIFY `id` bigint(20) UNSIGNED NOT NULL AUTO_INCREMENT, AUTO_INCREMENT=15;

--
-- AUTO_INCREMENT for table `package_contents`
--
ALTER TABLE `package_contents`
  MODIFY `id` bigint(20) UNSIGNED NOT NULL AUTO_INCREMENT, AUTO_INCREMENT=50;

--
-- AUTO_INCREMENT for table `package_coupons`
--
ALTER TABLE `package_coupons`
  MODIFY `id` bigint(20) UNSIGNED NOT NULL AUTO_INCREMENT, AUTO_INCREMENT=3;

--
-- AUTO_INCREMENT for table `package_locations`
--
ALTER TABLE `package_locations`
  MODIFY `id` bigint(20) UNSIGNED NOT NULL AUTO_INCREMENT, AUTO_INCREMENT=95;

--
-- AUTO_INCREMENT for table `package_plans`
--
ALTER TABLE `package_plans`
  MODIFY `id` bigint(20) UNSIGNED NOT NULL AUTO_INCREMENT, AUTO_INCREMENT=73;

--
-- AUTO_INCREMENT for table `package_reviews`
--
ALTER TABLE `package_reviews`
  MODIFY `id` bigint(20) UNSIGNED NOT NULL AUTO_INCREMENT;

--
-- AUTO_INCREMENT for table `pages`
--
ALTER TABLE `pages`
  MODIFY `id` bigint(20) UNSIGNED NOT NULL AUTO_INCREMENT, AUTO_INCREMENT=24;

--
-- AUTO_INCREMENT for table `page_contents`
--
ALTER TABLE `page_contents`
  MODIFY `id` int(11) NOT NULL AUTO_INCREMENT, AUTO_INCREMENT=32;

--
-- AUTO_INCREMENT for table `page_headings`
--
ALTER TABLE `page_headings`
  MODIFY `id` bigint(20) UNSIGNED NOT NULL AUTO_INCREMENT, AUTO_INCREMENT=5;

--
-- AUTO_INCREMENT for table `popups`
--
ALTER TABLE `popups`
  MODIFY `id` bigint(20) UNSIGNED NOT NULL AUTO_INCREMENT;

--
-- AUTO_INCREMENT for table `push_subscriptions`
--
ALTER TABLE `push_subscriptions`
  MODIFY `id` bigint(20) UNSIGNED NOT NULL AUTO_INCREMENT, AUTO_INCREMENT=8;

--
-- AUTO_INCREMENT for table `qr_codes`
--
ALTER TABLE `qr_codes`
  MODIFY `id` bigint(20) UNSIGNED NOT NULL AUTO_INCREMENT;

--
-- AUTO_INCREMENT for table `roles`
--
ALTER TABLE `roles`
  MODIFY `id` bigint(20) UNSIGNED NOT NULL AUTO_INCREMENT, AUTO_INCREMENT=4;

--
-- AUTO_INCREMENT for table `rooms`
--
ALTER TABLE `rooms`
  MODIFY `id` bigint(20) UNSIGNED NOT NULL AUTO_INCREMENT, AUTO_INCREMENT=44;

--
-- AUTO_INCREMENT for table `room_amenities`
--
ALTER TABLE `room_amenities`
  MODIFY `id` bigint(20) UNSIGNED NOT NULL AUTO_INCREMENT, AUTO_INCREMENT=24;

--
-- AUTO_INCREMENT for table `room_bookings`
--
ALTER TABLE `room_bookings`
  MODIFY `id` bigint(20) UNSIGNED NOT NULL AUTO_INCREMENT, AUTO_INCREMENT=188;

--
-- AUTO_INCREMENT for table `room_categories`
--
ALTER TABLE `room_categories`
  MODIFY `id` bigint(20) UNSIGNED NOT NULL AUTO_INCREMENT, AUTO_INCREMENT=15;

--
-- AUTO_INCREMENT for table `room_contents`
--
ALTER TABLE `room_contents`
  MODIFY `id` bigint(20) UNSIGNED NOT NULL AUTO_INCREMENT, AUTO_INCREMENT=90;

--
-- AUTO_INCREMENT for table `room_coupons`
--
ALTER TABLE `room_coupons`
  MODIFY `id` bigint(20) UNSIGNED NOT NULL AUTO_INCREMENT, AUTO_INCREMENT=2;

--
-- AUTO_INCREMENT for table `room_reviews`
--
ALTER TABLE `room_reviews`
  MODIFY `id` bigint(20) UNSIGNED NOT NULL AUTO_INCREMENT, AUTO_INCREMENT=2;

--
-- AUTO_INCREMENT for table `section_headings`
--
ALTER TABLE `section_headings`
  MODIFY `id` bigint(20) UNSIGNED NOT NULL AUTO_INCREMENT, AUTO_INCREMENT=6;

--
-- AUTO_INCREMENT for table `seos`
--
ALTER TABLE `seos`
  MODIFY `id` bigint(20) UNSIGNED NOT NULL AUTO_INCREMENT;

--
-- AUTO_INCREMENT for table `services`
--
ALTER TABLE `services`
  MODIFY `id` bigint(20) UNSIGNED NOT NULL AUTO_INCREMENT, AUTO_INCREMENT=13;

--
-- AUTO_INCREMENT for table `service_contents`
--
ALTER TABLE `service_contents`
  MODIFY `id` bigint(20) UNSIGNED NOT NULL AUTO_INCREMENT, AUTO_INCREMENT=29;

--
-- AUTO_INCREMENT for table `sitemaps`
--
ALTER TABLE `sitemaps`
  MODIFY `id` bigint(20) UNSIGNED NOT NULL AUTO_INCREMENT;

--
-- AUTO_INCREMENT for table `social_links`
--
ALTER TABLE `social_links`
  MODIFY `id` bigint(20) UNSIGNED NOT NULL AUTO_INCREMENT, AUTO_INCREMENT=5;

--
-- AUTO_INCREMENT for table `subscribers`
--
ALTER TABLE `subscribers`
  MODIFY `id` int(11) NOT NULL AUTO_INCREMENT;

--
-- AUTO_INCREMENT for table `testimonials`
--
ALTER TABLE `testimonials`
  MODIFY `id` bigint(20) UNSIGNED NOT NULL AUTO_INCREMENT, AUTO_INCREMENT=30;

--
-- AUTO_INCREMENT for table `users`
--
ALTER TABLE `users`
  MODIFY `id` bigint(20) UNSIGNED NOT NULL AUTO_INCREMENT, AUTO_INCREMENT=24;

--
-- Constraints for dumped tables
--

--
-- Constraints for table `blog_categories`
--
ALTER TABLE `blog_categories`
  ADD CONSTRAINT `blog_categories_language_id_foreign` FOREIGN KEY (`language_id`) REFERENCES `languages` (`id`);

--
-- Constraints for table `blog_contents`
--
ALTER TABLE `blog_contents`
  ADD CONSTRAINT `blog_contents_blog_category_id_foreign` FOREIGN KEY (`blog_category_id`) REFERENCES `blog_categories` (`id`),
  ADD CONSTRAINT `blog_contents_blog_id_foreign` FOREIGN KEY (`blog_id`) REFERENCES `blogs` (`id`),
  ADD CONSTRAINT `blog_contents_language_id_foreign` FOREIGN KEY (`language_id`) REFERENCES `languages` (`id`);

--
-- Constraints for table `brands`
--
ALTER TABLE `brands`
  ADD CONSTRAINT `brands_language_id_foreign` FOREIGN KEY (`language_id`) REFERENCES `languages` (`id`);

--
-- Constraints for table `cookie_alerts`
--
ALTER TABLE `cookie_alerts`
  ADD CONSTRAINT `cookie_alerts_language_id_foreign` FOREIGN KEY (`language_id`) REFERENCES `languages` (`id`);

--
-- Constraints for table `facilities`
--
ALTER TABLE `facilities`
  ADD CONSTRAINT `facilities_language_id_foreign` FOREIGN KEY (`language_id`) REFERENCES `languages` (`id`);

--
-- Constraints for table `faqs`
--
ALTER TABLE `faqs`
  ADD CONSTRAINT `faqs_language_id_foreign` FOREIGN KEY (`language_id`) REFERENCES `languages` (`id`);

--
-- Constraints for table `footer_quick_links`
--
ALTER TABLE `footer_quick_links`
  ADD CONSTRAINT `footer_quick_links_language_id_foreign` FOREIGN KEY (`language_id`) REFERENCES `languages` (`id`);

--
-- Constraints for table `footer_texts`
--
ALTER TABLE `footer_texts`
  ADD CONSTRAINT `footer_texts_language_id_foreign` FOREIGN KEY (`language_id`) REFERENCES `languages` (`id`);

--
-- Constraints for table `gallery_categories`
--
ALTER TABLE `gallery_categories`
  ADD CONSTRAINT `gallery_categories_language_id_foreign` FOREIGN KEY (`language_id`) REFERENCES `languages` (`id`);

--
-- Constraints for table `gallery_images`
--
ALTER TABLE `gallery_images`
  ADD CONSTRAINT `gallery_images_gallery_category_id_foreign` FOREIGN KEY (`gallery_category_id`) REFERENCES `gallery_categories` (`id`),
  ADD CONSTRAINT `gallery_images_language_id_foreign` FOREIGN KEY (`language_id`) REFERENCES `languages` (`id`);

--
-- Constraints for table `hero_sliders`
--
ALTER TABLE `hero_sliders`
  ADD CONSTRAINT `hero_sliders_language_id_foreign` FOREIGN KEY (`language_id`) REFERENCES `languages` (`id`);

--
-- Constraints for table `hero_statics`
--
ALTER TABLE `hero_statics`
  ADD CONSTRAINT `hero_statics_language_id_foreign` FOREIGN KEY (`language_id`) REFERENCES `languages` (`id`);

--
-- Constraints for table `intro_count_infos`
--
ALTER TABLE `intro_count_infos`
  ADD CONSTRAINT `intro_count_infos_language_id_foreign` FOREIGN KEY (`language_id`) REFERENCES `languages` (`id`);

--
-- Constraints for table `intro_sections`
--
ALTER TABLE `intro_sections`
  ADD CONSTRAINT `intro_sections_language_id_foreign` FOREIGN KEY (`language_id`) REFERENCES `languages` (`id`);

--
-- Constraints for table `package_bookings`
--
ALTER TABLE `package_bookings`
  ADD CONSTRAINT `package_bookings_package_id_foreign` FOREIGN KEY (`package_id`) REFERENCES `packages` (`id`) ON DELETE CASCADE,
  ADD CONSTRAINT `package_bookings_user_id_foreign` FOREIGN KEY (`user_id`) REFERENCES `users` (`id`) ON DELETE CASCADE;

--
-- Constraints for table `package_categories`
--
ALTER TABLE `package_categories`
  ADD CONSTRAINT `package_categories_language_id_foreign` FOREIGN KEY (`language_id`) REFERENCES `languages` (`id`);

--
-- Constraints for table `package_contents`
--
ALTER TABLE `package_contents`
  ADD CONSTRAINT `package_contents_language_id_foreign` FOREIGN KEY (`language_id`) REFERENCES `languages` (`id`),
  ADD CONSTRAINT `package_contents_package_category_id_foreign` FOREIGN KEY (`package_category_id`) REFERENCES `package_categories` (`id`),
  ADD CONSTRAINT `package_contents_package_id_foreign` FOREIGN KEY (`package_id`) REFERENCES `packages` (`id`);

--
-- Constraints for table `package_locations`
--
ALTER TABLE `package_locations`
  ADD CONSTRAINT `package_locations_language_id_foreign` FOREIGN KEY (`language_id`) REFERENCES `languages` (`id`),
  ADD CONSTRAINT `package_locations_package_id_foreign` FOREIGN KEY (`package_id`) REFERENCES `packages` (`id`);

--
-- Constraints for table `package_plans`
--
ALTER TABLE `package_plans`
  ADD CONSTRAINT `package_plans_language_id_foreign` FOREIGN KEY (`language_id`) REFERENCES `languages` (`id`),
  ADD CONSTRAINT `package_plans_package_id_foreign` FOREIGN KEY (`package_id`) REFERENCES `packages` (`id`);

--
-- Constraints for table `package_reviews`
--
ALTER TABLE `package_reviews`
  ADD CONSTRAINT `package_reviews_package_id_foreign` FOREIGN KEY (`package_id`) REFERENCES `packages` (`id`) ON DELETE CASCADE,
  ADD CONSTRAINT `package_reviews_user_id_foreign` FOREIGN KEY (`user_id`) REFERENCES `users` (`id`) ON DELETE CASCADE;

--
-- Constraints for table `page_headings`
--
ALTER TABLE `page_headings`
  ADD CONSTRAINT `page_headings_language_id_foreign` FOREIGN KEY (`language_id`) REFERENCES `languages` (`id`);

--
-- Constraints for table `room_amenities`
--
ALTER TABLE `room_amenities`
  ADD CONSTRAINT `room_amenities_language_id_foreign` FOREIGN KEY (`language_id`) REFERENCES `languages` (`id`);

--
-- Constraints for table `room_bookings`
--
ALTER TABLE `room_bookings`
  ADD CONSTRAINT `room_bookings_room_id_foreign` FOREIGN KEY (`room_id`) REFERENCES `rooms` (`id`) ON DELETE CASCADE,
  ADD CONSTRAINT `room_bookings_user_id_foreign` FOREIGN KEY (`user_id`) REFERENCES `users` (`id`) ON DELETE CASCADE;

--
-- Constraints for table `room_categories`
--
ALTER TABLE `room_categories`
  ADD CONSTRAINT `room_categories_language_id_foreign` FOREIGN KEY (`language_id`) REFERENCES `languages` (`id`);

--
-- Constraints for table `room_contents`
--
ALTER TABLE `room_contents`
  ADD CONSTRAINT `room_contents_language_id_foreign` FOREIGN KEY (`language_id`) REFERENCES `languages` (`id`),
  ADD CONSTRAINT `room_contents_room_category_id_foreign` FOREIGN KEY (`room_category_id`) REFERENCES `room_categories` (`id`),
  ADD CONSTRAINT `room_contents_room_id_foreign` FOREIGN KEY (`room_id`) REFERENCES `rooms` (`id`);

--
-- Constraints for table `room_reviews`
--
ALTER TABLE `room_reviews`
  ADD CONSTRAINT `room_reviews_room_id_foreign` FOREIGN KEY (`room_id`) REFERENCES `rooms` (`id`) ON DELETE CASCADE,
  ADD CONSTRAINT `room_reviews_user_id_foreign` FOREIGN KEY (`user_id`) REFERENCES `users` (`id`) ON DELETE CASCADE;

--
-- Constraints for table `section_headings`
--
ALTER TABLE `section_headings`
  ADD CONSTRAINT `section_headings_language_id_foreign` FOREIGN KEY (`language_id`) REFERENCES `languages` (`id`);

--
-- Constraints for table `seos`
--
ALTER TABLE `seos`
  ADD CONSTRAINT `seos_language_id_foreign` FOREIGN KEY (`language_id`) REFERENCES `languages` (`id`);

--
-- Constraints for table `service_contents`
--
ALTER TABLE `service_contents`
  ADD CONSTRAINT `service_contents_language_id_foreign` FOREIGN KEY (`language_id`) REFERENCES `languages` (`id`),
  ADD CONSTRAINT `service_contents_service_id_foreign` FOREIGN KEY (`service_id`) REFERENCES `services` (`id`);

--
-- Constraints for table `testimonials`
--
ALTER TABLE `testimonials`
  ADD CONSTRAINT `testimonials_language_id_foreign` FOREIGN KEY (`language_id`) REFERENCES `languages` (`id`);
COMMIT;

/*!40101 SET CHARACTER_SET_CLIENT=@OLD_CHARACTER_SET_CLIENT */;
/*!40101 SET CHARACTER_SET_RESULTS=@OLD_CHARACTER_SET_RESULTS */;
/*!40101 SET COLLATION_CONNECTION=@OLD_COLLATION_CONNECTION */;
